0 verbose cli /Users/chanhojung/.nvm/versions/node/v24.13.0/bin/node /Users/chanhojung/.nvm/versions/node/v24.13.0/bin/npm
1 info using npm@11.6.2
2 info using node@v24.13.0
3 silly config load:file:/Users/chanhojung/.nvm/versions/node/v24.13.0/lib/node_modules/npm/npmrc
4 silly config load:file:/Users/chanhojung/ETF_One/dashboard/.npmrc
5 silly config load:file:/Users/chanhojung/.npmrc
6 silly config load:file:/Users/chanhojung/.nvm/versions/node/v24.13.0/etc/npmrc
7 verbose title npm install
8 verbose argv "install" "--cache" "./npm-local-cache" "--legacy-peer-deps"
9 verbose logfile logs-max:10 dir:/Users/chanhojung/ETF_One/dashboard/npm-local-cache/_logs/2026-02-24T07_53_47_647Z-
10 verbose logfile /Users/chanhojung/ETF_One/dashboard/npm-local-cache/_logs/2026-02-24T07_53_47_647Z-debug-0.log
11 silly logfile done cleaning log files
12 silly packumentCache heap:4496293888 maxSize:1124073472 maxEntrySize:562036736
13 verbose shrinkwrap failed to load node_modules/.package-lock.json EPERM: operation not permitted, stat '/Users/chanhojung/ETF_One/dashboard/node_modules'
14 silly idealTree buildDeps
15 silly reify moves {}
16 silly audit bulk request {
16 silly audit   '@alloc/quick-lru': [ '5.2.0' ],
16 silly audit   '@babel/runtime': [ '7.28.6' ],
16 silly audit   '@babel/runtime-corejs3': [ '7.29.0' ],
16 silly audit   '@emnapi/core': [ '1.8.1' ],
16 silly audit   '@emnapi/runtime': [ '1.8.1' ],
16 silly audit   '@emnapi/wasi-threads': [ '1.1.0' ],
16 silly audit   '@eslint-community/eslint-utils': [ '4.9.1' ],
16 silly audit   'eslint-visitor-keys': [ '3.4.3', '2.1.0', '5.0.1' ],
16 silly audit   '@eslint-community/regexpp': [ '4.12.2' ],
16 silly audit   '@eslint/config-array': [ '0.23.2' ],
16 silly audit   '@eslint/config-helpers': [ '0.5.2' ],
16 silly audit   '@eslint/core': [ '1.1.0' ],
16 silly audit   '@eslint/object-schema': [ '3.0.2' ],
16 silly audit   '@eslint/plugin-kit': [ '0.6.0' ],
16 silly audit   '@humanfs/core': [ '0.19.1' ],
16 silly audit   '@humanfs/node': [ '0.16.7' ],
16 silly audit   '@humanwhocodes/module-importer': [ '1.0.1' ],
16 silly audit   '@humanwhocodes/retry': [ '0.4.3' ],
16 silly audit   '@img/colour': [ '1.0.0' ],
16 silly audit   '@img/sharp-darwin-arm64': [ '0.34.5' ],
16 silly audit   '@img/sharp-darwin-x64': [ '0.34.5' ],
16 silly audit   '@img/sharp-libvips-darwin-arm64': [ '1.2.4' ],
16 silly audit   '@img/sharp-libvips-darwin-x64': [ '1.2.4' ],
16 silly audit   '@img/sharp-libvips-linux-arm': [ '1.2.4' ],
16 silly audit   '@img/sharp-libvips-linux-arm64': [ '1.2.4' ],
16 silly audit   '@img/sharp-libvips-linux-ppc64': [ '1.2.4' ],
16 silly audit   '@img/sharp-libvips-linux-riscv64': [ '1.2.4' ],
16 silly audit   '@img/sharp-libvips-linux-s390x': [ '1.2.4' ],
16 silly audit   '@img/sharp-libvips-linux-x64': [ '1.2.4' ],
16 silly audit   '@img/sharp-libvips-linuxmusl-arm64': [ '1.2.4' ],
16 silly audit   '@img/sharp-libvips-linuxmusl-x64': [ '1.2.4' ],
16 silly audit   '@img/sharp-linux-arm': [ '0.34.5' ],
16 silly audit   '@img/sharp-linux-arm64': [ '0.34.5' ],
16 silly audit   '@img/sharp-linux-ppc64': [ '0.34.5' ],
16 silly audit   '@img/sharp-linux-riscv64': [ '0.34.5' ],
16 silly audit   '@img/sharp-linux-s390x': [ '0.34.5' ],
16 silly audit   '@img/sharp-linux-x64': [ '0.34.5' ],
16 silly audit   '@img/sharp-linuxmusl-arm64': [ '0.34.5' ],
16 silly audit   '@img/sharp-linuxmusl-x64': [ '0.34.5' ],
16 silly audit   '@img/sharp-wasm32': [ '0.34.5' ],
16 silly audit   '@img/sharp-win32-arm64': [ '0.34.5' ],
16 silly audit   '@img/sharp-win32-ia32': [ '0.34.5' ],
16 silly audit   '@img/sharp-win32-x64': [ '0.34.5' ],
16 silly audit   '@jridgewell/gen-mapping': [ '0.3.13' ],
16 silly audit   '@jridgewell/remapping': [ '2.3.5' ],
16 silly audit   '@jridgewell/resolve-uri': [ '3.1.2' ],
16 silly audit   '@jridgewell/sourcemap-codec': [ '1.5.5' ],
16 silly audit   '@jridgewell/trace-mapping': [ '0.3.31' ],
16 silly audit   '@napi-rs/wasm-runtime': [ '0.2.12' ],
16 silly audit   '@next/env': [ '16.1.6' ],
16 silly audit   '@next/eslint-plugin-next': [ '12.0.4' ],
16 silly audit   '@next/swc-darwin-arm64': [ '16.1.6' ],
16 silly audit   '@next/swc-darwin-x64': [ '16.1.6' ],
16 silly audit   '@next/swc-linux-arm64-gnu': [ '16.1.6' ],
16 silly audit   '@next/swc-linux-arm64-musl': [ '16.1.6' ],
16 silly audit   '@next/swc-linux-x64-gnu': [ '16.1.6' ],
16 silly audit   '@next/swc-linux-x64-musl': [ '16.1.6' ],
16 silly audit   '@next/swc-win32-arm64-msvc': [ '16.1.6' ],
16 silly audit   '@next/swc-win32-x64-msvc': [ '16.1.6' ],
16 silly audit   '@nodelib/fs.scandir': [ '2.1.5' ],
16 silly audit   '@nodelib/fs.stat': [ '2.0.5' ],
16 silly audit   '@nodelib/fs.walk': [ '1.2.8' ],
16 silly audit   '@rtsao/scc': [ '1.1.0' ],
16 silly audit   '@rushstack/eslint-patch': [ '1.16.1' ],
16 silly audit   '@swc/helpers': [ '0.5.15' ],
16 silly audit   '@tailwindcss/node': [ '4.2.0' ],
16 silly audit   '@tailwindcss/oxide': [ '4.2.0' ],
16 silly audit   '@tailwindcss/oxide-android-arm64': [ '4.2.0' ],
16 silly audit   '@tailwindcss/oxide-darwin-arm64': [ '4.2.0' ],
16 silly audit   '@tailwindcss/oxide-darwin-x64': [ '4.2.0' ],
16 silly audit   '@tailwindcss/oxide-freebsd-x64': [ '4.2.0' ],
16 silly audit   '@tailwindcss/oxide-linux-arm-gnueabihf': [ '4.2.0' ],
16 silly audit   '@tailwindcss/oxide-linux-arm64-gnu': [ '4.2.0' ],
16 silly audit   '@tailwindcss/oxide-linux-arm64-musl': [ '4.2.0' ],
16 silly audit   '@tailwindcss/oxide-linux-x64-gnu': [ '4.2.0' ],
16 silly audit   '@tailwindcss/oxide-linux-x64-musl': [ '4.2.0' ],
16 silly audit   '@tailwindcss/oxide-wasm32-wasi': [ '4.2.0' ],
16 silly audit   '@tailwindcss/oxide-win32-arm64-msvc': [ '4.2.0' ],
16 silly audit   '@tailwindcss/oxide-win32-x64-msvc': [ '4.2.0' ],
16 silly audit   '@tailwindcss/postcss': [ '4.2.0' ],
16 silly audit   '@tybys/wasm-util': [ '0.10.1' ],
16 silly audit   '@types/d3-array': [ '3.2.2' ],
16 silly audit   '@types/d3-color': [ '3.1.3' ],
16 silly audit   '@types/d3-ease': [ '3.0.2' ],
16 silly audit   '@types/d3-interpolate': [ '3.0.4' ],
16 silly audit   '@types/d3-path': [ '3.1.1' ],
16 silly audit   '@types/d3-scale': [ '4.0.9' ],
16 silly audit   '@types/d3-shape': [ '3.1.8' ],
16 silly audit   '@types/d3-time': [ '3.0.4' ],
16 silly audit   '@types/d3-timer': [ '3.0.2' ],
16 silly audit   '@types/esrecurse': [ '4.3.1' ],
16 silly audit   '@types/estree': [ '1.0.8' ],
16 silly audit   '@types/json-schema': [ '7.0.15' ],
16 silly audit   '@types/json5': [ '0.0.29' ],
16 silly audit   '@types/node': [ '20.19.33' ],
16 silly audit   '@types/react': [ '19.2.14' ],
16 silly audit   '@types/react-dom': [ '19.2.3' ],
16 silly audit   '@typescript-eslint/scope-manager': [ '4.33.0' ],
16 silly audit   '@typescript-eslint/types': [ '4.33.0' ],
16 silly audit   '@typescript-eslint/typescript-estree': [ '4.33.0' ],
16 silly audit   semver: [ '7.7.4', '6.3.1' ],
16 silly audit   '@typescript-eslint/visitor-keys': [ '4.33.0' ],
16 silly audit   acorn: [ '8.16.0' ],
16 silly audit   'acorn-jsx': [ '5.3.2' ],
16 silly audit   ajv: [ '6.14.0' ],
16 silly audit   'aria-query': [ '4.2.2' ],
16 silly audit   'array-buffer-byte-length': [ '1.0.2' ],
16 silly audit   'array-includes': [ '3.1.9' ],
16 silly audit   'array-union': [ '2.1.0' ],
16 silly audit   'array.prototype.findlast': [ '1.2.5' ],
16 silly audit   'array.prototype.findlastindex': [ '1.2.6' ],
16 silly audit   'array.prototype.flat': [ '1.3.3' ],
16 silly audit   'array.prototype.flatmap': [ '1.3.3' ],
16 silly audit   'array.prototype.tosorted': [ '1.1.4' ],
16 silly audit   'arraybuffer.prototype.slice': [ '1.0.4' ],
16 silly audit   'ast-types-flow': [ '0.0.7' ],
16 silly audit   'async-function': [ '1.0.0' ],
16 silly audit   'available-typed-arrays': [ '1.0.7' ],
16 silly audit   'axe-core': [ '4.11.1' ],
16 silly audit   'axobject-query': [ '2.2.0' ],
16 silly audit   'balanced-match': [ '4.0.4', '1.0.2' ],
16 silly audit   'baseline-browser-mapping': [ '2.10.0' ],
16 silly audit   'brace-expansion': [ '5.0.3', '1.1.12' ],
16 silly audit   braces: [ '3.0.3' ],
16 silly audit   'call-bind': [ '1.0.8' ],
16 silly audit   'call-bind-apply-helpers': [ '1.0.2' ],
16 silly audit   'call-bound': [ '1.0.4' ],
16 silly audit   'caniuse-lite': [ '1.0.30001772' ],
16 silly audit   'client-only': [ '0.0.1' ],
16 silly audit   clsx: [ '2.1.1' ],
16 silly audit   'concat-map': [ '0.0.1' ],
16 silly audit   'core-js-pure': [ '3.48.0' ],
16 silly audit   'cross-spawn': [ '7.0.6' ],
16 silly audit   csstype: [ '3.2.3' ],
16 silly audit   'd3-array': [ '3.2.4' ],
16 silly audit   'd3-color': [ '3.1.0' ],
16 silly audit   'd3-ease': [ '3.0.1' ],
16 silly audit   'd3-format': [ '3.1.2' ],
16 silly audit   'd3-interpolate': [ '3.0.1' ],
16 silly audit   'd3-path': [ '3.1.0' ],
16 silly audit   'd3-scale': [ '4.0.2' ],
16 silly audit   'd3-shape': [ '3.2.0' ],
16 silly audit   'd3-time': [ '3.1.0' ],
16 silly audit   'd3-time-format': [ '4.1.0' ],
16 silly audit   'd3-timer': [ '3.0.1' ],
16 silly audit   'damerau-levenshtein': [ '1.0.8' ],
16 silly audit   'data-view-buffer': [ '1.0.2' ],
16 silly audit   'data-view-byte-length': [ '1.0.2' ],
16 silly audit   'data-view-byte-offset': [ '1.0.1' ],
16 silly audit   debug: [ '4.4.3', '3.2.7' ],
16 silly audit   'decimal.js-light': [ '2.5.1' ],
16 silly audit   'deep-is': [ '0.1.4' ],
16 silly audit   'define-data-property': [ '1.1.4' ],
16 silly audit   'define-properties': [ '1.2.1' ],
16 silly audit   'detect-libc': [ '2.1.2' ],
16 silly audit   'dir-glob': [ '3.0.1' ],
16 silly audit   doctrine: [ '2.1.0' ],
16 silly audit   'dom-helpers': [ '5.2.1' ],
16 silly audit   'dunder-proto': [ '1.0.1' ],
16 silly audit   'emoji-regex': [ '9.2.2' ],
16 silly audit   'enhanced-resolve': [ '5.19.0' ],
16 silly audit   'es-abstract': [ '1.24.1' ],
16 silly audit   'es-define-property': [ '1.0.1' ],
16 silly audit   'es-errors': [ '1.3.0' ],
16 silly audit   'es-iterator-helpers': [ '1.2.2' ],
16 silly audit   'es-object-atoms': [ '1.1.1' ],
16 silly audit   'es-set-tostringtag': [ '2.1.0' ],
16 silly audit   'es-shim-unscopables': [ '1.1.0' ],
16 silly audit   'es-to-primitive': [ '1.3.0' ],
16 silly audit   'escape-string-regexp': [ '4.0.0' ],
16 silly audit   eslint: [ '10.0.2' ],
16 silly audit   'eslint-config-next': [ '12.0.4' ],
16 silly audit   '@typescript-eslint/parser': [ '4.33.0' ],
16 silly audit   'eslint-import-resolver-typescript': [ '2.7.1' ],
16 silly audit   'eslint-plugin-import': [ '2.32.0' ],
16 silly audit   'eslint-plugin-jsx-a11y': [ '6.4.1' ],
16 silly audit   'eslint-plugin-react': [ '7.37.5' ],
16 silly audit   'eslint-plugin-react-hooks': [ '4.6.2' ],
16 silly audit   resolve: [ '2.0.0-next.6', '1.22.11' ],
16 silly audit   glob: [ '7.2.3', '7.1.7' ],
16 silly audit   minimatch: [ '3.1.3', '10.2.2' ],
16 silly audit   'eslint-import-resolver-node': [ '0.3.9' ],
16 silly audit   'eslint-module-utils': [ '2.12.1' ],
16 silly audit   'eslint-scope': [ '9.1.1' ],
16 silly audit   espree: [ '11.1.1' ],
16 silly audit   esquery: [ '1.7.0' ],
16 silly audit   esrecurse: [ '4.3.0' ],
16 silly audit   estraverse: [ '5.3.0' ],
16 silly audit   esutils: [ '2.0.3' ],
16 silly audit   eventemitter3: [ '4.0.7' ],
16 silly audit   'fast-deep-equal': [ '3.1.3' ],
16 silly audit   'fast-equals': [ '5.4.0' ],
16 silly audit   'fast-glob': [ '3.3.3' ],
16 silly audit   'glob-parent': [ '5.1.2', '6.0.2' ],
16 silly audit   'fast-json-stable-stringify': [ '2.1.0' ],
16 silly audit   'fast-levenshtein': [ '2.0.6' ],
16 silly audit   fastq: [ '1.20.1' ],
16 silly audit   'file-entry-cache': [ '8.0.0' ],
16 silly audit   'fill-range': [ '7.1.1' ],
16 silly audit   'find-up': [ '5.0.0' ],
16 silly audit   'flat-cache': [ '4.0.1' ],
16 silly audit   flatted: [ '3.3.3' ],
16 silly audit   'for-each': [ '0.3.5' ],
16 silly audit   'fs.realpath': [ '1.0.0' ],
16 silly audit   'function-bind': [ '1.1.2' ],
16 silly audit   'function.prototype.name': [ '1.1.8' ],
16 silly audit   'functions-have-names': [ '1.2.3' ],
16 silly audit   'generator-function': [ '2.0.1' ],
16 silly audit   'get-intrinsic': [ '1.3.0' ],
16 silly audit   'get-proto': [ '1.0.1' ],
16 silly audit   'get-symbol-description': [ '1.1.0' ],
16 silly audit   globalthis: [ '1.0.4' ],
16 silly audit   globby: [ '11.1.0' ],
16 silly audit   gopd: [ '1.2.0' ],
16 silly audit   'graceful-fs': [ '4.2.11' ],
16 silly audit   has: [ '1.0.4' ],
16 silly audit   'has-bigints': [ '1.1.0' ],
16 silly audit   'has-property-descriptors': [ '1.0.2' ],
16 silly audit   'has-proto': [ '1.2.0' ],
16 silly audit   'has-symbols': [ '1.1.0' ],
16 silly audit   'has-tostringtag': [ '1.0.2' ],
16 silly audit   hasown: [ '2.0.2' ],
16 silly audit   ignore: [ '5.3.2' ],
16 silly audit   imurmurhash: [ '0.1.4' ],
16 silly audit   inflight: [ '1.0.6' ],
16 silly audit   inherits: [ '2.0.4' ],
16 silly audit   'internal-slot': [ '1.1.0' ],
16 silly audit   internmap: [ '2.0.3' ],
16 silly audit   'is-array-buffer': [ '3.0.5' ],
16 silly audit   'is-async-function': [ '2.1.1' ],
16 silly audit   'is-bigint': [ '1.1.0' ],
16 silly audit   'is-boolean-object': [ '1.2.2' ],
16 silly audit   'is-callable': [ '1.2.7' ],
16 silly audit   'is-core-module': [ '2.16.1' ],
16 silly audit   'is-data-view': [ '1.0.2' ],
16 silly audit   'is-date-object': [ '1.1.0' ],
16 silly audit   'is-extglob': [ '2.1.1' ],
16 silly audit   'is-finalizationregistry': [ '1.1.1' ],
16 silly audit   'is-generator-function': [ '1.1.2' ],
16 silly audit   'is-glob': [ '4.0.3' ],
16 silly audit   'is-map': [ '2.0.3' ],
16 silly audit   'is-negative-zero': [ '2.0.3' ],
16 silly audit   'is-number': [ '7.0.0' ],
16 silly audit   'is-number-object': [ '1.1.1' ],
16 silly audit   'is-regex': [ '1.2.1' ],
16 silly audit   'is-set': [ '2.0.3' ],
16 silly audit   'is-shared-array-buffer': [ '1.0.4' ],
16 silly audit   'is-string': [ '1.1.1' ],
16 silly audit   'is-symbol': [ '1.1.1' ],
16 silly audit   'is-typed-array': [ '1.1.15' ],
16 silly audit   'is-weakmap': [ '2.0.2' ],
16 silly audit   'is-weakref': [ '1.1.1' ],
16 silly audit   'is-weakset': [ '2.0.4' ],
16 silly audit   isarray: [ '2.0.5' ],
16 silly audit   isexe: [ '2.0.0' ],
16 silly audit   'iterator.prototype': [ '1.1.5' ],
16 silly audit   jiti: [ '2.6.1' ],
16 silly audit   'js-tokens': [ '4.0.0' ],
16 silly audit   'json-buffer': [ '3.0.1' ],
16 silly audit   'json-schema-traverse': [ '0.4.1' ],
16 silly audit   'json-stable-stringify-without-jsonify': [ '1.0.1' ],
16 silly audit   json5: [ '1.0.2' ],
16 silly audit   'jsx-ast-utils': [ '3.3.5' ],
16 silly audit   keyv: [ '4.5.4' ],
16 silly audit   'language-subtag-registry': [ '0.3.23' ],
16 silly audit   'language-tags': [ '1.0.9' ],
16 silly audit   levn: [ '0.4.1' ],
16 silly audit   lightningcss: [ '1.31.1' ],
16 silly audit   'lightningcss-android-arm64': [ '1.31.1' ],
16 silly audit   'lightningcss-darwin-arm64': [ '1.31.1' ],
16 silly audit   'lightningcss-darwin-x64': [ '1.31.1' ],
16 silly audit   'lightningcss-freebsd-x64': [ '1.31.1' ],
16 silly audit   'lightningcss-linux-arm-gnueabihf': [ '1.31.1' ],
16 silly audit   'lightningcss-linux-arm64-gnu': [ '1.31.1' ],
16 silly audit   'lightningcss-linux-arm64-musl': [ '1.31.1' ],
16 silly audit   'lightningcss-linux-x64-gnu': [ '1.31.1' ],
16 silly audit   'lightningcss-linux-x64-musl': [ '1.31.1' ],
16 silly audit   'lightningcss-win32-arm64-msvc': [ '1.31.1' ],
16 silly audit   'lightningcss-win32-x64-msvc': [ '1.31.1' ],
16 silly audit   'locate-path': [ '6.0.0' ],
16 silly audit   lodash: [ '4.17.23' ],
16 silly audit   'loose-envify': [ '1.4.0' ],
16 silly audit   'lucide-react': [ '0.475.0' ],
16 silly audit   'magic-string': [ '0.30.21' ],
16 silly audit   'math-intrinsics': [ '1.1.0' ],
16 silly audit   merge2: [ '1.4.1' ],
16 silly audit   micromatch: [ '4.0.8' ],
16 silly audit   minimist: [ '1.2.8' ],
16 silly audit   ms: [ '2.1.3' ],
16 silly audit   nanoid: [ '3.3.11' ],
16 silly audit   'natural-compare': [ '1.4.0' ],
16 silly audit   next: [ '16.1.6' ],
16 silly audit   postcss: [ '8.4.31', '8.5.6' ],
16 silly audit   'node-exports-info': [ '1.6.0' ],
16 silly audit   'object-assign': [ '4.1.1' ],
16 silly audit   'object-inspect': [ '1.13.4' ],
16 silly audit   'object-keys': [ '1.1.1' ],
16 silly audit   'object.assign': [ '4.1.7' ],
16 silly audit   'object.entries': [ '1.1.9' ],
16 silly audit   'object.fromentries': [ '2.0.8' ],
16 silly audit   'object.groupby': [ '1.0.3' ],
16 silly audit   'object.values': [ '1.2.1' ],
16 silly audit   once: [ '1.4.0' ],
16 silly audit   optionator: [ '0.9.4' ],
16 silly audit   'own-keys': [ '1.0.1' ],
16 silly audit   'p-limit': [ '3.1.0' ],
16 silly audit   'p-locate': [ '5.0.0' ],
16 silly audit   'path-exists': [ '4.0.0' ],
16 silly audit   'path-is-absolute': [ '1.0.1' ],
16 silly audit   'path-key': [ '3.1.1' ],
16 silly audit   'path-parse': [ '1.0.7' ],
16 silly audit   'path-type': [ '4.0.0' ],
16 silly audit   picocolors: [ '1.1.1' ],
16 silly audit   picomatch: [ '2.3.1' ],
16 silly audit   'possible-typed-array-names': [ '1.1.0' ],
16 silly audit   'prelude-ls': [ '1.2.1' ],
16 silly audit   'prop-types': [ '15.8.1' ],
16 silly audit   punycode: [ '2.3.1' ],
16 silly audit   'queue-microtask': [ '1.2.3' ],
16 silly audit   react: [ '19.2.3' ],
16 silly audit   'react-dom': [ '19.2.3' ],
16 silly audit   'react-is': [ '16.13.1', '18.3.1' ],
16 silly audit   'react-smooth': [ '4.0.4' ],
16 silly audit   'react-transition-group': [ '4.4.5' ],
16 silly audit   recharts: [ '2.15.4' ],
16 silly audit   'recharts-scale': [ '0.4.5' ],
16 silly audit   'reflect.getprototypeof': [ '1.0.10' ],
16 silly audit   'regexp.prototype.flags': [ '1.5.4' ],
16 silly audit   reusify: [ '1.1.0' ],
16 silly audit   'run-parallel': [ '1.2.0' ],
16 silly audit   'safe-array-concat': [ '1.1.3' ],
16 silly audit   'safe-push-apply': [ '1.0.0' ],
16 silly audit   'safe-regex-test': [ '1.1.0' ],
16 silly audit   scheduler: [ '0.27.0' ],
16 silly audit   'set-function-length': [ '1.2.2' ],
16 silly audit   'set-function-name': [ '2.0.2' ],
16 silly audit   'set-proto': [ '1.0.0' ],
16 silly audit   sharp: [ '0.34.5' ],
16 silly audit   'shebang-command': [ '2.0.0' ],
16 silly audit   'shebang-regex': [ '3.0.0' ],
16 silly audit   'side-channel': [ '1.1.0' ],
16 silly audit   'side-channel-list': [ '1.0.0' ],
16 silly audit   'side-channel-map': [ '1.0.1' ],
16 silly audit   'side-channel-weakmap': [ '1.0.2' ],
16 silly audit   slash: [ '3.0.0' ],
16 silly audit   'source-map-js': [ '1.2.1' ],
16 silly audit   'stop-iteration-iterator': [ '1.1.0' ],
16 silly audit   'string.prototype.matchall': [ '4.0.12' ],
16 silly audit   'string.prototype.repeat': [ '1.0.0' ],
16 silly audit   'string.prototype.trim': [ '1.2.10' ],
16 silly audit   'string.prototype.trimend': [ '1.0.9' ],
16 silly audit   'string.prototype.trimstart': [ '1.0.8' ],
16 silly audit   'strip-bom': [ '3.0.0' ],
16 silly audit   'styled-jsx': [ '5.1.6' ],
16 silly audit   'supports-preserve-symlinks-flag': [ '1.0.0' ],
16 silly audit   'tailwind-merge': [ '3.5.0' ],
16 silly audit   tailwindcss: [ '4.2.0' ],
16 silly audit   tapable: [ '2.3.0' ],
16 silly audit   'tiny-invariant': [ '1.3.3' ],
16 silly audit   'to-regex-range': [ '5.0.1' ],
16 silly audit   'tsconfig-paths': [ '3.15.0' ],
16 silly audit   tslib: [ '2.8.1', '1.14.1' ],
16 silly audit   tsutils: [ '3.21.0' ],
16 silly audit   'type-check': [ '0.4.0' ],
16 silly audit   'typed-array-buffer': [ '1.0.3' ],
16 silly audit   'typed-array-byte-length': [ '1.0.3' ],
16 silly audit   'typed-array-byte-offset': [ '1.0.4' ],
16 silly audit   'typed-array-length': [ '1.0.7' ],
16 silly audit   typescript: [ '5.9.3' ],
16 silly audit   'unbox-primitive': [ '1.1.0' ],
16 silly audit   'undici-types': [ '6.21.0' ],
16 silly audit   'uri-js': [ '4.4.1' ],
16 silly audit   'victory-vendor': [ '36.9.2' ],
16 silly audit   which: [ '2.0.2' ],
16 silly audit   'which-boxed-primitive': [ '1.1.1' ],
16 silly audit   'which-builtin-type': [ '1.2.1' ],
16 silly audit   'which-collection': [ '1.0.2' ],
16 silly audit   'which-typed-array': [ '1.1.20' ],
16 silly audit   'word-wrap': [ '1.2.5' ],
16 silly audit   wrappy: [ '1.0.2' ],
16 silly audit   'yocto-queue': [ '0.1.0' ]
16 silly audit }
17 http cache wrappy@https://registry.npmjs.org/wrappy/-/wrappy-1.0.2.tgz 1ms (cache hit)
18 silly packumentCache corgi:https://registry.npmjs.org/word-wrap cache-miss
19 silly packumentCache corgi:https://registry.npmjs.org/yocto-queue cache-miss
20 silly packumentCache corgi:https://registry.npmjs.org/undici-types cache-miss
21 http cache to-regex-range@https://registry.npmjs.org/to-regex-range/-/to-regex-range-5.0.1.tgz 0ms (cache hit)
22 http cache strip-bom@https://registry.npmjs.org/strip-bom/-/strip-bom-3.0.0.tgz 0ms (cache hit)
23 http cache slash@https://registry.npmjs.org/slash/-/slash-3.0.0.tgz 0ms (cache hit)
24 silly packumentCache corgi:https://registry.npmjs.org/shebang-command cache-miss
25 silly packumentCache corgi:https://registry.npmjs.org/shebang-regex cache-miss
26 http cache run-parallel@https://registry.npmjs.org/run-parallel/-/run-parallel-1.2.0.tgz 0ms (cache hit)
27 http cache punycode@https://registry.npmjs.org/punycode/-/punycode-2.3.1.tgz 0ms (cache hit)
28 http cache queue-microtask@https://registry.npmjs.org/queue-microtask/-/queue-microtask-1.2.3.tgz 0ms (cache hit)
29 http cache path-is-absolute@https://registry.npmjs.org/path-is-absolute/-/path-is-absolute-1.0.1.tgz 0ms (cache hit)
30 silly packumentCache corgi:https://registry.npmjs.org/picocolors cache-miss
31 silly packumentCache corgi:https://registry.npmjs.org/path-parse cache-miss
32 silly packumentCache corgi:https://registry.npmjs.org/path-key cache-miss
33 http cache once@https://registry.npmjs.org/once/-/once-1.4.0.tgz 0ms (cache hit)
34 silly packumentCache corgi:https://registry.npmjs.org/p-limit cache-miss
35 http cache path-type@https://registry.npmjs.org/path-type/-/path-type-4.0.0.tgz 0ms (cache hit)
36 silly packumentCache corgi:https://registry.npmjs.org/p-locate cache-miss
37 silly packumentCache corgi:https://registry.npmjs.org/path-exists cache-miss
38 silly packumentCache corgi:https://registry.npmjs.org/object-assign cache-miss
39 silly packumentCache corgi:https://registry.npmjs.org/natural-compare cache-miss
40 http cache merge2@https://registry.npmjs.org/merge2/-/merge2-1.4.1.tgz 0ms (cache hit)
41 silly packumentCache corgi:https://registry.npmjs.org/ms cache-miss
42 http cache micromatch@https://registry.npmjs.org/micromatch/-/micromatch-4.0.8.tgz 0ms (cache hit)
43 silly packumentCache corgi:https://registry.npmjs.org/locate-path cache-miss
44 silly packumentCache corgi:https://registry.npmjs.org/lightningcss-darwin-arm64 cache-miss
45 silly packumentCache corgi:https://registry.npmjs.org/js-tokens cache-miss
46 http fetch POST 200 https://registry.npmjs.org/-/npm/v1/security/advisories/bulk 456ms
47 silly audit report {
47 silly audit report   minimatch: [
47 silly audit report     {
47 silly audit report       id: 1113371,
47 silly audit report       url: 'https://github.com/advisories/GHSA-3ppc-4f35-3m26',
47 silly audit report       title: 'minimatch has a ReDoS via repeated wildcards with non-matching literal in pattern',
47 silly audit report       severity: 'high',
47 silly audit report       vulnerable_versions: '<10.2.1',
47 silly audit report       cwe: [Array],
47 silly audit report       cvss: [Object]
47 silly audit report     }
47 silly audit report   ]
47 silly audit report }
48 silly packumentCache corgi:https://registry.npmjs.org/minimatch cache-miss
49 silly packumentCache corgi:https://registry.npmjs.org/isarray cache-miss
50 silly packumentCache corgi:https://registry.npmjs.org/is-glob cache-miss
51 http cache is-number@https://registry.npmjs.org/is-number/-/is-number-7.0.0.tgz 0ms (cache hit)
52 silly packumentCache corgi:https://registry.npmjs.org/is-extglob cache-miss
53 silly packumentCache corgi:https://registry.npmjs.org/imurmurhash cache-miss
54 http cache inherits@https://registry.npmjs.org/inherits/-/inherits-2.0.4.tgz 0ms (cache hit)
55 http cache inflight@https://registry.npmjs.org/inflight/-/inflight-1.0.6.tgz 0ms (cache hit)
56 http cache ignore@https://registry.npmjs.org/ignore/-/ignore-5.3.2.tgz 0ms (cache hit)
57 silly packumentCache corgi:https://registry.npmjs.org/graceful-fs cache-miss
58 http cache globby@https://registry.npmjs.org/globby/-/globby-11.1.0.tgz 0ms (cache hit)
59 silly packumentCache corgi:https://registry.npmjs.org/glob-parent cache-miss
60 http cache glob@https://registry.npmjs.org/glob/-/glob-7.1.7.tgz 0ms (cache hit)
61 http cache fs.realpath@https://registry.npmjs.org/fs.realpath/-/fs.realpath-1.0.0.tgz 0ms (cache hit)
62 silly packumentCache corgi:https://registry.npmjs.org/file-entry-cache cache-miss
63 silly packumentCache corgi:https://registry.npmjs.org/find-up cache-miss
64 http cache fill-range@https://registry.npmjs.org/fill-range/-/fill-range-7.1.1.tgz 0ms (cache hit)
65 silly packumentCache corgi:https://registry.npmjs.org/fast-levenshtein cache-miss
66 silly packumentCache corgi:https://registry.npmjs.org/estraverse cache-miss
67 http cache esrecurse@https://registry.npmjs.org/esrecurse/-/esrecurse-4.3.0.tgz 0ms (cache hit)
68 http cache eslint-module-utils@https://registry.npmjs.org/eslint-module-utils/-/eslint-module-utils-2.12.1.tgz 0ms (cache hit)
69 silly packumentCache corgi:https://registry.npmjs.org/eslint-import-resolver-node cache-miss
70 http cache eslint-config-next@https://registry.npmjs.org/eslint-config-next/-/eslint-config-next-12.0.4.tgz 0ms (cache hit)
71 silly packumentCache corgi:https://registry.npmjs.org/escape-string-regexp cache-miss
72 http cache dir-glob@https://registry.npmjs.org/dir-glob/-/dir-glob-3.0.1.tgz 0ms (cache hit)
73 silly packumentCache corgi:https://registry.npmjs.org/csstype cache-miss
74 silly packumentCache corgi:https://registry.npmjs.org/client-only cache-miss
75 http cache acorn-jsx@https://registry.npmjs.org/acorn-jsx/-/acorn-jsx-5.3.2.tgz 0ms (cache hit)
76 http cache array-union@https://registry.npmjs.org/array-union/-/array-union-2.1.0.tgz 0ms (cache hit)
77 http cache @types/json5@https://registry.npmjs.org/@types/json5/-/json5-0.0.29.tgz 0ms (cache hit)
78 http cache @types/json-schema@https://registry.npmjs.org/@types/json-schema/-/json-schema-7.0.15.tgz 0ms (cache hit)
79 silly packumentCache corgi:https://registry.npmjs.org/@types%2fd3-time cache-miss
80 silly packumentCache corgi:https://registry.npmjs.org/@types%2festree cache-miss
81 silly packumentCache corgi:https://registry.npmjs.org/@types%2fd3-interpolate cache-miss
82 silly packumentCache corgi:https://registry.npmjs.org/@types%2fd3-shape cache-miss
83 silly packumentCache corgi:https://registry.npmjs.org/@types%2fd3-scale cache-miss
84 http cache @types/esrecurse@https://registry.npmjs.org/@types/esrecurse/-/esrecurse-4.3.1.tgz 0ms (cache hit)
85 silly packumentCache corgi:https://registry.npmjs.org/@types%2fd3-path cache-miss
86 silly packumentCache corgi:https://registry.npmjs.org/@types%2fd3-ease cache-miss
87 silly packumentCache corgi:https://registry.npmjs.org/@types%2fd3-timer cache-miss
88 http cache @rtsao/scc@https://registry.npmjs.org/@rtsao/scc/-/scc-1.1.0.tgz 0ms (cache hit)
89 silly packumentCache corgi:https://registry.npmjs.org/@tailwindcss%2foxide cache-miss
90 silly packumentCache corgi:https://registry.npmjs.org/@types%2fd3-array cache-miss
91 silly packumentCache corgi:https://registry.npmjs.org/@types%2fd3-color cache-miss
92 silly packumentCache corgi:https://registry.npmjs.org/@tailwindcss%2foxide-darwin-arm64 cache-miss
93 silly packumentCache corgi:https://registry.npmjs.org/@img%2fcolour cache-miss
94 silly packumentCache corgi:https://registry.npmjs.org/@next%2fswc-darwin-arm64 cache-miss
95 silly packumentCache corgi:https://registry.npmjs.org/@eslint-community%2fregexpp cache-miss
96 silly packumentCache corgi:https://registry.npmjs.org/@alloc%2fquick-lru cache-miss
97 silly packumentCache corgi:https://registry.npmjs.org/@eslint-community%2feslint-utils cache-miss
98 http cache minimatch@https://registry.npmjs.org/minimatch/-/minimatch-3.1.3.tgz 0ms (cache hit)
99 http cache minimatch@https://registry.npmjs.org/minimatch/-/minimatch-3.1.3.tgz 0ms (cache hit)
100 http cache brace-expansion@https://registry.npmjs.org/brace-expansion/-/brace-expansion-1.1.12.tgz 0ms (cache hit)
101 http cache glob-parent@https://registry.npmjs.org/glob-parent/-/glob-parent-5.1.2.tgz 0ms (cache hit)
102 http cache brace-expansion@https://registry.npmjs.org/brace-expansion/-/brace-expansion-1.1.12.tgz 0ms (cache hit)
103 silly tarball no local data for wrappy@https://registry.npmjs.org/wrappy/-/wrappy-1.0.2.tgz. Extracting by manifest.
104 http cache glob@https://registry.npmjs.org/glob/-/glob-7.2.3.tgz 0ms (cache hit)
105 silly tarball no local data for to-regex-range@https://registry.npmjs.org/to-regex-range/-/to-regex-range-5.0.1.tgz. Extracting by manifest.
106 silly tarball no local data for strip-bom@https://registry.npmjs.org/strip-bom/-/strip-bom-3.0.0.tgz. Extracting by manifest.
107 silly tarball no local data for slash@https://registry.npmjs.org/slash/-/slash-3.0.0.tgz. Extracting by manifest.
108 silly tarball no local data for run-parallel@https://registry.npmjs.org/run-parallel/-/run-parallel-1.2.0.tgz. Extracting by manifest.
109 silly tarball no local data for punycode@https://registry.npmjs.org/punycode/-/punycode-2.3.1.tgz. Extracting by manifest.
110 silly tarball no local data for queue-microtask@https://registry.npmjs.org/queue-microtask/-/queue-microtask-1.2.3.tgz. Extracting by manifest.
111 silly tarball no local data for path-is-absolute@https://registry.npmjs.org/path-is-absolute/-/path-is-absolute-1.0.1.tgz. Extracting by manifest.
112 silly tarball no local data for once@https://registry.npmjs.org/once/-/once-1.4.0.tgz. Extracting by manifest.
113 silly tarball no local data for path-type@https://registry.npmjs.org/path-type/-/path-type-4.0.0.tgz. Extracting by manifest.
114 silly tarball no local data for merge2@https://registry.npmjs.org/merge2/-/merge2-1.4.1.tgz. Extracting by manifest.
115 silly tarball no local data for micromatch@https://registry.npmjs.org/micromatch/-/micromatch-4.0.8.tgz. Extracting by manifest.
116 silly packumentCache corgi:https://registry.npmjs.org/loose-envify cache-miss
117 silly tarball no local data for is-number@https://registry.npmjs.org/is-number/-/is-number-7.0.0.tgz. Extracting by manifest.
118 silly tarball no local data for inherits@https://registry.npmjs.org/inherits/-/inherits-2.0.4.tgz. Extracting by manifest.
119 silly tarball no local data for inflight@https://registry.npmjs.org/inflight/-/inflight-1.0.6.tgz. Extracting by manifest.
120 silly tarball no local data for ignore@https://registry.npmjs.org/ignore/-/ignore-5.3.2.tgz. Extracting by manifest.
121 silly tarball no local data for globby@https://registry.npmjs.org/globby/-/globby-11.1.0.tgz. Extracting by manifest.
122 silly tarball no local data for glob@https://registry.npmjs.org/glob/-/glob-7.1.7.tgz. Extracting by manifest.
123 silly tarball no local data for fs.realpath@https://registry.npmjs.org/fs.realpath/-/fs.realpath-1.0.0.tgz. Extracting by manifest.
124 silly tarball no local data for fill-range@https://registry.npmjs.org/fill-range/-/fill-range-7.1.1.tgz. Extracting by manifest.
125 silly tarball no local data for esrecurse@https://registry.npmjs.org/esrecurse/-/esrecurse-4.3.0.tgz. Extracting by manifest.
126 silly tarball no local data for eslint-module-utils@https://registry.npmjs.org/eslint-module-utils/-/eslint-module-utils-2.12.1.tgz. Extracting by manifest.
127 silly tarball no local data for eslint-config-next@https://registry.npmjs.org/eslint-config-next/-/eslint-config-next-12.0.4.tgz. Extracting by manifest.
128 silly tarball no local data for dir-glob@https://registry.npmjs.org/dir-glob/-/dir-glob-3.0.1.tgz. Extracting by manifest.
129 silly tarball no local data for acorn-jsx@https://registry.npmjs.org/acorn-jsx/-/acorn-jsx-5.3.2.tgz. Extracting by manifest.
130 silly tarball no local data for array-union@https://registry.npmjs.org/array-union/-/array-union-2.1.0.tgz. Extracting by manifest.
131 silly tarball no local data for @types/json5@https://registry.npmjs.org/@types/json5/-/json5-0.0.29.tgz. Extracting by manifest.
132 silly tarball no local data for @types/json-schema@https://registry.npmjs.org/@types/json-schema/-/json-schema-7.0.15.tgz. Extracting by manifest.
133 silly tarball no local data for @types/esrecurse@https://registry.npmjs.org/@types/esrecurse/-/esrecurse-4.3.1.tgz. Extracting by manifest.
134 silly tarball no local data for @rtsao/scc@https://registry.npmjs.org/@rtsao/scc/-/scc-1.1.0.tgz. Extracting by manifest.
135 silly tarball no local data for minimatch@https://registry.npmjs.org/minimatch/-/minimatch-3.1.3.tgz. Extracting by manifest.
136 silly tarball no local data for minimatch@https://registry.npmjs.org/minimatch/-/minimatch-3.1.3.tgz. Extracting by manifest.
137 silly tarball no local data for brace-expansion@https://registry.npmjs.org/brace-expansion/-/brace-expansion-1.1.12.tgz. Extracting by manifest.
138 silly tarball no local data for glob-parent@https://registry.npmjs.org/glob-parent/-/glob-parent-5.1.2.tgz. Extracting by manifest.
139 silly tarball no local data for brace-expansion@https://registry.npmjs.org/brace-expansion/-/brace-expansion-1.1.12.tgz. Extracting by manifest.
140 silly tarball no local data for glob@https://registry.npmjs.org/glob/-/glob-7.2.3.tgz. Extracting by manifest.
141 silly packumentCache corgi:https://registry.npmjs.org/which-typed-array cache-miss
142 silly packumentCache corgi:https://registry.npmjs.org/which-builtin-type cache-miss
143 silly packumentCache corgi:https://registry.npmjs.org/which-collection cache-miss
144 silly packumentCache corgi:https://registry.npmjs.org/which-boxed-primitive cache-miss
145 silly packumentCache corgi:https://registry.npmjs.org/unbox-primitive cache-miss
146 silly packumentCache corgi:https://registry.npmjs.org/typed-array-byte-offset cache-miss
147 silly packumentCache corgi:https://registry.npmjs.org/typed-array-length cache-miss
148 silly packumentCache corgi:https://registry.npmjs.org/type-check cache-miss
149 silly packumentCache corgi:https://registry.npmjs.org/typed-array-buffer cache-miss
150 silly packumentCache corgi:https://registry.npmjs.org/typed-array-byte-length cache-miss
151 silly packumentCache corgi:https://registry.npmjs.org/tapable cache-miss
152 silly packumentCache corgi:https://registry.npmjs.org/tslib cache-miss
153 silly packumentCache corgi:https://registry.npmjs.org/string.prototype.trim cache-miss
154 silly packumentCache corgi:https://registry.npmjs.org/string.prototype.trimend cache-miss
155 http cache string.prototype.repeat@https://registry.npmjs.org/string.prototype.repeat/-/string.prototype.repeat-1.0.0.tgz 0ms (cache hit)
156 silly packumentCache corgi:https://registry.npmjs.org/tailwindcss cache-miss
157 silly packumentCache corgi:https://registry.npmjs.org/supports-preserve-symlinks-flag cache-miss
158 http cache string.prototype.matchall@https://registry.npmjs.org/string.prototype.matchall/-/string.prototype.matchall-4.0.12.tgz 0ms (cache hit)
159 silly packumentCache corgi:https://registry.npmjs.org/set-function-length cache-miss
160 silly packumentCache corgi:https://registry.npmjs.org/side-channel-map cache-miss
161 silly packumentCache corgi:https://registry.npmjs.org/string.prototype.trimstart cache-miss
162 silly packumentCache corgi:https://registry.npmjs.org/stop-iteration-iterator cache-miss
163 silly packumentCache corgi:https://registry.npmjs.org/source-map-js cache-miss
164 silly packumentCache corgi:https://registry.npmjs.org/set-proto cache-miss
165 silly packumentCache corgi:https://registry.npmjs.org/side-channel-list cache-miss
166 silly packumentCache corgi:https://registry.npmjs.org/scheduler cache-miss
167 silly packumentCache corgi:https://registry.npmjs.org/safe-regex-test cache-miss
168 silly packumentCache corgi:https://registry.npmjs.org/set-function-name cache-miss
169 silly packumentCache corgi:https://registry.npmjs.org/side-channel cache-miss
170 silly packumentCache corgi:https://registry.npmjs.org/sharp cache-miss
171 silly packumentCache corgi:https://registry.npmjs.org/side-channel-weakmap cache-miss
172 silly packumentCache corgi:https://registry.npmjs.org/safe-push-apply cache-miss
173 silly packumentCache corgi:https://registry.npmjs.org/reflect.getprototypeof cache-miss
174 silly packumentCache corgi:https://registry.npmjs.org/regexp.prototype.flags cache-miss
175 silly packumentCache corgi:https://registry.npmjs.org/react-is cache-miss
176 silly packumentCache corgi:https://registry.npmjs.org/prop-types cache-miss
177 silly packumentCache corgi:https://registry.npmjs.org/react cache-miss
178 silly packumentCache corgi:https://registry.npmjs.org/react-smooth cache-miss
179 silly packumentCache corgi:https://registry.npmjs.org/prelude-ls cache-miss
180 silly packumentCache corgi:https://registry.npmjs.org/react-dom cache-miss
181 silly packumentCache corgi:https://registry.npmjs.org/own-keys cache-miss
182 http cache object.groupby@https://registry.npmjs.org/object.groupby/-/object.groupby-1.0.3.tgz 0ms (cache hit)
183 http cache picomatch@https://registry.npmjs.org/picomatch/-/picomatch-2.3.1.tgz 0ms (cache hit)
184 silly packumentCache corgi:https://registry.npmjs.org/optionator cache-miss
185 silly packumentCache corgi:https://registry.npmjs.org/postcss cache-miss
186 silly packumentCache corgi:https://registry.npmjs.org/possible-typed-array-names cache-miss
187 silly packumentCache corgi:https://registry.npmjs.org/object.values cache-miss
188 http cache object.entries@https://registry.npmjs.org/object.entries/-/object.entries-1.1.9.tgz 0ms (cache hit)
189 silly packumentCache corgi:https://registry.npmjs.org/safe-array-concat cache-miss
190 silly packumentCache corgi:https://registry.npmjs.org/object-keys cache-miss
191 silly packumentCache corgi:https://registry.npmjs.org/object.assign cache-miss
192 silly packumentCache corgi:https://registry.npmjs.org/object.fromentries cache-miss
193 http cache node-exports-info@https://registry.npmjs.org/node-exports-info/-/node-exports-info-1.6.0.tgz 0ms (cache hit)
194 silly packumentCache corgi:https://registry.npmjs.org/magic-string cache-miss
195 http cache minimist@https://registry.npmjs.org/minimist/-/minimist-1.2.8.tgz 0ms (cache hit)
196 silly packumentCache corgi:https://registry.npmjs.org/keyv cache-miss
197 silly packumentCache corgi:https://registry.npmjs.org/math-intrinsics cache-miss
198 silly packumentCache corgi:https://registry.npmjs.org/levn cache-miss
199 silly packumentCache corgi:https://registry.npmjs.org/lightningcss cache-miss
200 http cache language-tags@https://registry.npmjs.org/language-tags/-/language-tags-1.0.9.tgz 0ms (cache hit)
201 silly packumentCache corgi:https://registry.npmjs.org/json-buffer cache-miss
202 silly packumentCache corgi:https://registry.npmjs.org/isexe cache-miss
203 http cache iterator.prototype@https://registry.npmjs.org/iterator.prototype/-/iterator.prototype-1.1.5.tgz 0ms (cache hit)
204 silly packumentCache corgi:https://registry.npmjs.org/is-string cache-miss
205 silly packumentCache corgi:https://registry.npmjs.org/is-weakref cache-miss
206 silly packumentCache corgi:https://registry.npmjs.org/is-set cache-miss
207 silly packumentCache corgi:https://registry.npmjs.org/is-weakset cache-miss
208 silly packumentCache corgi:https://registry.npmjs.org/lodash cache-miss
209 silly packumentCache corgi:https://registry.npmjs.org/is-map cache-miss
210 silly packumentCache corgi:https://registry.npmjs.org/is-shared-array-buffer cache-miss
211 silly packumentCache corgi:https://registry.npmjs.org/is-regex cache-miss
212 silly packumentCache corgi:https://registry.npmjs.org/is-weakmap cache-miss
213 silly packumentCache corgi:https://registry.npmjs.org/json-stable-stringify-without-jsonify cache-miss
214 silly packumentCache corgi:https://registry.npmjs.org/is-symbol cache-miss
215 silly packumentCache corgi:https://registry.npmjs.org/is-core-module cache-miss
216 silly packumentCache corgi:https://registry.npmjs.org/is-number-object cache-miss
217 silly packumentCache corgi:https://registry.npmjs.org/is-array-buffer cache-miss
218 silly packumentCache corgi:https://registry.npmjs.org/is-boolean-object cache-miss
219 silly packumentCache corgi:https://registry.npmjs.org/is-finalizationregistry cache-miss
220 silly packumentCache corgi:https://registry.npmjs.org/is-bigint cache-miss
221 silly packumentCache corgi:https://registry.npmjs.org/is-callable cache-miss
222 silly packumentCache corgi:https://registry.npmjs.org/is-negative-zero cache-miss
223 silly packumentCache corgi:https://registry.npmjs.org/hasown cache-miss
224 silly packumentCache corgi:https://registry.npmjs.org/internmap cache-miss
225 silly packumentCache corgi:https://registry.npmjs.org/is-date-object cache-miss
226 silly packumentCache corgi:https://registry.npmjs.org/internal-slot cache-miss
227 silly packumentCache corgi:https://registry.npmjs.org/is-async-function cache-miss
228 silly packumentCache corgi:https://registry.npmjs.org/is-generator-function cache-miss
229 silly packumentCache corgi:https://registry.npmjs.org/is-data-view cache-miss
230 silly packumentCache corgi:https://registry.npmjs.org/has-property-descriptors cache-miss
231 silly packumentCache corgi:https://registry.npmjs.org/has-bigints cache-miss
232 silly packumentCache corgi:https://registry.npmjs.org/has-proto cache-miss
233 silly packumentCache corgi:https://registry.npmjs.org/get-proto cache-miss
234 http cache has@https://registry.npmjs.org/has/-/has-1.0.4.tgz 0ms (cache hit)
235 silly packumentCache corgi:https://registry.npmjs.org/generator-function cache-miss
236 silly packumentCache corgi:https://registry.npmjs.org/gopd cache-miss
237 silly packumentCache corgi:https://registry.npmjs.org/get-intrinsic cache-miss
238 silly packumentCache corgi:https://registry.npmjs.org/globalthis cache-miss
239 silly packumentCache corgi:https://registry.npmjs.org/function-bind cache-miss
240 silly packumentCache corgi:https://registry.npmjs.org/for-each cache-miss
241 silly packumentCache corgi:https://registry.npmjs.org/functions-have-names cache-miss
242 silly packumentCache corgi:https://registry.npmjs.org/flatted cache-miss
243 silly packumentCache corgi:https://registry.npmjs.org/flat-cache cache-miss
244 silly packumentCache corgi:https://registry.npmjs.org/function.prototype.name cache-miss
245 http cache fastq@https://registry.npmjs.org/fastq/-/fastq-1.20.1.tgz 0ms (cache hit)
246 silly packumentCache corgi:https://registry.npmjs.org/esutils cache-miss
247 http cache fast-deep-equal@https://registry.npmjs.org/fast-deep-equal/-/fast-deep-equal-3.1.3.tgz 0ms (cache hit)
248 http cache fast-json-stable-stringify@https://registry.npmjs.org/fast-json-stable-stringify/-/fast-json-stable-stringify-2.1.0.tgz 0ms (cache hit)
249 http cache eslint-visitor-keys@https://registry.npmjs.org/eslint-visitor-keys/-/eslint-visitor-keys-5.0.1.tgz 0ms (cache hit)
250 http cache espree@https://registry.npmjs.org/espree/-/espree-11.1.1.tgz 0ms (cache hit)
251 silly packumentCache corgi:https://registry.npmjs.org/esquery cache-miss
252 silly packumentCache corgi:https://registry.npmjs.org/es-set-tostringtag cache-miss
253 silly packumentCache corgi:https://registry.npmjs.org/es-object-atoms cache-miss
254 silly packumentCache corgi:https://registry.npmjs.org/eventemitter3 cache-miss
255 silly packumentCache corgi:https://registry.npmjs.org/es-errors cache-miss
256 silly packumentCache corgi:https://registry.npmjs.org/es-define-property cache-miss
257 silly packumentCache corgi:https://registry.npmjs.org/es-to-primitive cache-miss
258 http cache eslint-scope@https://registry.npmjs.org/eslint-scope/-/eslint-scope-9.1.1.tgz 0ms (cache hit)
259 silly packumentCache corgi:https://registry.npmjs.org/es-shim-unscopables cache-miss
260 silly packumentCache corgi:https://registry.npmjs.org/dunder-proto cache-miss
261 silly packumentCache corgi:https://registry.npmjs.org/define-properties cache-miss
262 http cache emoji-regex@https://registry.npmjs.org/emoji-regex/-/emoji-regex-9.2.2.tgz 0ms (cache hit)
263 silly packumentCache corgi:https://registry.npmjs.org/detect-libc cache-miss
264 silly packumentCache corgi:https://registry.npmjs.org/doctrine cache-miss
265 silly packumentCache corgi:https://registry.npmjs.org/is-typed-array cache-miss
266 silly packumentCache corgi:https://registry.npmjs.org/define-data-property cache-miss
267 silly packumentCache corgi:https://registry.npmjs.org/data-view-byte-offset cache-miss
268 silly packumentCache corgi:https://registry.npmjs.org/deep-is cache-miss
269 silly packumentCache corgi:https://registry.npmjs.org/dom-helpers cache-miss
270 silly packumentCache corgi:https://registry.npmjs.org/debug cache-miss
271 silly packumentCache corgi:https://registry.npmjs.org/data-view-byte-length cache-miss
272 silly packumentCache corgi:https://registry.npmjs.org/data-view-buffer cache-miss
273 silly packumentCache corgi:https://registry.npmjs.org/d3-scale cache-miss
274 silly packumentCache corgi:https://registry.npmjs.org/decimal.js-light cache-miss
275 silly packumentCache corgi:https://registry.npmjs.org/d3-timer cache-miss
276 silly packumentCache corgi:https://registry.npmjs.org/d3-path cache-miss
277 http cache damerau-levenshtein@https://registry.npmjs.org/damerau-levenshtein/-/damerau-levenshtein-1.0.8.tgz 0ms (cache hit)
278 silly packumentCache corgi:https://registry.npmjs.org/d3-time-format cache-miss
279 silly packumentCache corgi:https://registry.npmjs.org/d3-color cache-miss
280 silly packumentCache corgi:https://registry.npmjs.org/d3-ease cache-miss
281 silly packumentCache corgi:https://registry.npmjs.org/d3-time cache-miss
282 silly packumentCache corgi:https://registry.npmjs.org/clsx cache-miss
283 silly packumentCache corgi:https://registry.npmjs.org/call-bound cache-miss
284 silly packumentCache corgi:https://registry.npmjs.org/d3-format cache-miss
285 http cache concat-map@https://registry.npmjs.org/concat-map/-/concat-map-0.0.1.tgz 0ms (cache hit)
286 silly packumentCache corgi:https://registry.npmjs.org/call-bind-apply-helpers cache-miss
287 silly packumentCache corgi:https://registry.npmjs.org/call-bind cache-miss
288 http cache braces@https://registry.npmjs.org/braces/-/braces-3.0.3.tgz 0ms (cache hit)
289 silly packumentCache corgi:https://registry.npmjs.org/async-function cache-miss
290 silly packumentCache corgi:https://registry.npmjs.org/available-typed-arrays cache-miss
291 http cache ast-types-flow@https://registry.npmjs.org/ast-types-flow/-/ast-types-flow-0.0.7.tgz 0ms (cache hit)
292 silly packumentCache corgi:https://registry.npmjs.org/array.prototype.flatmap cache-miss
293 silly packumentCache corgi:https://registry.npmjs.org/arraybuffer.prototype.slice cache-miss
294 silly packumentCache corgi:https://registry.npmjs.org/array.prototype.flat cache-miss
295 http cache array.prototype.tosorted@https://registry.npmjs.org/array.prototype.tosorted/-/array.prototype.tosorted-1.1.4.tgz 0ms (cache hit)
296 silly packumentCache corgi:https://registry.npmjs.org/array-includes cache-miss
297 http cache array.prototype.findlast@https://registry.npmjs.org/array.prototype.findlast/-/array.prototype.findlast-1.2.5.tgz 0ms (cache hit)
298 silly packumentCache corgi:https://registry.npmjs.org/array-buffer-byte-length cache-miss
299 http cache axe-core@https://registry.npmjs.org/axe-core/-/axe-core-4.11.1.tgz 0ms (cache hit)
300 http cache array.prototype.findlastindex@https://registry.npmjs.org/array.prototype.findlastindex/-/array.prototype.findlastindex-1.2.6.tgz 0ms (cache hit)
301 http cache @typescript-eslint/types@https://registry.npmjs.org/@typescript-eslint/types/-/types-4.33.0.tgz 0ms (cache hit)
302 silly packumentCache corgi:https://registry.npmjs.org/@types%2freact-dom cache-miss
303 http cache @typescript-eslint/visitor-keys@https://registry.npmjs.org/@typescript-eslint/visitor-keys/-/visitor-keys-4.33.0.tgz 0ms (cache hit)
304 silly packumentCache corgi:https://registry.npmjs.org/@types%2freact cache-miss
305 silly packumentCache corgi:https://registry.npmjs.org/@tailwindcss%2fpostcss cache-miss
306 silly packumentCache corgi:https://registry.npmjs.org/@types%2fnode cache-miss
307 silly packumentCache corgi:https://registry.npmjs.org/@tailwindcss%2fnode cache-miss
308 silly packumentCache corgi:https://registry.npmjs.org/@jridgewell%2ftrace-mapping cache-miss
309 silly packumentCache corgi:https://registry.npmjs.org/@next%2fenv cache-miss
310 silly packumentCache corgi:https://registry.npmjs.org/@img%2fsharp-darwin-arm64 cache-miss
311 silly packumentCache corgi:https://registry.npmjs.org/@jridgewell%2fremapping cache-miss
312 silly packumentCache corgi:https://registry.npmjs.org/@humanwhocodes%2fretry cache-miss
313 silly packumentCache corgi:https://registry.npmjs.org/@jridgewell%2fsourcemap-codec cache-miss
314 silly packumentCache corgi:https://registry.npmjs.org/@humanwhocodes%2fmodule-importer cache-miss
315 silly packumentCache corgi:https://registry.npmjs.org/@humanfs%2fnode cache-miss
316 silly packumentCache corgi:https://registry.npmjs.org/@humanfs%2fcore cache-miss
317 silly packumentCache corgi:https://registry.npmjs.org/@emnapi%2fruntime cache-miss
318 silly packumentCache corgi:https://registry.npmjs.org/get-symbol-description cache-miss
319 silly packumentCache corgi:https://registry.npmjs.org/postcss cache-miss
320 silly packumentCache corgi:https://registry.npmjs.org/react-is cache-miss
321 http cache eslint-plugin-react-hooks@https://registry.npmjs.org/eslint-plugin-react-hooks/-/eslint-plugin-react-hooks-4.6.2.tgz 0ms (cache hit)
322 http cache balanced-match@https://registry.npmjs.org/balanced-match/-/balanced-match-1.0.2.tgz 0ms (cache hit)
323 silly packumentCache corgi:https://registry.npmjs.org/debug cache-miss
324 http cache debug@https://registry.npmjs.org/debug/-/debug-3.2.7.tgz 0ms (cache hit)
325 silly packumentCache corgi:https://registry.npmjs.org/which cache-miss
326 http cache debug@https://registry.npmjs.org/debug/-/debug-3.2.7.tgz 0ms (cache hit)
327 silly tarball no local data for string.prototype.repeat@https://registry.npmjs.org/string.prototype.repeat/-/string.prototype.repeat-1.0.0.tgz. Extracting by manifest.
328 silly tarball no local data for string.prototype.matchall@https://registry.npmjs.org/string.prototype.matchall/-/string.prototype.matchall-4.0.12.tgz. Extracting by manifest.
329 http cache balanced-match@https://registry.npmjs.org/balanced-match/-/balanced-match-1.0.2.tgz 0ms (cache hit)
330 silly packumentCache corgi:https://registry.npmjs.org/semver cache-miss
331 silly tarball no local data for object.groupby@https://registry.npmjs.org/object.groupby/-/object.groupby-1.0.3.tgz. Extracting by manifest.
332 silly tarball no local data for picomatch@https://registry.npmjs.org/picomatch/-/picomatch-2.3.1.tgz. Extracting by manifest.
333 silly tarball no local data for object.entries@https://registry.npmjs.org/object.entries/-/object.entries-1.1.9.tgz. Extracting by manifest.
334 http cache eslint-visitor-keys@https://registry.npmjs.org/eslint-visitor-keys/-/eslint-visitor-keys-2.1.0.tgz 0ms (cache hit)
335 silly tarball no local data for node-exports-info@https://registry.npmjs.org/node-exports-info/-/node-exports-info-1.6.0.tgz. Extracting by manifest.
336 silly packumentCache corgi:https://registry.npmjs.org/nanoid cache-miss
337 silly tarball no local data for minimist@https://registry.npmjs.org/minimist/-/minimist-1.2.8.tgz. Extracting by manifest.
338 http cache json5@https://registry.npmjs.org/json5/-/json5-1.0.2.tgz 0ms (cache hit)
339 silly tarball no local data for language-tags@https://registry.npmjs.org/language-tags/-/language-tags-1.0.9.tgz. Extracting by manifest.
340 silly tarball no local data for iterator.prototype@https://registry.npmjs.org/iterator.prototype/-/iterator.prototype-1.1.5.tgz. Extracting by manifest.
341 silly packumentCache corgi:https://registry.npmjs.org/jiti cache-miss
342 silly tarball no local data for has@https://registry.npmjs.org/has/-/has-1.0.4.tgz. Extracting by manifest.
343 http cache @typescript-eslint/parser@https://registry.npmjs.org/@typescript-eslint/parser/-/parser-4.33.0.tgz 0ms (cache hit)
344 silly tarball no local data for fastq@https://registry.npmjs.org/fastq/-/fastq-1.20.1.tgz. Extracting by manifest.
345 silly tarball no local data for fast-deep-equal@https://registry.npmjs.org/fast-deep-equal/-/fast-deep-equal-3.1.3.tgz. Extracting by manifest.
346 silly tarball no local data for fast-json-stable-stringify@https://registry.npmjs.org/fast-json-stable-stringify/-/fast-json-stable-stringify-2.1.0.tgz. Extracting by manifest.
347 silly tarball no local data for eslint-visitor-keys@https://registry.npmjs.org/eslint-visitor-keys/-/eslint-visitor-keys-5.0.1.tgz. Extracting by manifest.
348 silly tarball no local data for espree@https://registry.npmjs.org/espree/-/espree-11.1.1.tgz. Extracting by manifest.
349 silly tarball no local data for eslint-scope@https://registry.npmjs.org/eslint-scope/-/eslint-scope-9.1.1.tgz. Extracting by manifest.
350 silly tarball no local data for emoji-regex@https://registry.npmjs.org/emoji-regex/-/emoji-regex-9.2.2.tgz. Extracting by manifest.
351 silly tarball no local data for damerau-levenshtein@https://registry.npmjs.org/damerau-levenshtein/-/damerau-levenshtein-1.0.8.tgz. Extracting by manifest.
352 silly packumentCache corgi:https://registry.npmjs.org/eslint-visitor-keys cache-miss
353 silly tarball no local data for concat-map@https://registry.npmjs.org/concat-map/-/concat-map-0.0.1.tgz. Extracting by manifest.
354 silly tarball no local data for braces@https://registry.npmjs.org/braces/-/braces-3.0.3.tgz. Extracting by manifest.
355 silly tarball no local data for ast-types-flow@https://registry.npmjs.org/ast-types-flow/-/ast-types-flow-0.0.7.tgz. Extracting by manifest.
356 silly tarball no local data for array.prototype.tosorted@https://registry.npmjs.org/array.prototype.tosorted/-/array.prototype.tosorted-1.1.4.tgz. Extracting by manifest.
357 silly tarball no local data for array.prototype.findlast@https://registry.npmjs.org/array.prototype.findlast/-/array.prototype.findlast-1.2.5.tgz. Extracting by manifest.
358 silly tarball no local data for axe-core@https://registry.npmjs.org/axe-core/-/axe-core-4.11.1.tgz. Extracting by manifest.
359 silly tarball no local data for array.prototype.findlastindex@https://registry.npmjs.org/array.prototype.findlastindex/-/array.prototype.findlastindex-1.2.6.tgz. Extracting by manifest.
360 silly packumentCache corgi:https://registry.npmjs.org/baseline-browser-mapping cache-miss
361 http cache acorn@https://registry.npmjs.org/acorn/-/acorn-8.16.0.tgz 0ms (cache hit)
362 silly tarball no local data for @typescript-eslint/types@https://registry.npmjs.org/@typescript-eslint/types/-/types-4.33.0.tgz. Extracting by manifest.
363 silly tarball no local data for @typescript-eslint/visitor-keys@https://registry.npmjs.org/@typescript-eslint/visitor-keys/-/visitor-keys-4.33.0.tgz. Extracting by manifest.
364 silly tarball no local data for eslint-plugin-react-hooks@https://registry.npmjs.org/eslint-plugin-react-hooks/-/eslint-plugin-react-hooks-4.6.2.tgz. Extracting by manifest.
365 silly tarball no local data for balanced-match@https://registry.npmjs.org/balanced-match/-/balanced-match-1.0.2.tgz. Extracting by manifest.
366 silly tarball no local data for debug@https://registry.npmjs.org/debug/-/debug-3.2.7.tgz. Extracting by manifest.
367 silly packumentCache corgi:https://registry.npmjs.org/semver cache-miss
368 silly tarball no local data for debug@https://registry.npmjs.org/debug/-/debug-3.2.7.tgz. Extracting by manifest.
369 silly tarball no local data for balanced-match@https://registry.npmjs.org/balanced-match/-/balanced-match-1.0.2.tgz. Extracting by manifest.
370 silly tarball no local data for eslint-visitor-keys@https://registry.npmjs.org/eslint-visitor-keys/-/eslint-visitor-keys-2.1.0.tgz. Extracting by manifest.
371 silly tarball no local data for json5@https://registry.npmjs.org/json5/-/json5-1.0.2.tgz. Extracting by manifest.
372 silly tarball no local data for @typescript-eslint/parser@https://registry.npmjs.org/@typescript-eslint/parser/-/parser-4.33.0.tgz. Extracting by manifest.
373 silly tarball no local data for acorn@https://registry.npmjs.org/acorn/-/acorn-8.16.0.tgz. Extracting by manifest.
374 http cache semver@https://registry.npmjs.org/semver/-/semver-7.7.4.tgz 0ms (cache hit)
375 silly tarball no local data for semver@https://registry.npmjs.org/semver/-/semver-7.7.4.tgz. Extracting by manifest.
376 silly packumentCache corgi:https://registry.npmjs.org/tiny-invariant cache-miss
377 http cache reusify@https://registry.npmjs.org/reusify/-/reusify-1.1.0.tgz 0ms (cache hit)
378 silly packumentCache corgi:https://registry.npmjs.org/styled-jsx cache-miss
379 silly packumentCache corgi:https://registry.npmjs.org/recharts-scale cache-miss
380 silly packumentCache corgi:https://registry.npmjs.org/tailwind-merge cache-miss
381 http cache tsutils@https://registry.npmjs.org/tsutils/-/tsutils-3.21.0.tgz 0ms (cache hit)
382 silly packumentCache corgi:https://registry.npmjs.org/react-transition-group cache-miss
383 http cache language-subtag-registry@https://registry.npmjs.org/language-subtag-registry/-/language-subtag-registry-0.3.23.tgz 0ms (cache hit)
384 silly packumentCache corgi:https://registry.npmjs.org/object-inspect cache-miss
385 silly packumentCache corgi:https://registry.npmjs.org/has-symbols cache-miss
386 http cache json-schema-traverse@https://registry.npmjs.org/json-schema-traverse/-/json-schema-traverse-0.4.1.tgz 0ms (cache hit)
387 silly packumentCache corgi:https://registry.npmjs.org/has-tostringtag cache-miss
388 silly packumentCache corgi:https://registry.npmjs.org/fast-equals cache-miss
389 http cache minimatch@https://registry.npmjs.org/minimatch/-/minimatch-10.2.2.tgz 0ms (cache hit)
390 silly packumentCache corgi:https://registry.npmjs.org/enhanced-resolve cache-miss
391 http cache es-iterator-helpers@https://registry.npmjs.org/es-iterator-helpers/-/es-iterator-helpers-1.2.2.tgz 0ms (cache hit)
392 silly packumentCache corgi:https://registry.npmjs.org/es-abstract cache-miss
393 silly packumentCache corgi:https://registry.npmjs.org/d3-array cache-miss
394 silly packumentCache corgi:https://registry.npmjs.org/d3-interpolate cache-miss
395 silly packumentCache corgi:https://registry.npmjs.org/d3-shape cache-miss
396 silly packumentCache corgi:https://registry.npmjs.org/cross-spawn cache-miss
397 silly packumentCache corgi:https://registry.npmjs.org/caniuse-lite cache-miss
398 http cache brace-expansion@https://registry.npmjs.org/brace-expansion/-/brace-expansion-5.0.3.tgz 0ms (cache hit)
399 http cache balanced-match@https://registry.npmjs.org/balanced-match/-/balanced-match-4.0.4.tgz 0ms (cache hit)
400 http cache @typescript-eslint/scope-manager@https://registry.npmjs.org/@typescript-eslint/scope-manager/-/scope-manager-4.33.0.tgz 0ms (cache hit)
401 http cache @typescript-eslint/typescript-estree@https://registry.npmjs.org/@typescript-eslint/typescript-estree/-/typescript-estree-4.33.0.tgz 0ms (cache hit)
402 silly packumentCache corgi:https://registry.npmjs.org/@jridgewell%2fresolve-uri cache-miss
403 http cache @next/eslint-plugin-next@https://registry.npmjs.org/@next/eslint-plugin-next/-/eslint-plugin-next-12.0.4.tgz 0ms (cache hit)
404 http cache @eslint/plugin-kit@https://registry.npmjs.org/@eslint/plugin-kit/-/plugin-kit-0.6.0.tgz 0ms (cache hit)
405 http cache @eslint/object-schema@https://registry.npmjs.org/@eslint/object-schema/-/object-schema-3.0.2.tgz 0ms (cache hit)
406 http cache @eslint/core@https://registry.npmjs.org/@eslint/core/-/core-1.1.0.tgz 0ms (cache hit)
407 http cache @eslint/config-helpers@https://registry.npmjs.org/@eslint/config-helpers/-/config-helpers-0.5.2.tgz 0ms (cache hit)
408 silly packumentCache corgi:https://registry.npmjs.org/@jridgewell%2fgen-mapping cache-miss
409 http cache ajv@https://registry.npmjs.org/ajv/-/ajv-6.14.0.tgz 0ms (cache hit)
410 silly packumentCache corgi:https://registry.npmjs.org/@babel%2fruntime cache-miss
411 silly packumentCache corgi:https://registry.npmjs.org/@swc%2fhelpers cache-miss
412 http cache tslib@https://registry.npmjs.org/tslib/-/tslib-1.14.1.tgz 0ms (cache hit)
413 http cache @babel/runtime-corejs3@https://registry.npmjs.org/@babel/runtime-corejs3/-/runtime-corejs3-7.29.0.tgz 0ms (cache hit)
414 http cache eslint-plugin-react@https://registry.npmjs.org/eslint-plugin-react/-/eslint-plugin-react-7.37.5.tgz 0ms (cache hit)
415 silly tarball no local data for reusify@https://registry.npmjs.org/reusify/-/reusify-1.1.0.tgz. Extracting by manifest.
416 silly packumentCache corgi:https://registry.npmjs.org/typescript cache-miss
417 http cache eslint-plugin-import@https://registry.npmjs.org/eslint-plugin-import/-/eslint-plugin-import-2.32.0.tgz 0ms (cache hit)
418 silly tarball no local data for tsutils@https://registry.npmjs.org/tsutils/-/tsutils-3.21.0.tgz. Extracting by manifest.
419 silly tarball no local data for language-subtag-registry@https://registry.npmjs.org/language-subtag-registry/-/language-subtag-registry-0.3.23.tgz. Extracting by manifest.
420 silly tarball no local data for json-schema-traverse@https://registry.npmjs.org/json-schema-traverse/-/json-schema-traverse-0.4.1.tgz. Extracting by manifest.
421 silly tarball no local data for minimatch@https://registry.npmjs.org/minimatch/-/minimatch-10.2.2.tgz. Extracting by manifest.
422 silly tarball no local data for es-iterator-helpers@https://registry.npmjs.org/es-iterator-helpers/-/es-iterator-helpers-1.2.2.tgz. Extracting by manifest.
423 silly tarball no local data for brace-expansion@https://registry.npmjs.org/brace-expansion/-/brace-expansion-5.0.3.tgz. Extracting by manifest.
424 silly tarball no local data for balanced-match@https://registry.npmjs.org/balanced-match/-/balanced-match-4.0.4.tgz. Extracting by manifest.
425 silly tarball no local data for @typescript-eslint/scope-manager@https://registry.npmjs.org/@typescript-eslint/scope-manager/-/scope-manager-4.33.0.tgz. Extracting by manifest.
426 silly tarball no local data for @typescript-eslint/typescript-estree@https://registry.npmjs.org/@typescript-eslint/typescript-estree/-/typescript-estree-4.33.0.tgz. Extracting by manifest.
427 silly tarball no local data for @next/eslint-plugin-next@https://registry.npmjs.org/@next/eslint-plugin-next/-/eslint-plugin-next-12.0.4.tgz. Extracting by manifest.
428 silly tarball no local data for @eslint/plugin-kit@https://registry.npmjs.org/@eslint/plugin-kit/-/plugin-kit-0.6.0.tgz. Extracting by manifest.
429 silly tarball no local data for @eslint/object-schema@https://registry.npmjs.org/@eslint/object-schema/-/object-schema-3.0.2.tgz. Extracting by manifest.
430 silly tarball no local data for @eslint/core@https://registry.npmjs.org/@eslint/core/-/core-1.1.0.tgz. Extracting by manifest.
431 silly tarball no local data for @eslint/config-helpers@https://registry.npmjs.org/@eslint/config-helpers/-/config-helpers-0.5.2.tgz. Extracting by manifest.
432 silly tarball no local data for ajv@https://registry.npmjs.org/ajv/-/ajv-6.14.0.tgz. Extracting by manifest.
433 silly tarball no local data for tslib@https://registry.npmjs.org/tslib/-/tslib-1.14.1.tgz. Extracting by manifest.
434 silly tarball no local data for @babel/runtime-corejs3@https://registry.npmjs.org/@babel/runtime-corejs3/-/runtime-corejs3-7.29.0.tgz. Extracting by manifest.
435 silly tarball no local data for eslint-plugin-react@https://registry.npmjs.org/eslint-plugin-react/-/eslint-plugin-react-7.37.5.tgz. Extracting by manifest.
436 silly tarball no local data for eslint-plugin-import@https://registry.npmjs.org/eslint-plugin-import/-/eslint-plugin-import-2.32.0.tgz. Extracting by manifest.
437 http cache tsconfig-paths@https://registry.npmjs.org/tsconfig-paths/-/tsconfig-paths-3.15.0.tgz 0ms (cache hit)
438 http cache uri-js@https://registry.npmjs.org/uri-js/-/uri-js-4.4.1.tgz 0ms (cache hit)
439 silly packumentCache corgi:https://registry.npmjs.org/jsx-ast-utils cache-miss
440 silly packumentCache corgi:https://registry.npmjs.org/recharts cache-miss
441 http cache core-js-pure@https://registry.npmjs.org/core-js-pure/-/core-js-pure-3.48.0.tgz 0ms (cache hit)
442 http cache axobject-query@https://registry.npmjs.org/axobject-query/-/axobject-query-2.2.0.tgz 0ms (cache hit)
443 silly packumentCache corgi:https://registry.npmjs.org/@img%2fsharp-libvips-darwin-arm64 cache-miss
444 silly tarball no local data for tsconfig-paths@https://registry.npmjs.org/tsconfig-paths/-/tsconfig-paths-3.15.0.tgz. Extracting by manifest.
445 silly tarball no local data for uri-js@https://registry.npmjs.org/uri-js/-/uri-js-4.4.1.tgz. Extracting by manifest.
446 http cache @eslint/config-array@https://registry.npmjs.org/@eslint/config-array/-/config-array-0.23.2.tgz 0ms (cache hit)
447 silly tarball no local data for core-js-pure@https://registry.npmjs.org/core-js-pure/-/core-js-pure-3.48.0.tgz. Extracting by manifest.
448 silly tarball no local data for axobject-query@https://registry.npmjs.org/axobject-query/-/axobject-query-2.2.0.tgz. Extracting by manifest.
449 silly tarball no local data for @eslint/config-array@https://registry.npmjs.org/@eslint/config-array/-/config-array-0.23.2.tgz. Extracting by manifest.
450 silly packumentCache corgi:https://registry.npmjs.org/victory-vendor cache-miss
451 silly packumentCache corgi:https://registry.npmjs.org/lucide-react cache-miss
452 http cache @rushstack/eslint-patch@https://registry.npmjs.org/@rushstack/eslint-patch/-/eslint-patch-1.16.1.tgz 0ms (cache hit)
453 http cache eslint-plugin-jsx-a11y@https://registry.npmjs.org/eslint-plugin-jsx-a11y/-/eslint-plugin-jsx-a11y-6.4.1.tgz 0ms (cache hit)
454 http cache aria-query@https://registry.npmjs.org/aria-query/-/aria-query-4.2.2.tgz 0ms (cache hit)
455 silly tarball no local data for @rushstack/eslint-patch@https://registry.npmjs.org/@rushstack/eslint-patch/-/eslint-patch-1.16.1.tgz. Extracting by manifest.
456 silly tarball no local data for eslint-plugin-jsx-a11y@https://registry.npmjs.org/eslint-plugin-jsx-a11y/-/eslint-plugin-jsx-a11y-6.4.1.tgz. Extracting by manifest.
457 silly tarball no local data for aria-query@https://registry.npmjs.org/aria-query/-/aria-query-4.2.2.tgz. Extracting by manifest.
458 http fetch GET 200 https://registry.npmjs.org/natural-compare 1614ms (cache miss)
459 silly packumentCache corgi:https://registry.npmjs.org/natural-compare set size:undefined disposed:false
460 http fetch GET 200 https://registry.npmjs.org/yocto-queue 1634ms (cache miss)
461 silly packumentCache corgi:https://registry.npmjs.org/yocto-queue set size:undefined disposed:false
462 http fetch GET 200 https://registry.npmjs.org/shebang-command 1634ms (cache miss)
463 silly packumentCache corgi:https://registry.npmjs.org/shebang-command set size:undefined disposed:false
464 http fetch GET 200 https://registry.npmjs.org/is-extglob 1633ms (cache miss)
465 silly packumentCache corgi:https://registry.npmjs.org/is-extglob set size:undefined disposed:false
466 http fetch GET 200 https://registry.npmjs.org/imurmurhash 1635ms (cache miss)
467 silly packumentCache corgi:https://registry.npmjs.org/imurmurhash set size:undefined disposed:false
468 http fetch GET 200 https://registry.npmjs.org/escape-string-regexp 1635ms (cache miss)
469 silly packumentCache corgi:https://registry.npmjs.org/escape-string-regexp set size:undefined disposed:false
470 http fetch GET 200 https://registry.npmjs.org/@img%2fcolour 1604ms (cache miss)
471 silly packumentCache corgi:https://registry.npmjs.org/@img%2fcolour set size:undefined disposed:false
472 http cache eslint@https://registry.npmjs.org/eslint/-/eslint-10.0.2.tgz 0ms (cache hit)
473 http fetch GET 200 https://registry.npmjs.org/@alloc%2fquick-lru 1621ms (cache miss)
474 silly packumentCache corgi:https://registry.npmjs.org/@alloc%2fquick-lru set size:undefined disposed:false
475 http fetch GET 200 https://registry.npmjs.org/shebang-regex 1665ms (cache miss)
476 silly packumentCache corgi:https://registry.npmjs.org/shebang-regex set size:undefined disposed:false
477 http fetch GET 200 https://registry.npmjs.org/picocolors 1664ms (cache miss)
478 silly packumentCache corgi:https://registry.npmjs.org/picocolors set size:undefined disposed:false
479 http fetch GET 200 https://registry.npmjs.org/isarray 1662ms (cache miss)
480 silly packumentCache corgi:https://registry.npmjs.org/isarray set size:undefined disposed:false
481 http fetch GET 200 https://registry.npmjs.org/path-parse 1665ms (cache miss)
482 silly packumentCache corgi:https://registry.npmjs.org/path-parse set size:undefined disposed:false
483 http fetch GET 200 https://registry.npmjs.org/is-shared-array-buffer 926ms (cache miss)
484 silly packumentCache corgi:https://registry.npmjs.org/is-shared-array-buffer set size:undefined disposed:false
485 http fetch GET 200 https://registry.npmjs.org/gopd 924ms (cache miss)
486 silly packumentCache corgi:https://registry.npmjs.org/gopd set size:undefined disposed:false
487 http fetch GET 200 https://registry.npmjs.org/path-exists 1666ms (cache miss)
488 silly packumentCache corgi:https://registry.npmjs.org/path-exists set size:undefined disposed:false
489 http fetch GET 200 https://registry.npmjs.org/fast-levenshtein 1662ms (cache miss)
490 silly packumentCache corgi:https://registry.npmjs.org/fast-levenshtein set size:undefined disposed:false
491 http fetch GET 200 https://registry.npmjs.org/once/-/once-1.4.0.tgz 1572ms (cache miss)
492 http fetch GET 200 https://registry.npmjs.org/glob-parent 1664ms (cache miss)
493 silly packumentCache corgi:https://registry.npmjs.org/glob-parent set size:undefined disposed:false
494 http fetch GET 200 https://registry.npmjs.org/type-check 993ms (cache miss)
495 silly packumentCache corgi:https://registry.npmjs.org/type-check set size:undefined disposed:false
496 http fetch GET 200 https://registry.npmjs.org/data-view-buffer 893ms (cache miss)
497 silly packumentCache corgi:https://registry.npmjs.org/data-view-buffer set size:undefined disposed:false
498 http fetch GET 200 https://registry.npmjs.org/json-stable-stringify-without-jsonify 932ms (cache miss)
499 silly packumentCache corgi:https://registry.npmjs.org/json-stable-stringify-without-jsonify set size:undefined disposed:false
500 http fetch GET 200 https://registry.npmjs.org/loose-envify 1569ms (cache miss)
501 silly packumentCache corgi:https://registry.npmjs.org/loose-envify set size:undefined disposed:false
502 http fetch GET 200 https://registry.npmjs.org/globby/-/globby-11.1.0.tgz 1519ms (cache miss)
503 http fetch GET 200 https://registry.npmjs.org/inherits/-/inherits-2.0.4.tgz 1522ms (cache miss)
504 http fetch GET 200 https://registry.npmjs.org/wrappy/-/wrappy-1.0.2.tgz 1629ms (cache miss)
505 silly tarball no local data for eslint@https://registry.npmjs.org/eslint/-/eslint-10.0.2.tgz. Extracting by manifest.
506 http fetch GET 200 https://registry.npmjs.org/dir-glob/-/dir-glob-3.0.1.tgz 1362ms (cache miss)
507 http fetch GET 200 https://registry.npmjs.org/@eslint-community%2fregexpp 1639ms (cache miss)
508 silly packumentCache corgi:https://registry.npmjs.org/@eslint-community%2fregexpp set size:undefined disposed:false
509 http fetch GET 200 https://registry.npmjs.org/@types/json5/-/json5-0.0.29.tgz 1242ms (cache miss)
510 http fetch GET 200 https://registry.npmjs.org/word-wrap 1683ms (cache miss)
511 silly packumentCache corgi:https://registry.npmjs.org/word-wrap set size:undefined disposed:false
512 http fetch GET 200 https://registry.npmjs.org/path-key 1682ms (cache miss)
513 silly packumentCache corgi:https://registry.npmjs.org/path-key set size:undefined disposed:false
514 http fetch GET 200 https://registry.npmjs.org/object-assign 1681ms (cache miss)
515 silly packumentCache corgi:https://registry.npmjs.org/object-assign set size:undefined disposed:false
516 http fetch GET 200 https://registry.npmjs.org/p-locate 1682ms (cache miss)
517 silly packumentCache corgi:https://registry.npmjs.org/p-locate set size:undefined disposed:false
518 http fetch GET 200 https://registry.npmjs.org/@types/esrecurse/-/esrecurse-4.3.1.tgz 1238ms (cache miss)
519 http fetch GET 200 https://registry.npmjs.org/array-union/-/array-union-2.1.0.tgz 1245ms (cache miss)
520 http fetch GET 200 https://registry.npmjs.org/unbox-primitive 1010ms (cache miss)
521 silly packumentCache corgi:https://registry.npmjs.org/unbox-primitive set size:undefined disposed:false
522 http fetch GET 200 https://registry.npmjs.org/typed-array-byte-length 1007ms (cache miss)
523 silly packumentCache corgi:https://registry.npmjs.org/typed-array-byte-length set size:undefined disposed:false
524 http fetch GET 200 https://registry.npmjs.org/is-glob 1683ms (cache miss)
525 silly packumentCache corgi:https://registry.npmjs.org/is-glob set size:undefined disposed:false
526 http fetch GET 200 https://registry.npmjs.org/strip-bom/-/strip-bom-3.0.0.tgz 1633ms (cache miss)
527 http fetch GET 200 https://registry.npmjs.org/queue-microtask/-/queue-microtask-1.2.3.tgz 1607ms (cache miss)
528 http fetch GET 200 https://registry.npmjs.org/slash/-/slash-3.0.0.tgz 1630ms (cache miss)
529 http fetch GET 200 https://registry.npmjs.org/client-only 1658ms (cache miss)
530 silly packumentCache corgi:https://registry.npmjs.org/client-only set size:undefined disposed:false
531 http fetch GET 200 https://registry.npmjs.org/path-type/-/path-type-4.0.0.tgz 1589ms (cache miss)
532 http fetch GET 200 https://registry.npmjs.org/path-is-absolute/-/path-is-absolute-1.0.1.tgz 1594ms (cache miss)
533 http fetch GET 200 https://registry.npmjs.org/which-builtin-type 1018ms (cache miss)
534 silly packumentCache corgi:https://registry.npmjs.org/which-builtin-type set size:undefined disposed:false
535 http fetch GET 200 https://registry.npmjs.org/eslint-config-next/-/eslint-config-next-12.0.4.tgz 1534ms (cache miss)
536 http fetch GET 200 https://registry.npmjs.org/@rtsao/scc/-/scc-1.1.0.tgz 1242ms (cache miss)
537 http fetch GET 200 https://registry.npmjs.org/brace-expansion/-/brace-expansion-1.1.12.tgz 1148ms (cache miss)
538 http fetch GET 200 https://registry.npmjs.org/fill-range/-/fill-range-7.1.1.tgz 1539ms (cache miss)
539 http fetch GET 200 https://registry.npmjs.org/side-channel-list 1006ms (cache miss)
540 silly packumentCache corgi:https://registry.npmjs.org/side-channel-list set size:undefined disposed:false
541 http fetch GET 200 https://registry.npmjs.org/acorn-jsx/-/acorn-jsx-5.3.2.tgz 1271ms (cache miss)
542 http fetch GET 200 https://registry.npmjs.org/set-function-name 1020ms (cache miss)
543 silly packumentCache corgi:https://registry.npmjs.org/set-function-name set size:undefined disposed:false
544 http fetch GET 200 https://registry.npmjs.org/object.assign 977ms (cache miss)
545 silly packumentCache corgi:https://registry.npmjs.org/object.assign set size:undefined disposed:false
546 http fetch GET 200 https://registry.npmjs.org/is-data-view 969ms (cache miss)
547 silly packumentCache corgi:https://registry.npmjs.org/is-data-view set size:undefined disposed:false
548 http fetch GET 200 https://registry.npmjs.org/levn 977ms (cache miss)
549 silly packumentCache corgi:https://registry.npmjs.org/levn set size:undefined disposed:false
550 http fetch GET 200 https://registry.npmjs.org/generator-function 971ms (cache miss)
551 silly packumentCache corgi:https://registry.npmjs.org/generator-function set size:undefined disposed:false
552 http fetch GET 200 https://registry.npmjs.org/function-bind 970ms (cache miss)
553 silly packumentCache corgi:https://registry.npmjs.org/function-bind set size:undefined disposed:false
554 http fetch GET 200 https://registry.npmjs.org/has-property-descriptors 972ms (cache miss)
555 silly packumentCache corgi:https://registry.npmjs.org/has-property-descriptors set size:undefined disposed:false
556 http fetch GET 200 https://registry.npmjs.org/es-object-atoms 948ms (cache miss)
557 silly packumentCache corgi:https://registry.npmjs.org/es-object-atoms set size:undefined disposed:false
558 http fetch GET 200 https://registry.npmjs.org/string.prototype.trimstart 1025ms (cache miss)
559 silly packumentCache corgi:https://registry.npmjs.org/string.prototype.trimstart set size:undefined disposed:false
560 http fetch GET 200 https://registry.npmjs.org/globalthis 972ms (cache miss)
561 silly packumentCache corgi:https://registry.npmjs.org/globalthis set size:undefined disposed:false
562 http fetch GET 200 https://registry.npmjs.org/es-define-property 947ms (cache miss)
563 silly packumentCache corgi:https://registry.npmjs.org/es-define-property set size:undefined disposed:false
564 http fetch GET 200 https://registry.npmjs.org/js-tokens 1713ms (cache miss)
565 silly packumentCache corgi:https://registry.npmjs.org/js-tokens set size:undefined disposed:false
566 http fetch GET 200 https://registry.npmjs.org/run-parallel/-/run-parallel-1.2.0.tgz 1655ms (cache miss)
567 http fetch GET 200 https://registry.npmjs.org/is-typed-array 938ms (cache miss)
568 silly packumentCache corgi:https://registry.npmjs.org/is-typed-array set size:undefined disposed:false
569 http fetch GET 200 https://registry.npmjs.org/is-finalizationregistry 975ms (cache miss)
570 silly packumentCache corgi:https://registry.npmjs.org/is-finalizationregistry set size:undefined disposed:false
571 http fetch GET 200 https://registry.npmjs.org/data-view-byte-length 938ms (cache miss)
572 silly packumentCache corgi:https://registry.npmjs.org/data-view-byte-length set size:undefined disposed:false
573 http fetch GET 200 https://registry.npmjs.org/deep-is 939ms (cache miss)
574 silly packumentCache corgi:https://registry.npmjs.org/deep-is set size:undefined disposed:false
575 http fetch GET 200 https://registry.npmjs.org/inflight/-/inflight-1.0.6.tgz 1565ms (cache miss)
576 warn deprecated inflight@1.0.6: This module is not supported, and leaks memory. Do not use it. Check out lru-cache if you want a good and tested way to coalesce async requests by a key value, which is much more comprehensive and powerful.
577 http fetch GET 200 https://registry.npmjs.org/merge2/-/merge2-1.4.1.tgz 1620ms (cache miss)
578 http fetch GET 200 https://registry.npmjs.org/eslint-import-resolver-node 1716ms (cache miss)
579 silly packumentCache corgi:https://registry.npmjs.org/eslint-import-resolver-node set size:undefined disposed:false
580 http fetch GET 200 https://registry.npmjs.org/@types%2fd3-path 1685ms (cache miss)
581 silly packumentCache corgi:https://registry.npmjs.org/@types%2fd3-path set size:undefined disposed:false
582 http fetch GET 200 https://registry.npmjs.org/call-bound 946ms (cache miss)
583 silly packumentCache corgi:https://registry.npmjs.org/call-bound set size:undefined disposed:false
584 http fetch GET 200 https://registry.npmjs.org/minimatch/-/minimatch-3.1.3.tgz 1181ms (cache miss)
585 http fetch GET 200 https://registry.npmjs.org/stop-iteration-iterator 1039ms (cache miss)
586 silly packumentCache corgi:https://registry.npmjs.org/stop-iteration-iterator set size:undefined disposed:false
587 http fetch GET 200 https://registry.npmjs.org/locate-path 1727ms (cache miss)
588 silly packumentCache corgi:https://registry.npmjs.org/locate-path set size:undefined disposed:false
589 http fetch GET 200 https://registry.npmjs.org/optionator 996ms (cache miss)
590 silly packumentCache corgi:https://registry.npmjs.org/optionator set size:undefined disposed:false
591 http fetch GET 200 https://registry.npmjs.org/isexe 992ms (cache miss)
592 silly packumentCache corgi:https://registry.npmjs.org/isexe set size:undefined disposed:false
593 http fetch GET 200 https://registry.npmjs.org/is-generator-function 988ms (cache miss)
594 silly packumentCache corgi:https://registry.npmjs.org/is-generator-function set size:undefined disposed:false
595 http fetch GET 200 https://registry.npmjs.org/is-async-function 989ms (cache miss)
596 silly packumentCache corgi:https://registry.npmjs.org/is-async-function set size:undefined disposed:false
597 http fetch GET 200 https://registry.npmjs.org/function.prototype.name 983ms (cache miss)
598 silly packumentCache corgi:https://registry.npmjs.org/function.prototype.name set size:undefined disposed:false
599 http fetch GET 200 https://registry.npmjs.org/internmap 990ms (cache miss)
600 silly packumentCache corgi:https://registry.npmjs.org/internmap set size:undefined disposed:false
601 http fetch GET 200 https://registry.npmjs.org/es-set-tostringtag 966ms (cache miss)
602 silly packumentCache corgi:https://registry.npmjs.org/es-set-tostringtag set size:undefined disposed:false
603 http fetch GET 200 https://registry.npmjs.org/is-regex 993ms (cache miss)
604 silly packumentCache corgi:https://registry.npmjs.org/is-regex set size:undefined disposed:false
605 http fetch GET 200 https://registry.npmjs.org/typed-array-byte-offset 1059ms (cache miss)
606 silly packumentCache corgi:https://registry.npmjs.org/typed-array-byte-offset set size:undefined disposed:false
607 http fetch GET 200 https://registry.npmjs.org/supports-preserve-symlinks-flag 1046ms (cache miss)
608 silly packumentCache corgi:https://registry.npmjs.org/supports-preserve-symlinks-flag set size:undefined disposed:false
609 http fetch GET 200 https://registry.npmjs.org/set-function-length 1046ms (cache miss)
610 silly packumentCache corgi:https://registry.npmjs.org/set-function-length set size:undefined disposed:false
611 http fetch GET 200 https://registry.npmjs.org/decimal.js-light 956ms (cache miss)
612 silly packumentCache corgi:https://registry.npmjs.org/decimal.js-light set size:undefined disposed:false
613 http fetch GET 200 https://registry.npmjs.org/d3-color 956ms (cache miss)
614 silly packumentCache corgi:https://registry.npmjs.org/d3-color set size:undefined disposed:false
615 http fetch GET 200 https://registry.npmjs.org/dunder-proto 961ms (cache miss)
616 silly packumentCache corgi:https://registry.npmjs.org/dunder-proto set size:undefined disposed:false
617 http fetch GET 200 https://registry.npmjs.org/is-number/-/is-number-7.0.0.tgz 1587ms (cache miss)
618 http fetch GET 200 https://registry.npmjs.org/async-function 795ms (cache miss)
619 silly packumentCache corgi:https://registry.npmjs.org/async-function set size:undefined disposed:false
620 http fetch GET 200 https://registry.npmjs.org/which-boxed-primitive 1063ms (cache miss)
621 silly packumentCache corgi:https://registry.npmjs.org/which-boxed-primitive set size:undefined disposed:false
622 http fetch GET 200 https://registry.npmjs.org/side-channel-map 1054ms (cache miss)
623 silly packumentCache corgi:https://registry.npmjs.org/side-channel-map set size:undefined disposed:false
624 http fetch GET 200 https://registry.npmjs.org/brace-expansion/-/brace-expansion-1.1.12.tgz 1208ms (cache miss)
625 http fetch GET 200 https://registry.npmjs.org/esrecurse/-/esrecurse-4.3.0.tgz 1596ms (cache miss)
626 http fetch GET 200 https://registry.npmjs.org/clsx 974ms (cache miss)
627 silly packumentCache corgi:https://registry.npmjs.org/clsx set size:undefined disposed:false
628 http fetch GET 200 https://registry.npmjs.org/available-typed-arrays 805ms (cache miss)
629 silly packumentCache corgi:https://registry.npmjs.org/available-typed-arrays set size:undefined disposed:false
630 http fetch GET 200 https://registry.npmjs.org/source-map-js 1066ms (cache miss)
631 silly packumentCache corgi:https://registry.npmjs.org/source-map-js set size:undefined disposed:false
632 http fetch GET 200 https://registry.npmjs.org/set-proto 1067ms (cache miss)
633 silly packumentCache corgi:https://registry.npmjs.org/set-proto set size:undefined disposed:false
634 http fetch GET 200 https://registry.npmjs.org/prop-types 1024ms (cache miss)
635 silly packumentCache corgi:https://registry.npmjs.org/prop-types set size:undefined disposed:false
636 http fetch GET 200 https://registry.npmjs.org/safe-regex-test 1067ms (cache miss)
637 silly packumentCache corgi:https://registry.npmjs.org/safe-regex-test set size:undefined disposed:false
638 http fetch GET 200 https://registry.npmjs.org/possible-typed-array-names 1024ms (cache miss)
639 silly packumentCache corgi:https://registry.npmjs.org/possible-typed-array-names set size:undefined disposed:false
640 http fetch GET 200 https://registry.npmjs.org/object.fromentries 1023ms (cache miss)
641 silly packumentCache corgi:https://registry.npmjs.org/object.fromentries set size:undefined disposed:false
642 http fetch GET 200 https://registry.npmjs.org/json-buffer 1021ms (cache miss)
643 silly packumentCache corgi:https://registry.npmjs.org/json-buffer set size:undefined disposed:false
644 http fetch GET 200 https://registry.npmjs.org/safe-push-apply 1067ms (cache miss)
645 silly packumentCache corgi:https://registry.npmjs.org/safe-push-apply set size:undefined disposed:false
646 http fetch GET 200 https://registry.npmjs.org/typed-array-buffer 1080ms (cache miss)
647 silly packumentCache corgi:https://registry.npmjs.org/typed-array-buffer set size:undefined disposed:false
648 http fetch GET 200 https://registry.npmjs.org/safe-array-concat 1025ms (cache miss)
649 silly packumentCache corgi:https://registry.npmjs.org/safe-array-concat set size:undefined disposed:false
650 http fetch GET 200 https://registry.npmjs.org/is-weakmap 1019ms (cache miss)
651 silly packumentCache corgi:https://registry.npmjs.org/is-weakmap set size:undefined disposed:false
652 http fetch GET 200 https://registry.npmjs.org/is-string 1021ms (cache miss)
653 silly packumentCache corgi:https://registry.npmjs.org/is-string set size:undefined disposed:false
654 http fetch GET 200 https://registry.npmjs.org/is-weakref 1020ms (cache miss)
655 silly packumentCache corgi:https://registry.npmjs.org/is-weakref set size:undefined disposed:false
656 http fetch GET 200 https://registry.npmjs.org/lightningcss-darwin-arm64 1757ms (cache miss)
657 silly packumentCache corgi:https://registry.npmjs.org/lightningcss-darwin-arm64 set size:undefined disposed:false
658 http fetch GET 200 https://registry.npmjs.org/call-bind 843ms (cache miss)
659 silly packumentCache corgi:https://registry.npmjs.org/call-bind set size:undefined disposed:false
660 http fetch GET 200 https://registry.npmjs.org/is-set 1021ms (cache miss)
661 silly packumentCache corgi:https://registry.npmjs.org/is-set set size:undefined disposed:false
662 http fetch GET 200 https://registry.npmjs.org/is-array-buffer 1019ms (cache miss)
663 silly packumentCache corgi:https://registry.npmjs.org/is-array-buffer set size:undefined disposed:false
664 http fetch GET 200 https://registry.npmjs.org/is-negative-zero 1020ms (cache miss)
665 silly packumentCache corgi:https://registry.npmjs.org/is-negative-zero set size:undefined disposed:false
666 http fetch GET 200 https://registry.npmjs.org/is-number-object 1020ms (cache miss)
667 silly packumentCache corgi:https://registry.npmjs.org/is-number-object set size:undefined disposed:false
668 http fetch GET 200 https://registry.npmjs.org/hasown 1020ms (cache miss)
669 silly packumentCache corgi:https://registry.npmjs.org/hasown set size:undefined disposed:false
670 http fetch GET 200 https://registry.npmjs.org/is-boolean-object 1020ms (cache miss)
671 silly packumentCache corgi:https://registry.npmjs.org/is-boolean-object set size:undefined disposed:false
672 http fetch GET 200 https://registry.npmjs.org/internal-slot 1020ms (cache miss)
673 silly packumentCache corgi:https://registry.npmjs.org/internal-slot set size:undefined disposed:false
674 http fetch GET 200 https://registry.npmjs.org/get-intrinsic 1020ms (cache miss)
675 silly packumentCache corgi:https://registry.npmjs.org/get-intrinsic set size:undefined disposed:false
676 http fetch GET 200 https://registry.npmjs.org/get-proto 1020ms (cache miss)
677 silly packumentCache corgi:https://registry.npmjs.org/get-proto set size:undefined disposed:false
678 http fetch GET 200 https://registry.npmjs.org/object-keys 1029ms (cache miss)
679 silly packumentCache corgi:https://registry.npmjs.org/object-keys set size:undefined disposed:false
680 http fetch GET 200 https://registry.npmjs.org/side-channel 1073ms (cache miss)
681 silly packumentCache corgi:https://registry.npmjs.org/side-channel set size:undefined disposed:false
682 http fetch GET 200 https://registry.npmjs.org/is-date-object 1021ms (cache miss)
683 silly packumentCache corgi:https://registry.npmjs.org/is-date-object set size:undefined disposed:false
684 http fetch GET 200 https://registry.npmjs.org/own-keys 1031ms (cache miss)
685 silly packumentCache corgi:https://registry.npmjs.org/own-keys set size:undefined disposed:false
686 http fetch GET 200 https://registry.npmjs.org/ms 1763ms (cache miss)
687 silly packumentCache corgi:https://registry.npmjs.org/ms set size:undefined disposed:false
688 http fetch GET 200 https://registry.npmjs.org/eventemitter3 997ms (cache miss)
689 silly packumentCache corgi:https://registry.npmjs.org/eventemitter3 set size:undefined disposed:false
690 http fetch GET 200 https://registry.npmjs.org/math-intrinsics 1031ms (cache miss)
691 silly packumentCache corgi:https://registry.npmjs.org/math-intrinsics set size:undefined disposed:false
692 http fetch GET 200 https://registry.npmjs.org/for-each 1022ms (cache miss)
693 silly packumentCache corgi:https://registry.npmjs.org/for-each set size:undefined disposed:false
694 http fetch GET 200 https://registry.npmjs.org/has-bigints 1026ms (cache miss)
695 silly packumentCache corgi:https://registry.npmjs.org/has-bigints set size:undefined disposed:false
696 http fetch GET 200 https://registry.npmjs.org/es-errors 1001ms (cache miss)
697 silly packumentCache corgi:https://registry.npmjs.org/es-errors set size:undefined disposed:false
698 http fetch GET 200 https://registry.npmjs.org/esutils 1014ms (cache miss)
699 silly packumentCache corgi:https://registry.npmjs.org/esutils set size:undefined disposed:false
700 http fetch GET 200 https://registry.npmjs.org/es-to-primitive 1002ms (cache miss)
701 silly packumentCache corgi:https://registry.npmjs.org/es-to-primitive set size:undefined disposed:false
702 http fetch GET 200 https://registry.npmjs.org/punycode/-/punycode-2.3.1.tgz 1692ms (cache miss)
703 http fetch GET 200 https://registry.npmjs.org/define-properties 994ms (cache miss)
704 silly packumentCache corgi:https://registry.npmjs.org/define-properties set size:undefined disposed:false
705 http fetch GET 200 https://registry.npmjs.org/find-up 1766ms (cache miss)
706 silly packumentCache corgi:https://registry.npmjs.org/find-up set size:undefined disposed:false
707 http fetch GET 200 https://registry.npmjs.org/has-proto 1029ms (cache miss)
708 silly packumentCache corgi:https://registry.npmjs.org/has-proto set size:undefined disposed:false
709 http fetch GET 200 https://registry.npmjs.org/define-data-property 994ms (cache miss)
710 silly packumentCache corgi:https://registry.npmjs.org/define-data-property set size:undefined disposed:false
711 http fetch GET 200 https://registry.npmjs.org/functions-have-names 1029ms (cache miss)
712 silly packumentCache corgi:https://registry.npmjs.org/functions-have-names set size:undefined disposed:false
713 http fetch GET 200 https://registry.npmjs.org/which-typed-array 1102ms (cache miss)
714 silly packumentCache corgi:https://registry.npmjs.org/which-typed-array set size:undefined disposed:false
715 http fetch GET 200 https://registry.npmjs.org/data-view-byte-offset 996ms (cache miss)
716 silly packumentCache corgi:https://registry.npmjs.org/data-view-byte-offset set size:undefined disposed:false
717 http fetch GET 200 https://registry.npmjs.org/doctrine 996ms (cache miss)
718 silly packumentCache corgi:https://registry.npmjs.org/doctrine set size:undefined disposed:false
719 http fetch GET 200 https://registry.npmjs.org/micromatch/-/micromatch-4.0.8.tgz 1674ms (cache miss)
720 http fetch GET 200 https://registry.npmjs.org/d3-timer 996ms (cache miss)
721 silly packumentCache corgi:https://registry.npmjs.org/d3-timer set size:undefined disposed:false
722 http fetch GET 200 https://registry.npmjs.org/fs.realpath/-/fs.realpath-1.0.0.tgz 1622ms (cache miss)
723 http fetch GET 200 https://registry.npmjs.org/es-shim-unscopables 1002ms (cache miss)
724 silly packumentCache corgi:https://registry.npmjs.org/es-shim-unscopables set size:undefined disposed:false
725 http fetch GET 200 https://registry.npmjs.org/d3-path 1002ms (cache miss)
726 silly packumentCache corgi:https://registry.npmjs.org/d3-path set size:undefined disposed:false
727 http fetch GET 200 https://registry.npmjs.org/@types%2fd3-ease 1749ms (cache miss)
728 silly packumentCache corgi:https://registry.npmjs.org/@types%2fd3-ease set size:undefined disposed:false
729 http fetch GET 200 https://registry.npmjs.org/minimatch/-/minimatch-3.1.3.tgz 1241ms (cache miss)
730 http fetch GET 200 https://registry.npmjs.org/@img%2fsharp-darwin-arm64 767ms (cache miss)
731 silly packumentCache corgi:https://registry.npmjs.org/@img%2fsharp-darwin-arm64 set size:undefined disposed:false
732 http fetch GET 200 https://registry.npmjs.org/p-limit 1788ms (cache miss)
733 silly packumentCache corgi:https://registry.npmjs.org/p-limit set size:undefined disposed:false
734 http fetch GET 200 https://registry.npmjs.org/side-channel-weakmap 1100ms (cache miss)
735 silly packumentCache corgi:https://registry.npmjs.org/side-channel-weakmap set size:undefined disposed:false
736 http fetch GET 200 https://registry.npmjs.org/d3-time-format 1012ms (cache miss)
737 silly packumentCache corgi:https://registry.npmjs.org/d3-time-format set size:undefined disposed:false
738 http fetch GET 200 https://registry.npmjs.org/prelude-ls 1063ms (cache miss)
739 silly packumentCache corgi:https://registry.npmjs.org/prelude-ls set size:undefined disposed:false
740 http fetch GET 200 https://registry.npmjs.org/glob-parent/-/glob-parent-5.1.2.tgz 1249ms (cache miss)
741 http fetch GET 200 https://registry.npmjs.org/typed-array-length 1120ms (cache miss)
742 silly packumentCache corgi:https://registry.npmjs.org/typed-array-length set size:undefined disposed:false
743 http fetch GET 200 https://registry.npmjs.org/is-map 1062ms (cache miss)
744 silly packumentCache corgi:https://registry.npmjs.org/is-map set size:undefined disposed:false
745 http fetch GET 200 https://registry.npmjs.org/which-collection 1127ms (cache miss)
746 silly packumentCache corgi:https://registry.npmjs.org/which-collection set size:undefined disposed:false
747 http fetch GET 200 https://registry.npmjs.org/is-symbol 1061ms (cache miss)
748 silly packumentCache corgi:https://registry.npmjs.org/is-symbol set size:undefined disposed:false
749 http fetch GET 200 https://registry.npmjs.org/is-bigint 1061ms (cache miss)
750 silly packumentCache corgi:https://registry.npmjs.org/is-bigint set size:undefined disposed:false
751 http fetch GET 200 https://registry.npmjs.org/is-weakset 1065ms (cache miss)
752 silly packumentCache corgi:https://registry.npmjs.org/is-weakset set size:undefined disposed:false
753 http fetch GET 200 https://registry.npmjs.org/estraverse 1802ms (cache miss)
754 silly packumentCache corgi:https://registry.npmjs.org/estraverse set size:undefined disposed:false
755 http fetch GET 200 https://registry.npmjs.org/d3-time 1027ms (cache miss)
756 silly packumentCache corgi:https://registry.npmjs.org/d3-time set size:undefined disposed:false
757 http fetch GET 200 https://registry.npmjs.org/array.prototype.flat 858ms (cache miss)
758 silly packumentCache corgi:https://registry.npmjs.org/array.prototype.flat set size:undefined disposed:false
759 http fetch GET 200 https://registry.npmjs.org/file-entry-cache 1804ms (cache miss)
760 silly packumentCache corgi:https://registry.npmjs.org/file-entry-cache set size:undefined disposed:false
761 http fetch GET 200 https://registry.npmjs.org/detect-libc 1033ms (cache miss)
762 silly packumentCache corgi:https://registry.npmjs.org/detect-libc set size:undefined disposed:false
763 http fetch GET 200 https://registry.npmjs.org/@eslint-community%2feslint-utils 1785ms (cache miss)
764 silly packumentCache corgi:https://registry.npmjs.org/@eslint-community%2feslint-utils set size:undefined disposed:false
765 http fetch GET 200 https://registry.npmjs.org/array.prototype.flatmap 878ms (cache miss)
766 silly packumentCache corgi:https://registry.npmjs.org/array.prototype.flatmap set size:undefined disposed:false
767 http fetch GET 200 https://registry.npmjs.org/array-buffer-byte-length 878ms (cache miss)
768 silly packumentCache corgi:https://registry.npmjs.org/array-buffer-byte-length set size:undefined disposed:false
769 http fetch GET 200 https://registry.npmjs.org/arraybuffer.prototype.slice 878ms (cache miss)
770 silly packumentCache corgi:https://registry.npmjs.org/arraybuffer.prototype.slice set size:undefined disposed:false
771 http fetch GET 200 https://registry.npmjs.org/@humanwhocodes%2fretry 808ms (cache miss)
772 silly packumentCache corgi:https://registry.npmjs.org/@humanwhocodes%2fretry set size:undefined disposed:false
773 http fetch GET 200 https://registry.npmjs.org/undici-types 1831ms (cache miss)
774 silly packumentCache corgi:https://registry.npmjs.org/undici-types set size:undefined disposed:false
775 http fetch GET 200 https://registry.npmjs.org/reflect.getprototypeof 1100ms (cache miss)
776 silly packumentCache corgi:https://registry.npmjs.org/reflect.getprototypeof set size:undefined disposed:false
777 http fetch GET 200 https://registry.npmjs.org/object.values 1100ms (cache miss)
778 silly packumentCache corgi:https://registry.npmjs.org/object.values set size:undefined disposed:false
779 http fetch GET 200 https://registry.npmjs.org/tslib 1149ms (cache miss)
780 silly packumentCache corgi:https://registry.npmjs.org/tslib set size:undefined disposed:false
781 http fetch GET 200 https://registry.npmjs.org/string.prototype.trimend 1149ms (cache miss)
782 silly packumentCache corgi:https://registry.npmjs.org/string.prototype.trimend set size:undefined disposed:false
783 http fetch GET 200 https://registry.npmjs.org/string.prototype.trim 1150ms (cache miss)
784 silly packumentCache corgi:https://registry.npmjs.org/string.prototype.trim set size:undefined disposed:false
785 http fetch GET 200 https://registry.npmjs.org/regexp.prototype.flags 1107ms (cache miss)
786 silly packumentCache corgi:https://registry.npmjs.org/regexp.prototype.flags set size:undefined disposed:false
787 http fetch GET 200 https://registry.npmjs.org/array-includes 887ms (cache miss)
788 silly packumentCache corgi:https://registry.npmjs.org/array-includes set size:undefined disposed:false
789 http fetch GET 200 https://registry.npmjs.org/esquery 1074ms (cache miss)
790 silly packumentCache corgi:https://registry.npmjs.org/esquery set size:undefined disposed:false
791 http fetch GET 200 https://registry.npmjs.org/glob/-/glob-7.2.3.tgz 1291ms (cache miss)
792 warn deprecated glob@7.2.3: Old versions of glob are not supported, and contain widely publicized security vulnerabilities, which have been fixed in the current version. Please update. Support for old versions may be purchased (at exorbitant rates) by contacting i@izs.me
793 http fetch GET 200 https://registry.npmjs.org/dom-helpers 1065ms (cache miss)
794 silly packumentCache corgi:https://registry.npmjs.org/dom-helpers set size:undefined disposed:false
795 http fetch GET 200 https://registry.npmjs.org/@types%2fd3-interpolate 1807ms (cache miss)
796 silly packumentCache corgi:https://registry.npmjs.org/@types%2fd3-interpolate set size:undefined disposed:false
797 http fetch GET 200 https://registry.npmjs.org/d3-ease 1064ms (cache miss)
798 silly packumentCache corgi:https://registry.npmjs.org/d3-ease set size:undefined disposed:false
799 http fetch GET 200 https://registry.npmjs.org/call-bind-apply-helpers 938ms (cache miss)
800 silly packumentCache corgi:https://registry.npmjs.org/call-bind-apply-helpers set size:undefined disposed:false
801 http fetch GET 200 https://registry.npmjs.org/@jridgewell%2fremapping 835ms (cache miss)
802 silly packumentCache corgi:https://registry.npmjs.org/@jridgewell%2fremapping set size:undefined disposed:false
803 http fetch GET 200 https://registry.npmjs.org/lodash 1120ms (cache miss)
804 silly packumentCache corgi:https://registry.npmjs.org/lodash set size:undefined disposed:false
805 http fetch GET 200 https://registry.npmjs.org/is-callable 1118ms (cache miss)
806 silly packumentCache corgi:https://registry.npmjs.org/is-callable set size:undefined disposed:false
807 http fetch GET 200 https://registry.npmjs.org/is-core-module 1119ms (cache miss)
808 silly packumentCache corgi:https://registry.npmjs.org/is-core-module set size:undefined disposed:false
809 http fetch GET 200 https://registry.npmjs.org/flat-cache 1116ms (cache miss)
810 silly packumentCache corgi:https://registry.npmjs.org/flat-cache set size:undefined disposed:false
811 http fetch GET 200 https://registry.npmjs.org/tapable 1175ms (cache miss)
812 silly packumentCache corgi:https://registry.npmjs.org/tapable set size:undefined disposed:false
813 http fetch GET 200 https://registry.npmjs.org/@types%2fd3-timer 1825ms (cache miss)
814 silly packumentCache corgi:https://registry.npmjs.org/@types%2fd3-timer set size:undefined disposed:false
815 http fetch GET 200 https://registry.npmjs.org/@types%2fd3-time 1826ms (cache miss)
816 silly packumentCache corgi:https://registry.npmjs.org/@types%2fd3-time set size:undefined disposed:false
817 http fetch GET 200 https://registry.npmjs.org/@types%2fd3-color 1825ms (cache miss)
818 silly packumentCache corgi:https://registry.npmjs.org/@types%2fd3-color set size:undefined disposed:false
819 http fetch GET 200 https://registry.npmjs.org/@types/json-schema/-/json-schema-7.0.15.tgz 1434ms (cache miss)
820 http fetch GET 200 https://registry.npmjs.org/d3-format 1092ms (cache miss)
821 silly packumentCache corgi:https://registry.npmjs.org/d3-format set size:undefined disposed:false
822 http fetch GET 200 https://registry.npmjs.org/d3-scale 1100ms (cache miss)
823 silly packumentCache corgi:https://registry.npmjs.org/d3-scale set size:undefined disposed:false
824 http fetch GET 200 https://registry.npmjs.org/to-regex-range/-/to-regex-range-5.0.1.tgz 1826ms (cache miss)
825 http fetch GET 200 https://registry.npmjs.org/@types%2festree 1844ms (cache miss)
826 silly packumentCache corgi:https://registry.npmjs.org/@types%2festree set size:undefined disposed:false
827 http fetch GET 200 https://registry.npmjs.org/keyv 1151ms (cache miss)
828 silly packumentCache corgi:https://registry.npmjs.org/keyv set size:undefined disposed:false
829 http fetch GET 200 https://registry.npmjs.org/lightningcss 1152ms (cache miss)
830 silly packumentCache corgi:https://registry.npmjs.org/lightningcss set size:undefined disposed:false
831 http fetch GET 200 https://registry.npmjs.org/flatted 1144ms (cache miss)
832 silly packumentCache corgi:https://registry.npmjs.org/flatted set size:undefined disposed:false
833 http fetch GET 200 https://registry.npmjs.org/@humanfs%2fnode 865ms (cache miss)
834 silly packumentCache corgi:https://registry.npmjs.org/@humanfs%2fnode set size:undefined disposed:false
835 http fetch GET 200 https://registry.npmjs.org/get-symbol-description 808ms (cache miss)
836 silly packumentCache corgi:https://registry.npmjs.org/get-symbol-description set size:undefined disposed:false
837 http fetch GET 200 https://registry.npmjs.org/debug 1116ms (cache miss)
838 silly packumentCache corgi:https://registry.npmjs.org/debug set size:undefined disposed:false
839 http fetch GET 200 https://registry.npmjs.org/ignore/-/ignore-5.3.2.tgz 1742ms (cache miss)
840 http fetch GET 200 https://registry.npmjs.org/react-smooth 1166ms (cache miss)
841 silly packumentCache corgi:https://registry.npmjs.org/react-smooth set size:undefined disposed:false
842 http fetch GET 200 https://registry.npmjs.org/@jridgewell%2ftrace-mapping 885ms (cache miss)
843 silly packumentCache corgi:https://registry.npmjs.org/@jridgewell%2ftrace-mapping set size:undefined disposed:false
844 http fetch GET 200 https://registry.npmjs.org/which 787ms (cache miss)
845 silly packumentCache corgi:https://registry.npmjs.org/which set size:undefined disposed:false
846 http fetch GET 200 https://registry.npmjs.org/@humanwhocodes%2fmodule-importer 878ms (cache miss)
847 silly packumentCache corgi:https://registry.npmjs.org/@humanwhocodes%2fmodule-importer set size:undefined disposed:false
848 http fetch GET 200 https://registry.npmjs.org/object.groupby/-/object.groupby-1.0.3.tgz 773ms (cache miss)
849 http fetch GET 200 https://registry.npmjs.org/object.entries/-/object.entries-1.1.9.tgz 771ms (cache miss)
850 http fetch GET 200 https://registry.npmjs.org/magic-string 1171ms (cache miss)
851 silly packumentCache corgi:https://registry.npmjs.org/magic-string set size:undefined disposed:false
852 http fetch GET 200 https://registry.npmjs.org/string.prototype.repeat/-/string.prototype.repeat-1.0.0.tgz 786ms (cache miss)
853 http fetch GET 200 https://registry.npmjs.org/graceful-fs 1903ms (cache miss)
854 silly packumentCache corgi:https://registry.npmjs.org/graceful-fs set size:undefined disposed:false
855 http fetch GET 200 https://registry.npmjs.org/@jridgewell%2fsourcemap-codec 886ms (cache miss)
856 silly packumentCache corgi:https://registry.npmjs.org/@jridgewell%2fsourcemap-codec set size:undefined disposed:false
857 http fetch GET 200 https://registry.npmjs.org/debug 822ms (cache miss)
858 silly packumentCache corgi:https://registry.npmjs.org/debug set size:undefined disposed:false
859 http fetch GET 200 https://registry.npmjs.org/@humanfs%2fcore 885ms (cache miss)
860 silly packumentCache corgi:https://registry.npmjs.org/@humanfs%2fcore set size:undefined disposed:false
861 http fetch GET 200 https://registry.npmjs.org/@emnapi%2fruntime 833ms (cache miss)
862 silly packumentCache corgi:https://registry.npmjs.org/@emnapi%2fruntime set size:undefined disposed:false
863 http fetch GET 200 https://registry.npmjs.org/minimist/-/minimist-1.2.8.tgz 787ms (cache miss)
864 http fetch GET 200 https://registry.npmjs.org/fast-json-stable-stringify/-/fast-json-stable-stringify-2.1.0.tgz 780ms (cache miss)
865 http fetch GET 200 https://registry.npmjs.org/fast-deep-equal/-/fast-deep-equal-3.1.3.tgz 780ms (cache miss)
866 http fetch GET 200 https://registry.npmjs.org/array.prototype.findlast/-/array.prototype.findlast-1.2.5.tgz 763ms (cache miss)
867 http fetch GET 200 https://registry.npmjs.org/iterator.prototype/-/iterator.prototype-1.1.5.tgz 797ms (cache miss)
868 http fetch GET 200 https://registry.npmjs.org/@types%2fd3-shape 1901ms (cache miss)
869 silly packumentCache corgi:https://registry.npmjs.org/@types%2fd3-shape set size:undefined disposed:false
870 http fetch GET 200 https://registry.npmjs.org/@types%2fd3-scale 1902ms (cache miss)
871 silly packumentCache corgi:https://registry.npmjs.org/@types%2fd3-scale set size:undefined disposed:false
872 http fetch GET 200 https://registry.npmjs.org/has/-/has-1.0.4.tgz 798ms (cache miss)
873 http fetch GET 200 https://registry.npmjs.org/eslint-visitor-keys/-/eslint-visitor-keys-5.0.1.tgz 795ms (cache miss)
874 http fetch GET 200 https://registry.npmjs.org/concat-map/-/concat-map-0.0.1.tgz 775ms (cache miss)
875 http fetch GET 200 https://registry.npmjs.org/array.prototype.tosorted/-/array.prototype.tosorted-1.1.4.tgz 771ms (cache miss)
876 http fetch GET 200 https://registry.npmjs.org/balanced-match/-/balanced-match-1.0.2.tgz 771ms (cache miss)
877 http fetch GET 200 https://registry.npmjs.org/damerau-levenshtein/-/damerau-levenshtein-1.0.8.tgz 793ms (cache miss)
878 http fetch GET 200 https://registry.npmjs.org/fastq/-/fastq-1.20.1.tgz 811ms (cache miss)
879 http fetch GET 200 https://registry.npmjs.org/braces/-/braces-3.0.3.tgz 783ms (cache miss)
880 http fetch GET 200 https://registry.npmjs.org/language-tags/-/language-tags-1.0.9.tgz 817ms (cache miss)
881 http fetch GET 200 https://registry.npmjs.org/@types%2freact-dom 958ms (cache miss)
882 silly packumentCache corgi:https://registry.npmjs.org/@types%2freact-dom set size:undefined disposed:false
883 http fetch GET 200 https://registry.npmjs.org/@types%2fd3-array 1917ms (cache miss)
884 silly packumentCache corgi:https://registry.npmjs.org/@types%2fd3-array set size:undefined disposed:false
885 http fetch GET 200 https://registry.npmjs.org/ast-types-flow/-/ast-types-flow-0.0.7.tgz 790ms (cache miss)
886 http fetch GET 200 https://registry.npmjs.org/eslint-visitor-keys/-/eslint-visitor-keys-2.1.0.tgz 770ms (cache miss)
887 http fetch GET 200 https://registry.npmjs.org/sharp 1271ms (cache miss)
888 silly packumentCache corgi:https://registry.npmjs.org/sharp set size:undefined disposed:false
889 http fetch GET 200 https://registry.npmjs.org/eslint-visitor-keys 809ms (cache miss)
890 silly packumentCache corgi:https://registry.npmjs.org/eslint-visitor-keys set size:undefined disposed:false
891 http fetch GET 200 https://registry.npmjs.org/array.prototype.findlastindex/-/array.prototype.findlastindex-1.2.6.tgz 800ms (cache miss)
892 http fetch GET 200 https://registry.npmjs.org/glob/-/glob-7.1.7.tgz 1820ms (cache miss)
893 warn deprecated glob@7.1.7: Old versions of glob are not supported, and contain widely publicized security vulnerabilities, which have been fixed in the current version. Please update. Support for old versions may be purchased (at exorbitant rates) by contacting i@izs.me
894 http fetch GET 200 https://registry.npmjs.org/eslint-plugin-react-hooks/-/eslint-plugin-react-hooks-4.6.2.tgz 797ms (cache miss)
895 http fetch GET 200 https://registry.npmjs.org/has-tostringtag 514ms (cache miss)
896 silly packumentCache corgi:https://registry.npmjs.org/has-tostringtag set size:undefined disposed:false
897 http fetch GET 200 https://registry.npmjs.org/balanced-match/-/balanced-match-1.0.2.tgz 808ms (cache miss)
898 http fetch GET 200 https://registry.npmjs.org/semver 863ms (cache miss)
899 silly packumentCache corgi:https://registry.npmjs.org/semver set size:undefined disposed:false
900 http fetch GET 200 https://registry.npmjs.org/recharts-scale 528ms (cache miss)
901 silly packumentCache corgi:https://registry.npmjs.org/recharts-scale set size:undefined disposed:false
902 http fetch GET 200 https://registry.npmjs.org/string.prototype.matchall/-/string.prototype.matchall-4.0.12.tgz 869ms (cache miss)
903 http fetch GET 200 https://registry.npmjs.org/eslint-module-utils/-/eslint-module-utils-2.12.1.tgz 1833ms (cache miss)
904 http fetch GET 200 https://registry.npmjs.org/reusify/-/reusify-1.1.0.tgz 530ms (cache miss)
905 http fetch GET 200 https://registry.npmjs.org/debug/-/debug-3.2.7.tgz 838ms (cache miss)
906 http fetch GET 200 https://registry.npmjs.org/d3-interpolate 549ms (cache miss)
907 silly packumentCache corgi:https://registry.npmjs.org/d3-interpolate set size:undefined disposed:false
908 http fetch GET 200 https://registry.npmjs.org/tiny-invariant 557ms (cache miss)
909 silly packumentCache corgi:https://registry.npmjs.org/tiny-invariant set size:undefined disposed:false
910 http fetch GET 200 https://registry.npmjs.org/json-schema-traverse/-/json-schema-traverse-0.4.1.tgz 535ms (cache miss)
911 http fetch GET 200 https://registry.npmjs.org/picomatch/-/picomatch-2.3.1.tgz 895ms (cache miss)
912 http fetch GET 200 https://registry.npmjs.org/baseline-browser-mapping 854ms (cache miss)
913 silly packumentCache corgi:https://registry.npmjs.org/baseline-browser-mapping set size:undefined disposed:false
914 http fetch GET 200 https://registry.npmjs.org/has-symbols 563ms (cache miss)
915 silly packumentCache corgi:https://registry.npmjs.org/has-symbols set size:undefined disposed:false
916 http fetch GET 200 https://registry.npmjs.org/object-inspect 565ms (cache miss)
917 silly packumentCache corgi:https://registry.npmjs.org/object-inspect set size:undefined disposed:false
918 http fetch GET 200 https://registry.npmjs.org/@jridgewell%2fgen-mapping 554ms (cache miss)
919 silly packumentCache corgi:https://registry.npmjs.org/@jridgewell%2fgen-mapping set size:undefined disposed:false
920 http fetch GET 200 https://registry.npmjs.org/debug/-/debug-3.2.7.tgz 850ms (cache miss)
921 http fetch GET 200 https://registry.npmjs.org/semver 857ms (cache miss)
922 silly packumentCache corgi:https://registry.npmjs.org/semver set size:undefined disposed:false
923 http fetch GET 200 https://registry.npmjs.org/nanoid 909ms (cache miss)
924 silly packumentCache corgi:https://registry.npmjs.org/nanoid set size:undefined disposed:false
925 http fetch GET 200 https://registry.npmjs.org/react-transition-group 583ms (cache miss)
926 silly packumentCache corgi:https://registry.npmjs.org/react-transition-group set size:undefined disposed:false
927 http fetch GET 200 https://registry.npmjs.org/@jridgewell%2fresolve-uri 574ms (cache miss)
928 silly packumentCache corgi:https://registry.npmjs.org/@jridgewell%2fresolve-uri set size:undefined disposed:false
929 http fetch GET 200 https://registry.npmjs.org/cross-spawn 580ms (cache miss)
930 silly packumentCache corgi:https://registry.npmjs.org/cross-spawn set size:undefined disposed:false
931 http fetch GET 200 https://registry.npmjs.org/d3-array 586ms (cache miss)
932 silly packumentCache corgi:https://registry.npmjs.org/d3-array set size:undefined disposed:false
933 http fetch GET 200 https://registry.npmjs.org/tslib/-/tslib-1.14.1.tgz 552ms (cache miss)
934 http fetch GET 200 https://registry.npmjs.org/jiti 919ms (cache miss)
935 silly packumentCache corgi:https://registry.npmjs.org/jiti set size:undefined disposed:false
936 http fetch GET 200 https://registry.npmjs.org/@eslint/object-schema/-/object-schema-3.0.2.tgz 564ms (cache miss)
937 http fetch GET 200 https://registry.npmjs.org/d3-shape 597ms (cache miss)
938 silly packumentCache corgi:https://registry.npmjs.org/d3-shape set size:undefined disposed:false
939 http fetch GET 200 https://registry.npmjs.org/@swc%2fhelpers 593ms (cache miss)
940 silly packumentCache corgi:https://registry.npmjs.org/@swc%2fhelpers set size:undefined disposed:false
941 http fetch GET 200 https://registry.npmjs.org/csstype 2046ms (cache miss)
942 silly packumentCache corgi:https://registry.npmjs.org/csstype set size:undefined disposed:false
943 http fetch GET 200 https://registry.npmjs.org/minimatch 2068ms (cache miss)
944 silly packumentCache corgi:https://registry.npmjs.org/minimatch set size:undefined disposed:false
945 http fetch GET 200 https://registry.npmjs.org/es-abstract 613ms (cache miss)
946 silly packumentCache corgi:https://registry.npmjs.org/es-abstract set size:undefined disposed:false
947 http fetch GET 200 https://registry.npmjs.org/enhanced-resolve 617ms (cache miss)
948 silly packumentCache corgi:https://registry.npmjs.org/enhanced-resolve set size:undefined disposed:false
949 http fetch GET 200 https://registry.npmjs.org/postcss 1006ms (cache miss)
950 silly packumentCache corgi:https://registry.npmjs.org/postcss set size:undefined disposed:false
951 http fetch GET 200 https://registry.npmjs.org/@eslint/core/-/core-1.1.0.tgz 590ms (cache miss)
952 http fetch GET 200 https://registry.npmjs.org/@typescript-eslint/parser/-/parser-4.33.0.tgz 905ms (cache miss)
953 http fetch GET 200 https://registry.npmjs.org/@eslint/config-helpers/-/config-helpers-0.5.2.tgz 593ms (cache miss)
954 http fetch GET 200 https://registry.npmjs.org/jsx-ast-utils 567ms (cache miss)
955 silly packumentCache corgi:https://registry.npmjs.org/jsx-ast-utils set size:undefined disposed:false
956 http fetch GET 200 https://registry.npmjs.org/fast-equals 646ms (cache miss)
957 silly packumentCache corgi:https://registry.npmjs.org/fast-equals set size:undefined disposed:false
958 http fetch GET 200 https://registry.npmjs.org/styled-jsx 652ms (cache miss)
959 silly packumentCache corgi:https://registry.npmjs.org/styled-jsx set size:undefined disposed:false
960 http fetch GET 200 https://registry.npmjs.org/yocto-queue/-/yocto-queue-0.1.0.tgz 488ms (cache miss)
961 http fetch GET 200 https://registry.npmjs.org/postcss 1398ms (cache miss)
962 silly packumentCache corgi:https://registry.npmjs.org/postcss set size:undefined disposed:false
963 http fetch GET 200 https://registry.npmjs.org/imurmurhash/-/imurmurhash-0.1.4.tgz 548ms (cache miss)
964 http fetch GET 200 https://registry.npmjs.org/shebang-regex/-/shebang-regex-3.0.0.tgz 535ms (cache miss)
965 http fetch GET 200 https://registry.npmjs.org/is-extglob/-/is-extglob-2.1.1.tgz 567ms (cache miss)
966 http fetch GET 200 https://registry.npmjs.org/escape-string-regexp/-/escape-string-regexp-4.0.0.tgz 564ms (cache miss)
967 http fetch GET 200 https://registry.npmjs.org/victory-vendor 633ms (cache miss)
968 silly packumentCache corgi:https://registry.npmjs.org/victory-vendor set size:undefined disposed:false
969 http fetch GET 200 https://registry.npmjs.org/emoji-regex/-/emoji-regex-9.2.2.tgz 1054ms (cache miss)
970 http fetch GET 200 https://registry.npmjs.org/@img%2fsharp-libvips-darwin-arm64 667ms (cache miss)
971 silly packumentCache corgi:https://registry.npmjs.org/@img%2fsharp-libvips-darwin-arm64 set size:undefined disposed:false
972 http fetch GET 200 https://registry.npmjs.org/natural-compare/-/natural-compare-1.4.0.tgz 594ms (cache miss)
973 http fetch GET 200 https://registry.npmjs.org/picocolors/-/picocolors-1.1.1.tgz 547ms (cache miss)
974 http fetch GET 200 https://registry.npmjs.org/is-shared-array-buffer/-/is-shared-array-buffer-1.0.4.tgz 546ms (cache miss)
975 http fetch GET 200 https://registry.npmjs.org/shebang-command/-/shebang-command-2.0.0.tgz 580ms (cache miss)
976 http fetch GET 200 https://registry.npmjs.org/gopd/-/gopd-1.2.0.tgz 557ms (cache miss)
977 http fetch GET 200 https://registry.npmjs.org/path-parse/-/path-parse-1.0.7.tgz 562ms (cache miss)
978 http fetch GET 200 https://registry.npmjs.org/@img/colour/-/colour-1.0.0.tgz 587ms (cache miss)
979 http fetch GET 200 https://registry.npmjs.org/loose-envify/-/loose-envify-1.4.0.tgz 562ms (cache miss)
980 http fetch GET 200 https://registry.npmjs.org/type-check/-/type-check-0.4.0.tgz 565ms (cache miss)
981 http fetch GET 200 https://registry.npmjs.org/path-exists/-/path-exists-4.0.0.tgz 570ms (cache miss)
982 http fetch GET 200 https://registry.npmjs.org/isarray/-/isarray-2.0.5.tgz 572ms (cache miss)
983 http fetch GET 200 https://registry.npmjs.org/json5/-/json5-1.0.2.tgz 1048ms (cache miss)
984 http fetch GET 200 https://registry.npmjs.org/espree/-/espree-11.1.1.tgz 1093ms (cache miss)
985 http fetch GET 200 https://registry.npmjs.org/@alloc/quick-lru/-/quick-lru-5.2.0.tgz 574ms (cache miss)
986 http fetch GET 200 https://registry.npmjs.org/@babel%2fruntime 764ms (cache miss)
987 silly packumentCache corgi:https://registry.npmjs.org/@babel%2fruntime set size:undefined disposed:false
988 http fetch GET 200 https://registry.npmjs.org/data-view-buffer/-/data-view-buffer-1.0.2.tgz 571ms (cache miss)
989 http fetch GET 200 https://registry.npmjs.org/fast-levenshtein/-/fast-levenshtein-2.0.6.tgz 577ms (cache miss)
990 http fetch GET 200 https://registry.npmjs.org/glob-parent/-/glob-parent-6.0.2.tgz 581ms (cache miss)
991 http fetch GET 200 https://registry.npmjs.org/json-stable-stringify-without-jsonify/-/json-stable-stringify-without-jsonify-1.0.1.tgz 581ms (cache miss)
992 http fetch GET 200 https://registry.npmjs.org/path-key/-/path-key-3.1.1.tgz 571ms (cache miss)
993 http fetch GET 200 https://registry.npmjs.org/word-wrap/-/word-wrap-1.2.5.tgz 576ms (cache miss)
994 http fetch GET 200 https://registry.npmjs.org/object-assign/-/object-assign-4.1.1.tgz 576ms (cache miss)
995 http cache https://registry.npmjs.org/semver/-/semver-7.7.4.tgz 220ms (cache hit)
996 http fetch GET 200 https://registry.npmjs.org/unbox-primitive/-/unbox-primitive-1.1.0.tgz 580ms (cache miss)
997 http fetch GET 200 https://registry.npmjs.org/side-channel-list/-/side-channel-list-1.0.0.tgz 568ms (cache miss)
998 http fetch GET 200 https://registry.npmjs.org/client-only/-/client-only-0.0.1.tgz 577ms (cache miss)
999 silly packumentCache corgi:https://registry.npmjs.org/eslint-plugin-import cache-miss
1000 silly packumentCache corgi:https://registry.npmjs.org/eslint-plugin-react cache-miss
1001 silly packumentCache corgi:https://registry.npmjs.org/glob cache-miss
1002 http fetch GET 200 https://registry.npmjs.org/@typescript-eslint/visitor-keys/-/visitor-keys-4.33.0.tgz 1094ms (cache miss)
1003 http fetch GET 200 https://registry.npmjs.org/typed-array-byte-length/-/typed-array-byte-length-1.0.3.tgz 587ms (cache miss)
1004 http fetch GET 200 https://registry.npmjs.org/which-builtin-type/-/which-builtin-type-1.2.1.tgz 591ms (cache miss)
1005 http fetch GET 200 https://registry.npmjs.org/p-locate/-/p-locate-5.0.0.tgz 596ms (cache miss)
1006 http fetch GET 200 https://registry.npmjs.org/is-glob/-/is-glob-4.0.3.tgz 593ms (cache miss)
1007 http fetch GET 200 https://registry.npmjs.org/object.assign/-/object.assign-4.1.7.tgz 569ms (cache miss)
1008 http fetch GET 200 https://registry.npmjs.org/set-function-name/-/set-function-name-2.0.2.tgz 570ms (cache miss)
1009 http fetch GET 200 https://registry.npmjs.org/es-object-atoms/-/es-object-atoms-1.1.1.tgz 571ms (cache miss)
1010 http fetch GET 200 https://registry.npmjs.org/is-typed-array/-/is-typed-array-1.1.15.tgz 569ms (cache miss)
1011 http fetch GET 200 https://registry.npmjs.org/string.prototype.trimstart/-/string.prototype.trimstart-1.0.8.tgz 572ms (cache miss)
1012 http fetch GET 200 https://registry.npmjs.org/@next/eslint-plugin-next/-/eslint-plugin-next-12.0.4.tgz 793ms (cache miss)
1013 http fetch GET 200 https://registry.npmjs.org/es-define-property/-/es-define-property-1.0.1.tgz 579ms (cache miss)
1014 http fetch GET 200 https://registry.npmjs.org/levn/-/levn-0.4.1.tgz 584ms (cache miss)
1015 http fetch GET 200 https://registry.npmjs.org/@eslint-community/regexpp/-/regexpp-4.12.2.tgz 616ms (cache miss)
1016 http fetch GET 200 https://registry.npmjs.org/js-tokens/-/js-tokens-4.0.0.tgz 585ms (cache miss)
1017 http fetch GET 200 https://registry.npmjs.org/is-finalizationregistry/-/is-finalizationregistry-1.1.1.tgz 584ms (cache miss)
1018 http fetch GET 200 https://registry.npmjs.org/globalthis/-/globalthis-1.0.4.tgz 587ms (cache miss)
1019 http fetch GET 200 https://registry.npmjs.org/@tailwindcss%2fnode 1291ms (cache miss)
1020 silly packumentCache corgi:https://registry.npmjs.org/@tailwindcss%2fnode set size:undefined disposed:false
1021 http fetch GET 200 https://registry.npmjs.org/data-view-byte-length/-/data-view-byte-length-1.0.2.tgz 593ms (cache miss)
1022 http fetch GET 200 https://registry.npmjs.org/stop-iteration-iterator/-/stop-iteration-iterator-1.1.0.tgz 582ms (cache miss)
1023 http fetch GET 200 https://registry.npmjs.org/deep-is/-/deep-is-0.1.4.tgz 593ms (cache miss)
1024 http fetch GET 200 https://registry.npmjs.org/is-async-function/-/is-async-function-2.1.1.tgz 580ms (cache miss)
1025 http fetch GET 200 https://registry.npmjs.org/locate-path/-/locate-path-6.0.0.tgz 582ms (cache miss)
1026 http fetch GET 200 https://registry.npmjs.org/call-bound/-/call-bound-1.0.4.tgz 585ms (cache miss)
1027 http fetch GET 200 https://registry.npmjs.org/function.prototype.name/-/function.prototype.name-1.1.8.tgz 581ms (cache miss)
1028 http fetch GET 200 https://registry.npmjs.org/has-property-descriptors/-/has-property-descriptors-1.0.2.tgz 598ms (cache miss)
1029 http fetch GET 200 https://registry.npmjs.org/is-generator-function/-/is-generator-function-1.1.2.tgz 581ms (cache miss)
1030 http fetch GET 200 https://registry.npmjs.org/is-data-view/-/is-data-view-1.0.2.tgz 602ms (cache miss)
1031 http fetch GET 200 https://registry.npmjs.org/isexe/-/isexe-2.0.0.tgz 584ms (cache miss)
1032 http fetch GET 200 https://registry.npmjs.org/node-exports-info/-/node-exports-info-1.6.0.tgz 1188ms (cache miss)
1033 http fetch GET 200 https://registry.npmjs.org/@types/d3-path/-/d3-path-3.1.1.tgz 606ms (cache miss)
1034 http fetch GET 200 https://registry.npmjs.org/eslint-import-resolver-node/-/eslint-import-resolver-node-0.3.9.tgz 608ms (cache miss)
1035 http fetch GET 200 https://registry.npmjs.org/optionator/-/optionator-0.9.4.tgz 599ms (cache miss)
1036 http fetch GET 200 https://registry.npmjs.org/function-bind/-/function-bind-1.1.2.tgz 616ms (cache miss)
1037 http fetch GET 200 https://registry.npmjs.org/generator-function/-/generator-function-2.0.1.tgz 625ms (cache miss)
1038 http fetch GET 200 https://registry.npmjs.org/is-regex/-/is-regex-1.2.1.tgz 612ms (cache miss)
1039 http fetch GET 200 https://registry.npmjs.org/d3-color/-/d3-color-3.1.0.tgz 611ms (cache miss)
1040 http fetch GET 200 https://registry.npmjs.org/@types%2freact 1339ms (cache miss)
1041 silly packumentCache corgi:https://registry.npmjs.org/@types%2freact set size:undefined disposed:false
1042 http fetch GET 200 https://registry.npmjs.org/side-channel-map/-/side-channel-map-1.0.1.tgz 599ms (cache miss)
1043 http fetch GET 200 https://registry.npmjs.org/clsx/-/clsx-2.1.1.tgz 598ms (cache miss)
1044 http fetch GET 200 https://registry.npmjs.org/supports-preserve-symlinks-flag/-/supports-preserve-symlinks-flag-1.0.0.tgz 619ms (cache miss)
1045 http fetch GET 200 https://registry.npmjs.org/dunder-proto/-/dunder-proto-1.0.1.tgz 616ms (cache miss)
1046 http fetch GET 200 https://registry.npmjs.org/eslint-scope/-/eslint-scope-9.1.1.tgz 1208ms (cache miss)
1047 http fetch GET 200 https://registry.npmjs.org/@eslint/plugin-kit/-/plugin-kit-0.6.0.tgz 859ms (cache miss)
1048 http fetch GET 200 https://registry.npmjs.org/es-set-tostringtag/-/es-set-tostringtag-2.1.0.tgz 629ms (cache miss)
1049 http fetch GET 200 https://registry.npmjs.org/which-boxed-primitive/-/which-boxed-primitive-1.1.1.tgz 624ms (cache miss)
1050 http fetch GET 200 https://registry.npmjs.org/source-map-js/-/source-map-js-1.2.1.tgz 614ms (cache miss)
1051 http fetch GET 200 https://registry.npmjs.org/available-typed-arrays/-/available-typed-arrays-1.0.7.tgz 614ms (cache miss)
1052 http fetch GET 200 https://registry.npmjs.org/set-function-length/-/set-function-length-1.2.2.tgz 635ms (cache miss)
1053 http fetch GET 200 https://registry.npmjs.org/set-proto/-/set-proto-1.0.0.tgz 640ms (cache miss)
1054 http fetch GET 200 https://registry.npmjs.org/typed-array-byte-offset/-/typed-array-byte-offset-1.0.4.tgz 663ms (cache miss)
1055 http fetch GET 200 https://registry.npmjs.org/prop-types/-/prop-types-15.8.1.tgz 645ms (cache miss)
1056 http fetch GET 200 https://registry.npmjs.org/object.fromentries/-/object.fromentries-2.0.8.tgz 644ms (cache miss)
1057 http fetch GET 200 https://registry.npmjs.org/safe-push-apply/-/safe-push-apply-1.0.0.tgz 643ms (cache miss)
1058 http fetch GET 200 https://registry.npmjs.org/decimal.js-light/-/decimal.js-light-2.5.1.tgz 672ms (cache miss)
1059 http fetch GET 200 https://registry.npmjs.org/balanced-match/-/balanced-match-4.0.4.tgz 913ms (cache miss)
1060 http fetch GET 200 https://registry.npmjs.org/safe-regex-test/-/safe-regex-test-1.1.0.tgz 652ms (cache miss)
1061 http fetch GET 200 https://registry.npmjs.org/is-weakmap/-/is-weakmap-2.0.2.tgz 658ms (cache miss)
1062 http fetch GET 200 https://registry.npmjs.org/safe-array-concat/-/safe-array-concat-1.1.3.tgz 658ms (cache miss)
1063 http fetch GET 200 https://registry.npmjs.org/typed-array-buffer/-/typed-array-buffer-1.0.3.tgz 659ms (cache miss)
1064 http fetch GET 200 https://registry.npmjs.org/is-string/-/is-string-1.1.1.tgz 659ms (cache miss)
1065 http fetch GET 200 https://registry.npmjs.org/possible-typed-array-names/-/possible-typed-array-names-1.1.0.tgz 661ms (cache miss)
1066 http fetch GET 200 https://registry.npmjs.org/brace-expansion/-/brace-expansion-5.0.3.tgz 927ms (cache miss)
1067 http fetch GET 200 https://registry.npmjs.org/json-buffer/-/json-buffer-3.0.1.tgz 663ms (cache miss)
1068 http fetch GET 200 https://registry.npmjs.org/internmap/-/internmap-2.0.3.tgz 690ms (cache miss)
1069 http fetch GET 200 https://registry.npmjs.org/is-weakref/-/is-weakref-1.1.1.tgz 663ms (cache miss)
1070 http fetch GET 200 https://registry.npmjs.org/is-array-buffer/-/is-array-buffer-3.0.5.tgz 663ms (cache miss)
1071 http fetch GET 200 https://registry.npmjs.org/acorn/-/acorn-8.16.0.tgz 1205ms (cache miss)
1072 http fetch GET 200 https://registry.npmjs.org/async-function/-/async-function-1.0.0.tgz 686ms (cache miss)
1073 http fetch GET 200 https://registry.npmjs.org/is-negative-zero/-/is-negative-zero-2.0.3.tgz 670ms (cache miss)
1074 http fetch GET 200 https://registry.npmjs.org/call-bind/-/call-bind-1.0.8.tgz 671ms (cache miss)
1075 http fetch GET 200 https://registry.npmjs.org/hasown/-/hasown-2.0.2.tgz 675ms (cache miss)
1076 http fetch GET 200 https://registry.npmjs.org/is-set/-/is-set-2.0.3.tgz 685ms (cache miss)
1077 http fetch GET 200 https://registry.npmjs.org/object-keys/-/object-keys-1.1.1.tgz 685ms (cache miss)
1078 http fetch GET 200 https://registry.npmjs.org/tailwind-merge 989ms (cache miss)
1079 silly packumentCache corgi:https://registry.npmjs.org/tailwind-merge set size:undefined disposed:false
1080 http fetch GET 200 https://registry.npmjs.org/is-number-object/-/is-number-object-1.1.1.tgz 695ms (cache miss)
1081 http fetch GET 200 https://registry.npmjs.org/internal-slot/-/internal-slot-1.1.0.tgz 695ms (cache miss)
1082 http fetch GET 200 https://registry.npmjs.org/get-proto/-/get-proto-1.0.1.tgz 695ms (cache miss)
1083 http fetch GET 200 https://registry.npmjs.org/is-date-object/-/is-date-object-1.1.0.tgz 694ms (cache miss)
1084 http fetch GET 200 https://registry.npmjs.org/is-boolean-object/-/is-boolean-object-1.2.2.tgz 697ms (cache miss)
1085 http fetch GET 200 https://registry.npmjs.org/ms/-/ms-2.1.3.tgz 697ms (cache miss)
1086 http fetch GET 200 https://registry.npmjs.org/has-bigints/-/has-bigints-1.1.0.tgz 697ms (cache miss)
1087 http fetch GET 200 https://registry.npmjs.org/eventemitter3/-/eventemitter3-4.0.7.tgz 700ms (cache miss)
1088 http fetch GET 200 https://registry.npmjs.org/es-errors/-/es-errors-1.3.0.tgz 696ms (cache miss)
1089 http fetch GET 200 https://registry.npmjs.org/get-intrinsic/-/get-intrinsic-1.3.0.tgz 707ms (cache miss)
1090 http fetch GET 200 https://registry.npmjs.org/own-keys/-/own-keys-1.0.1.tgz 706ms (cache miss)
1091 http fetch GET 200 https://registry.npmjs.org/for-each/-/for-each-0.3.5.tgz 705ms (cache miss)
1092 http fetch GET 200 https://registry.npmjs.org/define-properties/-/define-properties-1.2.1.tgz 706ms (cache miss)
1093 http fetch GET 200 https://registry.npmjs.org/math-intrinsics/-/math-intrinsics-1.1.0.tgz 713ms (cache miss)
1094 http fetch GET 200 https://registry.npmjs.org/side-channel/-/side-channel-1.1.0.tgz 715ms (cache miss)
1095 http fetch GET 200 https://registry.npmjs.org/find-up/-/find-up-5.0.0.tgz 713ms (cache miss)
1096 http fetch GET 200 https://registry.npmjs.org/esutils/-/esutils-2.0.3.tgz 716ms (cache miss)
1097 http fetch GET 200 https://registry.npmjs.org/data-view-byte-offset/-/data-view-byte-offset-1.0.1.tgz 718ms (cache miss)
1098 http fetch GET 200 https://registry.npmjs.org/functions-have-names/-/functions-have-names-1.2.3.tgz 719ms (cache miss)
1099 http fetch GET 200 https://registry.npmjs.org/define-data-property/-/define-data-property-1.1.4.tgz 720ms (cache miss)
1100 http fetch GET 200 https://registry.npmjs.org/which-typed-array/-/which-typed-array-1.1.20.tgz 720ms (cache miss)
1101 http fetch GET 200 https://registry.npmjs.org/es-to-primitive/-/es-to-primitive-1.3.0.tgz 730ms (cache miss)
1102 http fetch GET 200 https://registry.npmjs.org/p-limit/-/p-limit-3.1.0.tgz 735ms (cache miss)
1103 http fetch GET 200 https://registry.npmjs.org/side-channel-weakmap/-/side-channel-weakmap-1.0.2.tgz 736ms (cache miss)
1104 http fetch GET 200 https://registry.npmjs.org/d3-timer/-/d3-timer-3.0.1.tgz 765ms (cache miss)
1105 http fetch GET 200 https://registry.npmjs.org/has-proto/-/has-proto-1.2.0.tgz 771ms (cache miss)
1106 http fetch GET 200 https://registry.npmjs.org/es-shim-unscopables/-/es-shim-unscopables-1.1.0.tgz 766ms (cache miss)
1107 http fetch GET 200 https://registry.npmjs.org/d3-path/-/d3-path-3.1.0.tgz 770ms (cache miss)
1108 http fetch GET 200 https://registry.npmjs.org/doctrine/-/doctrine-2.1.0.tgz 780ms (cache miss)
1109 http fetch GET 200 https://registry.npmjs.org/@types/d3-ease/-/d3-ease-3.0.2.tgz 767ms (cache miss)
1110 http fetch GET 200 https://registry.npmjs.org/typed-array-length/-/typed-array-length-1.0.7.tgz 756ms (cache miss)
1111 http fetch GET 200 https://registry.npmjs.org/is-symbol/-/is-symbol-1.1.1.tgz 759ms (cache miss)
1112 http fetch GET 200 https://registry.npmjs.org/is-weakset/-/is-weakset-2.0.4.tgz 759ms (cache miss)
1113 http fetch GET 200 https://registry.npmjs.org/@typescript-eslint/types/-/types-4.33.0.tgz 1393ms (cache miss)
1114 http fetch GET 200 https://registry.npmjs.org/prelude-ls/-/prelude-ls-1.2.1.tgz 769ms (cache miss)
1115 http fetch GET 200 https://registry.npmjs.org/which-collection/-/which-collection-1.0.2.tgz 764ms (cache miss)
1116 http fetch GET 200 https://registry.npmjs.org/is-map/-/is-map-2.0.3.tgz 765ms (cache miss)
1117 http fetch GET 200 https://registry.npmjs.org/is-bigint/-/is-bigint-1.1.0.tgz 768ms (cache miss)
1118 http fetch GET 200 https://registry.npmjs.org/d3-time/-/d3-time-3.1.0.tgz 762ms (cache miss)
1119 http fetch GET 200 https://registry.npmjs.org/array.prototype.flat/-/array.prototype.flat-1.3.3.tgz 771ms (cache miss)
1120 http fetch GET 200 https://registry.npmjs.org/d3-time-format/-/d3-time-format-4.1.0.tgz 787ms (cache miss)
1121 http fetch GET 200 https://registry.npmjs.org/detect-libc/-/detect-libc-2.1.2.tgz 776ms (cache miss)
1122 http fetch GET 200 https://registry.npmjs.org/array.prototype.flatmap/-/array.prototype.flatmap-1.3.3.tgz 768ms (cache miss)
1123 http fetch GET 200 https://registry.npmjs.org/file-entry-cache/-/file-entry-cache-8.0.0.tgz 787ms (cache miss)
1124 http fetch GET 200 https://registry.npmjs.org/estraverse/-/estraverse-5.3.0.tgz 790ms (cache miss)
1125 http fetch GET 200 https://registry.npmjs.org/arraybuffer.prototype.slice/-/arraybuffer.prototype.slice-1.0.4.tgz 770ms (cache miss)
1126 http fetch GET 200 https://registry.npmjs.org/@humanwhocodes/retry/-/retry-0.4.3.tgz 774ms (cache miss)
1127 http fetch GET 200 https://registry.npmjs.org/tslib/-/tslib-2.8.1.tgz 769ms (cache miss)
1128 http fetch GET 200 https://registry.npmjs.org/array-buffer-byte-length/-/array-buffer-byte-length-1.0.2.tgz 775ms (cache miss)
1129 http fetch GET 200 https://registry.npmjs.org/string.prototype.trim/-/string.prototype.trim-1.2.10.tgz 768ms (cache miss)
1130 http fetch GET 200 https://registry.npmjs.org/string.prototype.trimend/-/string.prototype.trimend-1.0.9.tgz 787ms (cache miss)
1131 http fetch GET 200 https://registry.npmjs.org/undici-types/-/undici-types-6.21.0.tgz 795ms (cache miss)
1132 http fetch GET 200 https://registry.npmjs.org/@types/d3-interpolate/-/d3-interpolate-3.0.4.tgz 782ms (cache miss)
1133 http fetch GET 200 https://registry.npmjs.org/reflect.getprototypeof/-/reflect.getprototypeof-1.0.10.tgz 795ms (cache miss)
1134 http fetch GET 200 https://registry.npmjs.org/call-bind-apply-helpers/-/call-bind-apply-helpers-1.0.2.tgz 773ms (cache miss)
1135 http fetch GET 200 https://registry.npmjs.org/recharts 1092ms (cache miss)
1136 silly packumentCache corgi:https://registry.npmjs.org/recharts set size:undefined disposed:false
1137 http fetch GET 200 https://registry.npmjs.org/d3-ease/-/d3-ease-3.0.1.tgz 791ms (cache miss)
1138 http fetch GET 200 https://registry.npmjs.org/regexp.prototype.flags/-/regexp.prototype.flags-1.5.4.tgz 799ms (cache miss)
1139 http fetch GET 200 https://registry.npmjs.org/array-includes/-/array-includes-3.1.9.tgz 798ms (cache miss)
1140 http fetch GET 200 https://registry.npmjs.org/is-core-module/-/is-core-module-2.16.1.tgz 785ms (cache miss)
1141 http fetch GET 200 https://registry.npmjs.org/dom-helpers/-/dom-helpers-5.2.1.tgz 803ms (cache miss)
1142 http fetch GET 200 https://registry.npmjs.org/flat-cache/-/flat-cache-4.0.1.tgz 791ms (cache miss)
1143 http fetch GET 200 https://registry.npmjs.org/@img/sharp-darwin-arm64/-/sharp-darwin-arm64-0.34.5.tgz 869ms (cache miss)
1144 http fetch GET 200 https://registry.npmjs.org/is-callable/-/is-callable-1.2.7.tgz 799ms (cache miss)
1145 http fetch GET 200 https://registry.npmjs.org/@types/d3-timer/-/d3-timer-3.0.2.tgz 798ms (cache miss)
1146 http fetch GET 200 https://registry.npmjs.org/d3-format/-/d3-format-3.1.2.tgz 784ms (cache miss)
1147 http fetch GET 200 https://registry.npmjs.org/@types/d3-color/-/d3-color-3.1.3.tgz 797ms (cache miss)
1148 http fetch GET 200 https://registry.npmjs.org/keyv/-/keyv-4.5.4.tgz 779ms (cache miss)
1149 http fetch GET 200 https://registry.npmjs.org/@types/estree/-/estree-1.0.8.tgz 788ms (cache miss)
1150 http fetch GET 200 https://registry.npmjs.org/flatted/-/flatted-3.3.3.tgz 782ms (cache miss)
1151 http fetch GET 200 https://registry.npmjs.org/which/-/which-2.0.2.tgz 770ms (cache miss)
1152 http fetch GET 200 https://registry.npmjs.org/object.values/-/object.values-1.2.1.tgz 838ms (cache miss)
1153 http fetch GET 200 https://registry.npmjs.org/@types/d3-time/-/d3-time-3.0.4.tgz 810ms (cache miss)
1154 http fetch GET 200 https://registry.npmjs.org/@jridgewell/remapping/-/remapping-2.3.5.tgz 818ms (cache miss)
1155 http fetch GET 200 https://registry.npmjs.org/get-symbol-description/-/get-symbol-description-1.1.0.tgz 789ms (cache miss)
1156 http fetch GET 200 https://registry.npmjs.org/debug/-/debug-4.4.3.tgz 784ms (cache miss)
1157 http fetch GET 200 https://registry.npmjs.org/tapable/-/tapable-2.3.0.tgz 819ms (cache miss)
1158 http fetch GET 200 https://registry.npmjs.org/graceful-fs/-/graceful-fs-4.2.11.tgz 777ms (cache miss)
1159 http fetch GET 200 https://registry.npmjs.org/@humanfs/node/-/node-0.16.7.tgz 800ms (cache miss)
1160 http fetch GET 200 https://registry.npmjs.org/d3-scale/-/d3-scale-4.0.2.tgz 810ms (cache miss)
1161 http fetch GET 200 https://registry.npmjs.org/debug/-/debug-3.2.7.tgz 783ms (cache miss)
1162 http fetch GET 200 https://registry.npmjs.org/@humanwhocodes/module-importer/-/module-importer-1.0.1.tgz 790ms (cache miss)
1163 http fetch GET 200 https://registry.npmjs.org/@humanfs/core/-/core-0.19.1.tgz 796ms (cache miss)
1164 http fetch GET 200 https://registry.npmjs.org/has-tostringtag/-/has-tostringtag-1.0.2.tgz 727ms (cache miss)
1165 http fetch GET 200 https://registry.npmjs.org/@jridgewell/sourcemap-codec/-/sourcemap-codec-1.5.5.tgz 798ms (cache miss)
1166 http fetch GET 200 https://registry.npmjs.org/@types/d3-array/-/d3-array-3.2.2.tgz 752ms (cache miss)
1167 http fetch GET 200 https://registry.npmjs.org/@types/d3-scale/-/d3-scale-4.0.9.tgz 769ms (cache miss)
1168 http fetch GET 200 https://registry.npmjs.org/@jridgewell/trace-mapping/-/trace-mapping-0.3.31.tgz 807ms (cache miss)
1169 http fetch GET 200 https://registry.npmjs.org/@tailwindcss%2fpostcss 1698ms (cache miss)
1170 silly packumentCache corgi:https://registry.npmjs.org/@tailwindcss%2fpostcss set size:undefined disposed:false
1171 http fetch GET 200 https://registry.npmjs.org/eslint-visitor-keys/-/eslint-visitor-keys-3.4.3.tgz 743ms (cache miss)
1172 http fetch GET 200 https://registry.npmjs.org/semver/-/semver-6.3.1.tgz 723ms (cache miss)
1173 http fetch GET 200 https://registry.npmjs.org/@types/d3-shape/-/d3-shape-3.1.8.tgz 776ms (cache miss)
1174 http fetch GET 200 https://registry.npmjs.org/react-smooth/-/react-smooth-4.0.4.tgz 816ms (cache miss)
1175 http fetch GET 200 https://registry.npmjs.org/@types/react-dom/-/react-dom-19.2.3.tgz 761ms (cache miss)
1176 http fetch GET 200 https://registry.npmjs.org/has-symbols/-/has-symbols-1.1.0.tgz 693ms (cache miss)
1177 http fetch GET 200 https://registry.npmjs.org/d3-interpolate/-/d3-interpolate-3.0.1.tgz 701ms (cache miss)
1178 http fetch GET 200 https://registry.npmjs.org/tiny-invariant/-/tiny-invariant-1.3.3.tgz 700ms (cache miss)
1179 http fetch GET 200 https://registry.npmjs.org/lucide-react 1145ms (cache miss)
1180 silly packumentCache corgi:https://registry.npmjs.org/lucide-react set size:undefined disposed:false
1181 http fetch GET 200 https://registry.npmjs.org/recharts-scale/-/recharts-scale-0.4.5.tgz 733ms (cache miss)
1182 http fetch GET 200 https://registry.npmjs.org/nanoid/-/nanoid-3.3.11.tgz 687ms (cache miss)
1183 http fetch GET 200 https://registry.npmjs.org/baseline-browser-mapping/-/baseline-browser-mapping-2.10.0.tgz 709ms (cache miss)
1184 http fetch GET 200 https://registry.npmjs.org/object-inspect/-/object-inspect-1.13.4.tgz 706ms (cache miss)
1185 http fetch GET 200 https://registry.npmjs.org/d3-shape/-/d3-shape-3.2.0.tgz 676ms (cache miss)
1186 http fetch GET 200 https://registry.npmjs.org/cross-spawn/-/cross-spawn-7.0.6.tgz 699ms (cache miss)
1187 http fetch GET 200 https://registry.npmjs.org/@jridgewell/resolve-uri/-/resolve-uri-3.1.2.tgz 700ms (cache miss)
1188 http fetch GET 200 https://registry.npmjs.org/@eslint-community/eslint-utils/-/eslint-utils-4.9.1.tgz 922ms (cache miss)
1189 http fetch GET 200 https://registry.npmjs.org/jsx-ast-utils/-/jsx-ast-utils-3.3.5.tgz 647ms (cache miss)
1190 http fetch GET 200 https://registry.npmjs.org/d3-array/-/d3-array-3.2.4.tgz 700ms (cache miss)
1191 http fetch GET 200 https://registry.npmjs.org/@jridgewell/gen-mapping/-/gen-mapping-0.3.13.tgz 726ms (cache miss)
1192 http fetch GET 200 https://registry.npmjs.org/fast-equals/-/fast-equals-5.4.0.tgz 643ms (cache miss)
1193 http fetch GET 200 https://registry.npmjs.org/react-transition-group/-/react-transition-group-4.4.5.tgz 710ms (cache miss)
1194 http fetch GET 200 https://registry.npmjs.org/@tailwindcss%2foxide-darwin-arm64 2718ms (cache miss)
1195 silly packumentCache corgi:https://registry.npmjs.org/@tailwindcss%2foxide-darwin-arm64 set size:undefined disposed:false
1196 http fetch GET 200 https://registry.npmjs.org/@swc/helpers/-/helpers-0.5.15.tgz 694ms (cache miss)
1197 http fetch GET 200 https://registry.npmjs.org/postcss/-/postcss-8.4.31.tgz 674ms (cache miss)
1198 http fetch GET 200 https://registry.npmjs.org/enhanced-resolve/-/enhanced-resolve-5.19.0.tgz 678ms (cache miss)
1199 http fetch GET 200 https://registry.npmjs.org/postcss/-/postcss-8.5.6.tgz 574ms (cache miss)
1200 http fetch GET 200 https://registry.npmjs.org/caniuse-lite 1292ms (cache miss)
1201 silly packumentCache corgi:https://registry.npmjs.org/caniuse-lite set size:undefined disposed:false
1202 http fetch GET 200 https://registry.npmjs.org/@babel/runtime/-/runtime-7.28.6.tgz 535ms (cache miss)
1203 http fetch GET 200 https://registry.npmjs.org/@tailwindcss/node/-/node-4.2.0.tgz 473ms (cache miss)
1204 http fetch GET 200 https://registry.npmjs.org/@eslint/config-array/-/config-array-0.23.2.tgz 1235ms (cache miss)
1205 http fetch GET 200 https://registry.npmjs.org/glob 542ms (cache miss)
1206 silly packumentCache corgi:https://registry.npmjs.org/glob set size:undefined disposed:false
1207 http fetch GET 200 https://registry.npmjs.org/eslint-plugin-import 554ms (cache miss)
1208 silly packumentCache corgi:https://registry.npmjs.org/eslint-plugin-import set size:undefined disposed:false
1209 http fetch GET 200 https://registry.npmjs.org/@tailwindcss/postcss/-/postcss-4.2.0.tgz 120ms (cache miss)
1210 http fetch GET 200 https://registry.npmjs.org/magic-string/-/magic-string-0.30.21.tgz 930ms (cache miss)
1211 http fetch GET 200 https://registry.npmjs.org/eslint-plugin-react 577ms (cache miss)
1212 silly packumentCache corgi:https://registry.npmjs.org/eslint-plugin-react set size:undefined disposed:false
1213 http fetch GET 200 https://registry.npmjs.org/@emnapi/runtime/-/runtime-1.8.1.tgz 954ms (cache miss)
1214 http fetch GET 200 https://registry.npmjs.org/@types/react/-/react-19.2.14.tgz 516ms (cache miss)
1215 http fetch GET 200 https://registry.npmjs.org/lightningcss/-/lightningcss-1.31.1.tgz 983ms (cache miss)
1216 http fetch GET 200 https://registry.npmjs.org/@tailwindcss%2foxide 2832ms (cache miss)
1217 silly packumentCache corgi:https://registry.npmjs.org/@tailwindcss%2foxide set size:undefined disposed:false
1218 silly packumentCache corgi:https://registry.npmjs.org/eslint-import-resolver-typescript cache-miss
1219 silly packumentCache corgi:https://registry.npmjs.org/@next%2feslint-plugin-next cache-miss
1220 http fetch GET 200 https://registry.npmjs.org/semver/-/semver-7.7.4.tgz 1480ms (cache miss)
1221 http fetch GET 200 https://registry.npmjs.org/@types%2fnode 1935ms (cache miss)
1222 silly packumentCache corgi:https://registry.npmjs.org/@types%2fnode set size:undefined disposed:false
1223 http fetch GET 200 https://registry.npmjs.org/csstype/-/csstype-3.2.3.tgz 897ms (cache miss)
1224 http fetch GET 200 https://registry.npmjs.org/@tailwindcss/oxide/-/oxide-4.2.0.tgz 97ms (cache miss)
1225 http fetch GET 200 https://registry.npmjs.org/esquery/-/esquery-1.7.0.tgz 1141ms (cache miss)
1226 http fetch GET 200 https://registry.npmjs.org/language-subtag-registry/-/language-subtag-registry-0.3.23.tgz 1499ms (cache miss)
1227 http fetch GET 200 https://registry.npmjs.org/@next%2fswc-darwin-arm64 2952ms (cache miss)
1228 silly packumentCache corgi:https://registry.npmjs.org/@next%2fswc-darwin-arm64 set size:undefined disposed:false
1229 http fetch GET 200 https://registry.npmjs.org/styled-jsx/-/styled-jsx-5.1.6.tgz 892ms (cache miss)
1230 http fetch GET 200 https://registry.npmjs.org/eslint-import-resolver-typescript 116ms (cache miss)
1231 silly packumentCache corgi:https://registry.npmjs.org/eslint-import-resolver-typescript set size:undefined disposed:false
1232 http fetch GET 200 https://registry.npmjs.org/react-is 1982ms (cache miss)
1233 silly packumentCache corgi:https://registry.npmjs.org/react-is set size:undefined disposed:false
1234 http fetch GET 200 https://registry.npmjs.org/react-is 2349ms (cache miss)
1235 silly packumentCache corgi:https://registry.npmjs.org/react-is set size:undefined disposed:false
1236 http fetch GET 200 https://registry.npmjs.org/sharp/-/sharp-0.34.5.tgz 1125ms (cache miss)
1237 http fetch GET 200 https://registry.npmjs.org/@next%2fenv 2069ms (cache miss)
1238 silly packumentCache corgi:https://registry.npmjs.org/@next%2fenv set size:undefined disposed:false
1239 http fetch GET 200 https://registry.npmjs.org/jiti/-/jiti-2.6.1.tgz 1042ms (cache miss)
1240 http fetch GET 200 https://registry.npmjs.org/scheduler 2421ms (cache miss)
1241 silly packumentCache corgi:https://registry.npmjs.org/scheduler set size:undefined disposed:false
1242 http fetch GET 200 https://registry.npmjs.org/react-dom 2386ms (cache miss)
1243 silly packumentCache corgi:https://registry.npmjs.org/react-dom set size:undefined disposed:false
1244 http fetch GET 200 https://registry.npmjs.org/react 2393ms (cache miss)
1245 silly packumentCache corgi:https://registry.npmjs.org/react set size:undefined disposed:false
1246 http fetch GET 200 https://registry.npmjs.org/react-is/-/react-is-18.3.1.tgz 82ms (cache miss)
1247 http fetch GET 200 https://registry.npmjs.org/react-is/-/react-is-16.13.1.tgz 69ms (cache miss)
1248 http fetch GET 200 https://registry.npmjs.org/tailwind-merge/-/tailwind-merge-3.5.0.tgz 708ms (cache miss)
1249 http fetch GET 200 https://registry.npmjs.org/@next/env/-/env-16.1.6.tgz 70ms (cache miss)
1250 http fetch GET 200 https://registry.npmjs.org/axe-core/-/axe-core-4.11.1.tgz 2017ms (cache miss)
1251 http fetch GET 200 https://registry.npmjs.org/scheduler/-/scheduler-0.27.0.tgz 80ms (cache miss)
1252 http fetch GET 200 https://registry.npmjs.org/react/-/react-19.2.3.tgz 73ms (cache miss)
1253 http fetch GET 200 https://registry.npmjs.org/minimatch/-/minimatch-10.2.2.tgz 1720ms (cache miss)
1254 http fetch GET 200 https://registry.npmjs.org/uri-js/-/uri-js-4.4.1.tgz 1681ms (cache miss)
1255 http fetch GET 200 https://registry.npmjs.org/tsconfig-paths/-/tsconfig-paths-3.15.0.tgz 1707ms (cache miss)
1256 http fetch GET 200 https://registry.npmjs.org/tsutils/-/tsutils-3.21.0.tgz 1775ms (cache miss)
1257 http fetch GET 200 https://registry.npmjs.org/tailwindcss 2569ms (cache miss)
1258 silly packumentCache corgi:https://registry.npmjs.org/tailwindcss set size:undefined disposed:false
1259 http fetch GET 200 https://registry.npmjs.org/es-iterator-helpers/-/es-iterator-helpers-1.2.2.tgz 1823ms (cache miss)
1260 http fetch GET 200 https://registry.npmjs.org/@tailwindcss/oxide-darwin-arm64/-/oxide-darwin-arm64-4.2.0.tgz 557ms (cache miss)
1261 http fetch GET 200 https://registry.npmjs.org/@next%2feslint-plugin-next 454ms (cache miss)
1262 silly packumentCache corgi:https://registry.npmjs.org/@next%2feslint-plugin-next set size:undefined disposed:false
1263 http fetch GET 200 https://registry.npmjs.org/@typescript-eslint/typescript-estree/-/typescript-estree-4.33.0.tgz 1929ms (cache miss)
1264 silly packumentCache corgi:https://registry.npmjs.org/eslint-config-next cache-miss
1265 http fetch GET 200 https://registry.npmjs.org/@types/node/-/node-20.19.33.tgz 501ms (cache miss)
1266 http fetch GET 200 https://registry.npmjs.org/tailwindcss/-/tailwindcss-4.2.0.tgz 209ms (cache miss)
1267 http fetch GET 200 https://registry.npmjs.org/ajv/-/ajv-6.14.0.tgz 1974ms (cache miss)
1268 http fetch GET 200 https://registry.npmjs.org/typescript 2154ms (cache miss)
1269 silly packumentCache corgi:https://registry.npmjs.org/typescript set size:undefined disposed:false
1270 http fetch GET 200 https://registry.npmjs.org/lightningcss-darwin-arm64/-/lightningcss-darwin-arm64-1.31.1.tgz 1960ms (cache miss)
1271 http fetch GET 200 https://registry.npmjs.org/eslint-plugin-import/-/eslint-plugin-import-2.32.0.tgz 2284ms (cache miss)
1272 http fetch GET 200 https://registry.npmjs.org/@rushstack/eslint-patch/-/eslint-patch-1.16.1.tgz 2201ms (cache miss)
1273 http fetch GET 200 https://registry.npmjs.org/eslint-config-next 360ms (cache miss)
1274 silly packumentCache corgi:https://registry.npmjs.org/eslint-config-next set size:undefined disposed:false
1275 http fetch GET 200 https://registry.npmjs.org/react-dom/-/react-dom-19.2.3.tgz 830ms (cache miss)
1276 http fetch GET 200 https://registry.npmjs.org/axobject-query/-/axobject-query-2.2.0.tgz 6562ms (cache miss)
1277 http fetch GET 200 https://registry.npmjs.org/aria-query/-/aria-query-4.2.2.tgz 6655ms (cache miss)
1278 http fetch GET 200 https://registry.npmjs.org/@img/sharp-libvips-darwin-arm64/-/sharp-libvips-darwin-arm64-1.2.4.tgz 6059ms (cache miss)
1279 http fetch GET 200 https://registry.npmjs.org/eslint-plugin-jsx-a11y/-/eslint-plugin-jsx-a11y-6.4.1.tgz 6676ms (cache miss)
1280 http fetch GET 200 https://registry.npmjs.org/recharts/-/recharts-2.15.4.tgz 5764ms (cache miss)
1281 http fetch GET 200 https://registry.npmjs.org/victory-vendor/-/victory-vendor-36.9.2.tgz 6224ms (cache miss)
1282 http fetch GET 200 https://registry.npmjs.org/lodash/-/lodash-4.17.23.tgz 6583ms (cache miss)
1283 http fetch GET 200 https://registry.npmjs.org/eslint-plugin-react/-/eslint-plugin-react-7.37.5.tgz 7055ms (cache miss)
1284 http fetch GET 200 https://registry.npmjs.org/@babel/runtime-corejs3/-/runtime-corejs3-7.29.0.tgz 7118ms (cache miss)
1285 http fetch GET 200 https://registry.npmjs.org/@typescript-eslint/scope-manager/-/scope-manager-4.33.0.tgz 7136ms (cache miss)
1286 http fetch GET 200 https://registry.npmjs.org/eslint/-/eslint-10.0.2.tgz 6957ms (cache miss)
1287 http fetch GET 200 https://registry.npmjs.org/typescript/-/typescript-5.9.3.tgz 5008ms (cache miss)
1288 http fetch GET 200 https://registry.npmjs.org/caniuse-lite/-/caniuse-lite-1.0.30001772.tgz 6171ms (cache miss)
1289 http fetch GET 200 https://registry.npmjs.org/@next/swc-darwin-arm64/-/swc-darwin-arm64-16.1.6.tgz 6234ms (cache miss)
1290 http fetch GET 200 https://registry.npmjs.org/es-abstract/-/es-abstract-1.24.1.tgz 7212ms (cache miss)
1291 http fetch GET 200 https://registry.npmjs.org/core-js-pure/-/core-js-pure-3.48.0.tgz 8251ms (cache miss)
1292 http fetch GET 200 https://registry.npmjs.org/lucide-react/-/lucide-react-0.475.0.tgz 7661ms (cache miss)
1293 verbose stack Error: EPERM: operation not permitted, scandir '/Users/chanhojung/ETF_One/dashboard/node_modules/resolve/test/shadowed_core/node_modules'
1294 error code EPERM
1295 error syscall scandir
1296 error path /Users/chanhojung/ETF_One/dashboard/node_modules/resolve/test/shadowed_core/node_modules
1297 error errno -1
1298 error [Error: EPERM: operation not permitted, scandir '/Users/chanhojung/ETF_One/dashboard/node_modules/resolve/test/shadowed_core/node_modules'] {
1298 error   errno: -1,
1298 error   code: 'EPERM',
1298 error   syscall: 'scandir',
1298 error   path: '/Users/chanhojung/ETF_One/dashboard/node_modules/resolve/test/shadowed_core/node_modules'
1298 error }
1299 error
1299 error The operation was rejected by your operating system.
1299 error It is likely you do not have the permissions to access this file as the current user
1299 error
1299 error If you believe this might be a permissions issue, please double-check the
1299 error permissions of the file and its containing directories, or try running
1299 error the command again as root/Administrator.
1300 silly unfinished npm timer reify 1771919627768
1301 silly unfinished npm timer reify:unpack 1771919627849
1302 silly unfinished npm timer reifyNode:node_modules/resolve 1771919627850
1303 silly unfinished npm timer reifyNode:node_modules/next 1771919627850
1304 silly unfinished npm timer reifyNode:node_modules/fast-glob 1771919627850
1305 silly unfinished npm timer reifyNode:node_modules/eslint-config-next/node_modules/eslint-plugin-react/node_modules/resolve 1771919627850
1306 silly unfinished npm timer reifyNode:node_modules/eslint-config-next/node_modules/eslint-import-resolver-typescript 1771919627850
1307 silly unfinished npm timer reifyNode:node_modules/@nodelib/fs.walk 1771919627850
1308 silly unfinished npm timer reifyNode:node_modules/@nodelib/fs.stat 1771919627850
1309 silly unfinished npm timer reifyNode:node_modules/@nodelib/fs.scandir 1771919627850
1310 verbose cwd /Users/chanhojung/ETF_One/dashboard
1311 verbose os Darwin 25.3.0
1312 verbose node v24.13.0
1313 verbose npm  v11.6.2
1314 verbose exit -1
1315 verbose code -1
1316 error A complete log of this run can be found in: /Users/chanhojung/ETF_One/dashboard/npm-local-cache/_logs/2026-02-24T07_53_47_647Z-debug-0.log
