/Users/chanhojung/.matplotlib is not a writable directory
Matplotlib created a temporary cache directory at /tmp/matplotlib-gb5l5eek because there was an issue with the default path (/Users/chanhojung/.matplotlib); it is highly recommended to set the MPLCONFIGDIR environment variable to a writable directory, in particular to speed up the import of Matplotlib and to better support multiprocessing.

Fontconfig error: No writable cache directories
	/opt/homebrew/var/cache/fontconfig
	/Users/chanhojung/.cache/fontconfig
	/Users/chanhojung/.fontconfig

Fontconfig error: No writable cache directories
	/opt/homebrew/var/cache/fontconfig
	/Users/chanhojung/.cache/fontconfig
	/Users/chanhojung/.fontconfig

Fontconfig error: No writable cache directories
	/opt/homebrew/var/cache/fontconfig
	/Users/chanhojung/.cache/fontconfig
	/Users/chanhojung/.fontconfig

Fontconfig error: No writable cache directories
	/opt/homebrew/var/cache/fontconfig
	/Users/chanhojung/.cache/fontconfig
	/Users/chanhojung/.fontconfig
Matplotlib is building the font cache; this may take a moment.
[2026-02-25 20:54:37.544721] Starting massive ETF DB sync batch...
ETFHarvester instance created.
Successfully acquired KIS API Token for real-time quotes.
Harvester initialized (using FinanceDataReader).
Successfully loaded KRX ETF Master List.
Fetched 10-year data for 360750: 1359 trading days found.
[360750] Attempting Option A: KRX API Data...
Fetched 10-year data for 069500: 2453 trading days found.
[069500] Attempting Option A: KRX API Data...
Fetched 10-year data for 459580: 661 trading days found.
[459580] Attempting Option A: KRX API Data...
Fetched 10-year data for 379800: 1195 trading days found.
[379800] Attempting Option A: KRX API Data...
Fetched 10-year data for 488770: 375 trading days found.
[488770] Attempting Option A: KRX API Data...
Fetched 10-year data for 102110: 2453 trading days found.
[102110] Attempting Option A: KRX API Data...
Fetched 10-year data for 133690: 2453 trading days found.
[133690] Attempting Option A: KRX API Data...
Fetched 10-year data for 396500: 1110 trading days found.
[396500] Attempting Option A: KRX API Data...
Fetched 10-year data for 229200: 2453 trading days found.
[229200] Attempting Option A: KRX API Data...
Fetched 10-year data for 122630: 2453 trading days found.
[122630] Attempting Option A: KRX API Data...
[396500] KRX API successful. Found 11 holdings.
[488770] KRX API weights are all 0.0 (overseas/synthetic). Falling back.
[488770] KRX Data unavailable, returning empty holdings.
Fetched 10-year data for 278530: 2026 trading days found.
[278530] Attempting Option A: KRX API Data...
Fetched 10-year data for 379810: 1195 trading days found.
[379810] Attempting Option A: KRX API Data...
[102110] KRX API successful. Found 50 holdings.
[459580] KRX API successful. Found 38 holdings.
Fetched 10-year data for 411060: 1025 trading days found.
[411060] Attempting Option A: KRX API Data...
Fetched 10-year data for 357870: 1382 trading days found.
[357870] Attempting Option A: KRX API Data...
[133690] KRX API weights are all 0.0 (overseas/synthetic). Falling back.
[133690] KRX Data unavailable, returning empty holdings.
[133690] NASDAQ ETF matched. Generating proxy holdings.
[229200] KRX API successful. Found 50 holdings.
[411060] KRX API successful. Found 3 holdings.
Fetched 10-year data for 233740: 2453 trading days found.
[233740] Attempting Option A: KRX API Data...
[357870] KRX API weights are all 0.0 (overseas/synthetic). Falling back.
[357870] KRX Data unavailable, returning empty holdings.
Fetched 10-year data for 310970: 1783 trading days found.
[310970] Attempting Option A: KRX API Data...
[379810] KRX API weights are all 0.0 (overseas/synthetic). Falling back.
[379810] KRX Data unavailable, returning empty holdings.
[379810] NASDAQ ETF matched. Generating proxy holdings.
Fetched 10-year data for 423160: 937 trading days found.
[423160] Attempting Option A: KRX API Data...
Fetched 10-year data for 381170: 1195 trading days found.
[381170] Attempting Option A: KRX API Data...
Fetched 10-year data for 273130: 2122 trading days found.
[273130] Attempting Option A: KRX API Data...
[069500] KRX API successful. Found 50 holdings.
[122630] KRX API successful. Found 50 holdings.
[379800] KRX API weights are all 0.0 (overseas/synthetic). Falling back.
[379800] KRX Data unavailable, returning empty holdings.
[379800] S&P 500 ETF matched. Generating proxy holdings.
[278530] KRX API successful. Found 50 holdings.
Fetched 10-year data for 381180: 1195 trading days found.
[381180] Attempting Option A: KRX API Data...
[423160] KRX API weights are all 0.0 (overseas/synthetic). Falling back.
[423160] KRX Data unavailable, returning empty holdings.
[381170] KRX API weights are all 0.0 (overseas/synthetic). Falling back.
[381170] KRX Data unavailable, returning empty holdings.
Fetched 10-year data for 091160: 2453 trading days found.
[091160] Attempting Option A: KRX API Data...
Fetched 10-year data for 498400: 297 trading days found.
[498400] Attempting Option A: KRX API Data...
[360750] KRX API weights are all 0.0 (overseas/synthetic). Falling back.
[360750] KRX Data unavailable, returning empty holdings.
[360750] S&P 500 ETF matched. Generating proxy holdings.
Fetched 10-year data for 0043B0: 205 trading days found.
[0043B0] Attempting Option A: KRX API Data...
Fetched 10-year data for 360200: 1359 trading days found.
[360200] Attempting Option A: KRX API Data...
[310970] KRX API successful. Found 50 holdings.
Fetched 10-year data for 148020: 2453 trading days found.
[148020] Attempting Option A: KRX API Data...
[233740] KRX API successful. Found 50 holdings.
[381180] KRX API weights are all 0.0 (overseas/synthetic). Falling back.
[381180] KRX Data unavailable, returning empty holdings.
[381180] NASDAQ ETF matched. Generating proxy holdings.
Fetched 10-year data for 481050: 446 trading days found.
[481050] Attempting Option A: KRX API Data...
Fetched 10-year data for 458730: 653 trading days found.
[458730] Attempting Option A: KRX API Data...
Fetched 10-year data for 102780: 2453 trading days found.
[102780] Attempting Option A: KRX API Data...
Fetched 10-year data for 367380: 1305 trading days found.
[367380] Attempting Option A: KRX API Data...
[091160] KRX API successful. Found 36 holdings.
[273130] KRX API weights are all 0.0 (overseas/synthetic). Falling back.
[273130] KRX Data unavailable, returning empty holdings.
[0043B0] KRX API weights are all 0.0 (overseas/synthetic). Falling back.
[0043B0] KRX Data unavailable, returning empty holdings.
Fetched 10-year data for 161510: 2453 trading days found.
[161510] Attempting Option A: KRX API Data...
Fetched 10-year data for 278540: 2034 trading days found.
[278540] Attempting Option A: KRX API Data...
[481050] KRX API weights are all 0.0 (overseas/synthetic). Falling back.
[481050] KRX Data unavailable, returning empty holdings.
[498400] KRX API successful. Found 50 holdings.
Fetched 10-year data for 292150: 1939 trading days found.
[292150] Attempting Option A: KRX API Data...
Fetched 10-year data for 449170: 789 trading days found.
[449170] Attempting Option A: KRX API Data...
Fetched 10-year data for 395160: 1117 trading days found.
[395160] Attempting Option A: KRX API Data...
[458730] KRX API weights are all 0.0 (overseas/synthetic). Falling back.
[458730] KRX Data unavailable, returning empty holdings.
[148020] KRX API successful. Found 50 holdings.
[102780] KRX API successful. Found 17 holdings.
Fetched 10-year data for 232080: 2453 trading days found.
[232080] Attempting Option A: KRX API Data...
Fetched 10-year data for 455890: 681 trading days found.
[455890] Attempting Option A: KRX API Data...
[367380] KRX API weights are all 0.0 (overseas/synthetic). Falling back.
[367380] KRX Data unavailable, returning empty holdings.
[367380] NASDAQ ETF matched. Generating proxy holdings.
Fetched 10-year data for 466920: 581 trading days found.
[466920] Attempting Option A: KRX API Data...
[292150] KRX API successful. Found 11 holdings.
[161510] KRX API successful. Found 31 holdings.
Fetched 10-year data for 0117L0: 81 trading days found.
[0117L0] Attempting Option A: KRX API Data...
[449170] KRX API weights are all 0.0 (overseas/synthetic). Falling back.
[449170] KRX Data unavailable, returning empty holdings.
Fetched 10-year data for 214980: 2453 trading days found.
[214980] Attempting Option A: KRX API Data...
Fetched 10-year data for 305720: 1827 trading days found.
[305720] Attempting Option A: KRX API Data...
[278540] KRX API successful. Found 50 holdings.
Fetched 10-year data for 453850: 719 trading days found.
[453850] Attempting Option A: KRX API Data...
[395160] KRX API successful. Found 25 holdings.
Fetched 10-year data for 294400: 1923 trading days found.
[294400] Attempting Option A: KRX API Data...
[360200] KRX API weights are all 0.0 (overseas/synthetic). Falling back.
[360200] KRX Data unavailable, returning empty holdings.
[360200] S&P 500 ETF matched. Generating proxy holdings.
[466920] KRX API successful. Found 14 holdings.
Fetched 10-year data for 144600: 2453 trading days found.
[144600] Attempting Option A: KRX API Data...
[0117L0] KRX API weights are all 0.0 (overseas/synthetic). Falling back.
[0117L0] KRX Data unavailable, returning empty holdings.
Fetched 10-year data for 385540: 1164 trading days found.
[385540] Attempting Option A: KRX API Data...
Fetched 10-year data for 315930: 1741 trading days found.
[315930] Attempting Option A: KRX API Data...
Fetched 10-year data for 449450: 764 trading days found.
[449450] Attempting Option A: KRX API Data...
[305720] KRX API successful. Found 26 holdings.
[453850] KRX API weights are all 0.0 (overseas/synthetic). Falling back.
[453850] KRX Data unavailable, returning empty holdings.
[455890] KRX API weights are all 0.0 (overseas/synthetic). Falling back.
[455890] KRX Data unavailable, returning empty holdings.
[232080] KRX API successful. Found 50 holdings.
[214980] KRX API weights are all 0.0 (overseas/synthetic). Falling back.
[214980] KRX Data unavailable, returning empty holdings.
Fetched 10-year data for 475630: 497 trading days found.
[475630] Attempting Option A: KRX API Data...
Fetched 10-year data for 487240: 395 trading days found.
[487240] Attempting Option A: KRX API Data...
[144600] KRX API weights are all 0.0 (overseas/synthetic). Falling back.
[144600] KRX Data unavailable, returning empty holdings.
Fetched 10-year data for 487230: 395 trading days found.
[487230] Attempting Option A: KRX API Data...
Fetched 10-year data for 0072R0: 165 trading days found.
[0072R0] Attempting Option A: KRX API Data...
[315930] KRX API successful. Found 11 holdings.
Fetched 10-year data for 152100: 2453 trading days found.
[152100] Attempting Option A: KRX API Data...
[449450] KRX API successful. Found 11 holdings.
Fetched 10-year data for 105190: 2453 trading days found.
[105190] Attempting Option A: KRX API Data...
Fetched 10-year data for 305540: 1827 trading days found.
[305540] Attempting Option A: KRX API Data...
Fetched 10-year data for 395270: 1117 trading days found.
[395270] Attempting Option A: KRX API Data...
[487230] KRX API weights are all 0.0 (overseas/synthetic). Falling back.
[487230] KRX Data unavailable, returning empty holdings.
[487240] KRX API successful. Found 13 holdings.
[475630] KRX API weights are all 0.0 (overseas/synthetic). Falling back.
[475630] KRX Data unavailable, returning empty holdings.
[0072R0] KRX API successful. Found 3 holdings.
Fetched 10-year data for 379780: 1195 trading days found.
[379780] Attempting Option A: KRX API Data...
[385540] KRX API weights are all 0.0 (overseas/synthetic). Falling back.
[385540] KRX Data unavailable, returning empty holdings.
Fetched 10-year data for 371460: 1277 trading days found.
[371460] Attempting Option A: KRX API Data...
Fetched 10-year data for 441640: 833 trading days found.
[441640] Attempting Option A: KRX API Data...
[294400] KRX API successful. Found 50 holdings.
Fetched 10-year data for 329200: 1620 trading days found.
[329200] Attempting Option A: KRX API Data...
Fetched 10-year data for 284430: 2019 trading days found.
[284430] Attempting Option A: KRX API Data...
[152100] KRX API successful. Found 50 holdings.
Fetched 10-year data for 0061Z0: 165 trading days found.
[0061Z0] Attempting Option A: KRX API Data...
[395270] KRX API successful. Found 21 holdings.
[305540] KRX API successful. Found 29 holdings.
Fetched 10-year data for 477080: 465 trading days found.
[477080] Attempting Option A: KRX API Data...
[441640] KRX API weights are all 0.0 (overseas/synthetic). Falling back.
[441640] KRX Data unavailable, returning empty holdings.
Fetched 10-year data for 457480: 676 trading days found.
[457480] Attempting Option A: KRX API Data...
Fetched 10-year data for 368590: 1299 trading days found.
[368590] Attempting Option A: KRX API Data...
[371460] KRX API weights are all 0.0 (overseas/synthetic). Falling back.
[371460] KRX Data unavailable, returning empty holdings.
[329200] KRX API successful. Found 18 holdings.
Fetched 10-year data for 252670: 2312 trading days found.
[252670] Attempting Option A: KRX API Data...
Fetched 10-year data for 456600: 676 trading days found.
[456600] Attempting Option A: KRX API Data...
[0061Z0] KRX API weights are all 0.0 (overseas/synthetic). Falling back.
[0061Z0] KRX Data unavailable, returning empty holdings.
Fetched 10-year data for 445290: 800 trading days found.
[445290] Attempting Option A: KRX API Data...
[477080] KRX API weights are all 0.0 (overseas/synthetic). Falling back.
[477080] KRX Data unavailable, returning empty holdings.
Fetched 10-year data for 476550: 484 trading days found.
[476550] Attempting Option A: KRX API Data...
[457480] KRX API successful. Found 29 holdings.
Fetched 10-year data for 486290: 405 trading days found.
[486290] Attempting Option A: KRX API Data...
[252670] KRX API successful. Found 4 holdings.
Fetched 10-year data for 0139F0: 51 trading days found.
[0139F0] Attempting Option A: KRX API Data...
[456600] KRX API successful. Found 42 holdings.
[445290] KRX API successful. Found 33 holdings.
Fetched 10-year data for 436140: 865 trading days found.
[436140] Attempting Option A: KRX API Data...
[476550] KRX API weights are all 0.0 (overseas/synthetic). Falling back.
[476550] KRX Data unavailable, returning empty holdings.
Fetched 10-year data for 494310: 327 trading days found.
[494310] Attempting Option A: KRX API Data...
[486290] KRX API weights are all 0.0 (overseas/synthetic). Falling back.
[486290] KRX Data unavailable, returning empty holdings.
[486290] NASDAQ ETF matched. Generating proxy holdings.
[105190] KRX API successful. Found 50 holdings.
[368590] KRX API weights are all 0.0 (overseas/synthetic). Falling back.
[368590] KRX Data unavailable, returning empty holdings.
[368590] NASDAQ ETF matched. Generating proxy holdings.
Fetched 10-year data for 494670: 327 trading days found.
[494670] Attempting Option A: KRX API Data...
Fetched 10-year data for 426030: 927 trading days found.
[426030] Attempting Option A: KRX API Data...
Fetched 10-year data for 356540: 1372 trading days found.
[356540] Attempting Option A: KRX API Data...
Fetched 10-year data for 446770: 800 trading days found.
[446770] Attempting Option A: KRX API Data...
[284430] KRX API successful. Found 50 holdings.
[0139F0] KRX API weights are all 0.0 (overseas/synthetic). Falling back.
[0139F0] KRX Data unavailable, returning empty holdings.
Fetched 10-year data for 102970: 2453 trading days found.
[102970] Attempting Option A: KRX API Data...
Fetched 10-year data for 157450: 2453 trading days found.
[157450] Attempting Option A: KRX API Data...
Fetched 10-year data for 451540: 747 trading days found.
[451540] Attempting Option A: KRX API Data...
[494310] KRX API successful. Found 50 holdings.
[426030] KRX API weights are all 0.0 (overseas/synthetic). Falling back.
[426030] KRX Data unavailable, returning empty holdings.
[426030] NASDAQ ETF matched. Generating proxy holdings.
[494670] KRX API successful. Found 11 holdings.
Fetched 10-year data for 466940: 574 trading days found.
[466940] Attempting Option A: KRX API Data...
[379780] KRX API weights are all 0.0 (overseas/synthetic). Falling back.
[379780] KRX Data unavailable, returning empty holdings.
[379780] S&P 500 ETF matched. Generating proxy holdings.
[446770] KRX API successful. Found 12 holdings.
Fetched 10-year data for 465580: 594 trading days found.
[465580] Attempting Option A: KRX API Data...
[356540] KRX API weights are all 0.0 (overseas/synthetic). Falling back.
[356540] KRX Data unavailable, returning empty holdings.
Fetched 10-year data for 371160: 1271 trading days found.
[371160] Attempting Option A: KRX API Data...
[436140] KRX API weights are all 0.0 (overseas/synthetic). Falling back.
[436140] KRX Data unavailable, returning empty holdings.
Fetched 10-year data for 497570: 302 trading days found.
[497570] Attempting Option A: KRX API Data...
[157450] KRX API weights are all 0.0 (overseas/synthetic). Falling back.
[157450] KRX Data unavailable, returning empty holdings.
Fetched 10-year data for 494890: 322 trading days found.
[494890] Attempting Option A: KRX API Data...
[102970] KRX API successful. Found 15 holdings.
Fetched 10-year data for 462010: 636 trading days found.
[462010] Attempting Option A: KRX API Data...
Fetched 10-year data for 481060: 441 trading days found.
[481060] Attempting Option A: KRX API Data...
[466940] KRX API successful. Found 11 holdings.
[451540] KRX API weights are all 0.0 (overseas/synthetic). Falling back.
[451540] KRX Data unavailable, returning empty holdings.
Fetched 10-year data for 469830: 559 trading days found.
[469830] Attempting Option A: KRX API Data...
[465580] KRX API weights are all 0.0 (overseas/synthetic). Falling back.
[465580] KRX Data unavailable, returning empty holdings.
[497570] KRX API weights are all 0.0 (overseas/synthetic). Falling back.
[497570] KRX Data unavailable, returning empty holdings.
[497570] NASDAQ ETF matched. Generating proxy holdings.
Fetched 10-year data for 114800: 2453 trading days found.
[114800] Attempting Option A: KRX API Data...
[371160] KRX API weights are all 0.0 (overseas/synthetic). Falling back.
[371160] KRX Data unavailable, returning empty holdings.
Fetched 10-year data for 438080: 853 trading days found.
[438080] Attempting Option A: KRX API Data...
[462010] KRX API successful. Found 19 holdings.
Fetched 10-year data for 226490: 2453 trading days found.
[226490] Attempting Option A: KRX API Data...
Fetched 10-year data for 446720: 800 trading days found.
[446720] Attempting Option A: KRX API Data...
[481060] KRX API weights are all 0.0 (overseas/synthetic). Falling back.
[481060] KRX Data unavailable, returning empty holdings.
Fetched 10-year data for 479080: 460 trading days found.
[479080] Attempting Option A: KRX API Data...
Fetched 10-year data for 390390: 1139 trading days found.
[390390] Attempting Option A: KRX API Data...
Fetched 10-year data for 488080: 385 trading days found.
[488080] Attempting Option A: KRX API Data...
[494890] KRX API successful. Found 50 holdings.
Fetched 10-year data for 462330: 643 trading days found.
[462330] Attempting Option A: KRX API Data...
[469830] KRX API weights are all 0.0 (overseas/synthetic). Falling back.
[469830] KRX Data unavailable, returning empty holdings.
Fetched 10-year data for 475720: 480 trading days found.
[475720] Attempting Option A: KRX API Data...
Fetched 10-year data for 455850: 689 trading days found.
[455850] Attempting Option A: KRX API Data...
[114800] KRX API weights are all 0.0 (overseas/synthetic). Falling back.
[114800] KRX Data unavailable, returning empty holdings.
Fetched 10-year data for 139260: 2453 trading days found.
[139260] Attempting Option A: KRX API Data...
[479080] KRX API weights are all 0.0 (overseas/synthetic). Falling back.
[479080] KRX Data unavailable, returning empty holdings.
[488080] KRX API successful. Found 21 holdings.
[390390] KRX API weights are all 0.0 (overseas/synthetic). Falling back.
[390390] KRX Data unavailable, returning empty holdings.
[438080] KRX API successful. Found 50 holdings.
[446720] KRX API weights are all 0.0 (overseas/synthetic). Falling back.
[446720] KRX Data unavailable, returning empty holdings.
[462330] KRX API successful. Found 39 holdings.
Fetched 10-year data for 091230: 2453 trading days found.
[091230] Attempting Option A: KRX API Data...
Fetched 10-year data for 448330: 790 trading days found.
[448330] Attempting Option A: KRX API Data...
Fetched 10-year data for 434730: 895 trading days found.
[434730] Attempting Option A: KRX API Data...
Fetched 10-year data for 458760: 653 trading days found.
[458760] Attempting Option A: KRX API Data...
[475720] KRX API successful. Found 50 holdings.
[455850] KRX API successful. Found 21 holdings.
Fetched 10-year data for 402970: 1064 trading days found.
[402970] Attempting Option A: KRX API Data...
Fetched 10-year data for 153130: 2453 trading days found.
[153130] Attempting Option A: KRX API Data...
Fetched 10-year data for 272580: 2122 trading days found.
[272580] Attempting Option A: KRX API Data...
[139260] KRX API successful. Found 16 holdings.
Fetched 10-year data for 0148J0: 34 trading days found.
[0148J0] Attempting Option A: KRX API Data...
Fetched 10-year data for 069660: 2453 trading days found.
[069660] Attempting Option A: KRX API Data...
[448330] KRX API successful. Found 10 holdings.
[434730] KRX API successful. Found 16 holdings.
[091230] KRX API successful. Found 36 holdings.
[458760] KRX API weights are all 0.0 (overseas/synthetic). Falling back.
[458760] KRX Data unavailable, returning empty holdings.
Fetched 10-year data for 449180: 787 trading days found.
[449180] Attempting Option A: KRX API Data...
[153130] KRX API weights are all 0.0 (overseas/synthetic). Falling back.
[153130] KRX Data unavailable, returning empty holdings.
Fetched 10-year data for 463250: 628 trading days found.
[463250] Attempting Option A: KRX API Data...
[0148J0] KRX API successful. Found 16 holdings.
[402970] KRX API weights are all 0.0 (overseas/synthetic). Falling back.
[402970] KRX Data unavailable, returning empty holdings.
[272580] KRX API weights are all 0.0 (overseas/synthetic). Falling back.
[272580] KRX Data unavailable, returning empty holdings.
Fetched 10-year data for 479520: 441 trading days found.
[479520] Attempting Option A: KRX API Data...
Fetched 10-year data for 438330: 856 trading days found.
[438330] Attempting Option A: KRX API Data...
Fetched 10-year data for 444200: 820 trading days found.
[444200] Attempting Option A: KRX API Data...
Fetched 10-year data for 251600: 2338 trading days found.
[251600] Attempting Option A: KRX API Data...
Fetched 10-year data for 473290: 534 trading days found.
[473290] Attempting Option A: KRX API Data...
Fetched 10-year data for 458250: 666 trading days found.
[458250] Attempting Option A: KRX API Data...
[463250] KRX API successful. Found 12 holdings.
[479520] KRX API weights are all 0.0 (overseas/synthetic). Falling back.
[479520] KRX Data unavailable, returning empty holdings.
Fetched 10-year data for 484790: 410 trading days found.
[484790] Attempting Option A: KRX API Data...
Fetched 10-year data for 462900: 621 trading days found.
[462900] Attempting Option A: KRX API Data...
[438330] KRX API successful. Found 50 holdings.
[444200] KRX API successful. Found 45 holdings.
[473290] KRX API weights are all 0.0 (overseas/synthetic). Falling back.
[473290] KRX Data unavailable, returning empty holdings.
[251600] KRX API successful. Found 43 holdings.
Fetched 10-year data for 293180: 1939 trading days found.
[293180] Attempting Option A: KRX API Data...
[458250] KRX API weights are all 0.0 (overseas/synthetic). Falling back.
[458250] KRX Data unavailable, returning empty holdings.
Fetched 10-year data for 447770: 790 trading days found.
[447770] Attempting Option A: KRX API Data...
Fetched 10-year data for 091180: 2453 trading days found.
[091180] Attempting Option A: KRX API Data...
[069660] KRX API successful. Found 50 holdings.
Fetched 10-year data for 364980: 1320 trading days found.
[364980] Attempting Option A: KRX API Data...
[484790] KRX API weights are all 0.0 (overseas/synthetic). Falling back.
[484790] KRX Data unavailable, returning empty holdings.
[449180] KRX API weights are all 0.0 (overseas/synthetic). Falling back.
[449180] KRX Data unavailable, returning empty holdings.
[449180] S&P 500 ETF matched. Generating proxy holdings.
Fetched 10-year data for 498410: 287 trading days found.
[498410] Attempting Option A: KRX API Data...
[462900] KRX API successful. Found 31 holdings.
Fetched 10-year data for 441800: 833 trading days found.
[441800] Attempting Option A: KRX API Data...
Fetched 10-year data for 455030: 704 trading days found.
[455030] Attempting Option A: KRX API Data...
Fetched 10-year data for 495850: 318 trading days found.
[495850] Attempting Option A: KRX API Data...
Fetched 10-year data for 138540: 2453 trading days found.
[138540] Attempting Option A: KRX API Data...
[447770] KRX API successful. Found 9 holdings.
[364980] KRX API successful. Found 11 holdings.
[498410] KRX API successful. Found 14 holdings.
Fetched 10-year data for 314250: 1749 trading days found.
[314250] Attempting Option A: KRX API Data...
[091180] KRX API successful. Found 21 holdings.
[226490] KRX API successful. Found 50 holdings.
Fetched 10-year data for 494300: 327 trading days found.
[494300] Attempting Option A: KRX API Data...
Fetched 10-year data for 438100: 853 trading days found.
[438100] Attempting Option A: KRX API Data...
[455030] KRX API successful. Found 8 holdings.
Fetched 10-year data for 472150: 534 trading days found.
[472150] Attempting Option A: KRX API Data...
[441800] KRX API successful. Found 29 holdings.
Fetched 10-year data for 0048J0: 193 trading days found.
[0048J0] Attempting Option A: KRX API Data...
Fetched 10-year data for 0025N0: 225 trading days found.
[0025N0] Attempting Option A: KRX API Data...
Fetched 10-year data for 0127P0: 71 trading days found.
[0127P0] Attempting Option A: KRX API Data...
[138540] KRX API successful. Found 20 holdings.
[495850] KRX API successful. Found 50 holdings.
[314250] KRX API weights are all 0.0 (overseas/synthetic). Falling back.
[314250] KRX Data unavailable, returning empty holdings.
Fetched 10-year data for 385560: 1164 trading days found.
[385560] Attempting Option A: KRX API Data...
Fetched 10-year data for 476800: 480 trading days found.
[476800] Attempting Option A: KRX API Data...
[494300] KRX API weights are all 0.0 (overseas/synthetic). Falling back.
[494300] KRX Data unavailable, returning empty holdings.
[494300] NASDAQ ETF matched. Generating proxy holdings.
Fetched 10-year data for 0105E0: 101 trading days found.
[0105E0] Attempting Option A: KRX API Data...
[438100] KRX API successful. Found 50 holdings.
[0048J0] KRX API weights are all 0.0 (overseas/synthetic). Falling back.
[0048J0] KRX Data unavailable, returning empty holdings.
Fetched 10-year data for 469070: 569 trading days found.
[469070] Attempting Option A: KRX API Data...
Fetched 10-year data for 487340: 395 trading days found.
[487340] Attempting Option A: KRX API Data...
[472150] KRX API successful. Found 50 holdings.
Fetched 10-year data for 483280: 424 trading days found.
[483280] Attempting Option A: KRX API Data...
[293180] KRX API successful. Found 50 holdings.
[0127P0] KRX API weights are all 0.0 (overseas/synthetic). Falling back.
[0127P0] KRX Data unavailable, returning empty holdings.
Fetched 10-year data for 495050: 318 trading days found.
[495050] Attempting Option A: KRX API Data...
[385560] KRX API weights are all 0.0 (overseas/synthetic). Falling back.
[385560] KRX Data unavailable, returning empty holdings.
Fetched 10-year data for 456610: 681 trading days found.
[456610] Attempting Option A: KRX API Data...
[476800] KRX API successful. Found 17 holdings.
[0025N0] KRX API successful. Found 50 holdings.
Fetched 10-year data for 237350: 2453 trading days found.
[237350] Attempting Option A: KRX API Data...
[0105E0] KRX API successful. Found 31 holdings.
Fetched 10-year data for 0052D0: 188 trading days found.
[0052D0] Attempting Option A: KRX API Data...
Fetched 10-year data for 0131V0: 61 trading days found.
[0131V0] Attempting Option A: KRX API Data...
Fetched 10-year data for 270810: 2131 trading days found.
[270810] Attempting Option A: KRX API Data...
Fetched 10-year data for 091170: 2453 trading days found.
[091170] Attempting Option A: KRX API Data...
[469070] KRX API successful. Found 37 holdings.
[487340] KRX API weights are all 0.0 (overseas/synthetic). Falling back.
[487340] KRX Data unavailable, returning empty holdings.
[483280] KRX API weights are all 0.0 (overseas/synthetic). Falling back.
[483280] KRX Data unavailable, returning empty holdings.
Fetched 10-year data for 482730: 429 trading days found.
[482730] Attempting Option A: KRX API Data...
Fetched 10-year data for 474220: 512 trading days found.
[474220] Attempting Option A: KRX API Data...
Fetched 10-year data for 471230: 554 trading days found.
[471230] Attempting Option A: KRX API Data...
[495050] KRX API successful. Found 50 holdings.
[456610] KRX API successful. Found 5 holdings.
[0052D0] KRX API successful. Found 31 holdings.
[0131V0] KRX API weights are all 0.0 (overseas/synthetic). Falling back.
[0131V0] KRX Data unavailable, returning empty holdings.
Fetched 10-year data for 251350: 2335 trading days found.
[251350] Attempting Option A: KRX API Data...
Fetched 10-year data for 148070: 2453 trading days found.
[148070] Attempting Option A: KRX API Data...
Fetched 10-year data for 434060: 893 trading days found.
[434060] Attempting Option A: KRX API Data...
Fetched 10-year data for 480260: 446 trading days found.
[480260] Attempting Option A: KRX API Data...
[482730] KRX API weights are all 0.0 (overseas/synthetic). Falling back.
[482730] KRX Data unavailable, returning empty holdings.
[482730] S&P 500 ETF matched. Generating proxy holdings.
[091170] KRX API successful. Found 11 holdings.
[474220] KRX API weights are all 0.0 (overseas/synthetic). Falling back.
[474220] KRX Data unavailable, returning empty holdings.
[471230] KRX API weights are all 0.0 (overseas/synthetic). Falling back.
[471230] KRX Data unavailable, returning empty holdings.
Fetched 10-year data for 449190: 787 trading days found.
[449190] Attempting Option A: KRX API Data...
Fetched 10-year data for 114260: 2453 trading days found.
[114260] Attempting Option A: KRX API Data...
Fetched 10-year data for 132030: 2453 trading days found.
[132030] Attempting Option A: KRX API Data...
Fetched 10-year data for 491010: 351 trading days found.
[491010] Attempting Option A: KRX API Data...
[434060] KRX API successful. Found 11 holdings.
[480260] KRX API successful. Found 50 holdings.
[148070] KRX API weights are all 0.0 (overseas/synthetic). Falling back.
[148070] KRX Data unavailable, returning empty holdings.
[237350] KRX API successful. Found 50 holdings.
Fetched 10-year data for 477050: 465 trading days found.
[477050] Attempting Option A: KRX API Data...
Fetched 10-year data for 463050: 612 trading days found.
[463050] Attempting Option A: KRX API Data...
[114260] KRX API weights are all 0.0 (overseas/synthetic). Falling back.
[114260] KRX Data unavailable, returning empty holdings.
[491010] KRX API weights are all 0.0 (overseas/synthetic). Falling back.
[491010] KRX Data unavailable, returning empty holdings.
Fetched 10-year data for 329750: 1617 trading days found.
[329750] Attempting Option A: KRX API Data...
[270810] KRX API successful. Found 50 holdings.
[132030] KRX API weights are all 0.0 (overseas/synthetic). Falling back.
[132030] KRX Data unavailable, returning empty holdings.
Fetched 10-year data for 490590: 339 trading days found.
[490590] Attempting Option A: KRX API Data...
[449190] KRX API weights are all 0.0 (overseas/synthetic). Falling back.
[449190] KRX Data unavailable, returning empty holdings.
[449190] NASDAQ ETF matched. Generating proxy holdings.
Fetched 10-year data for 139230: 2453 trading days found.
[139230] Attempting Option A: KRX API Data...
Fetched 10-year data for 361580: 1350 trading days found.
[361580] Attempting Option A: KRX API Data...
Fetched 10-year data for 0091P0: 126 trading days found.
[0091P0] Attempting Option A: KRX API Data...
Fetched 10-year data for 0117V0: 86 trading days found.
[0117V0] Attempting Option A: KRX API Data...
Fetched 10-year data for 454780: 699 trading days found.
[454780] Attempting Option A: KRX API Data...
[477050] KRX API weights are all 0.0 (overseas/synthetic). Falling back.
[477050] KRX Data unavailable, returning empty holdings.
[463050] KRX API successful. Found 46 holdings.
Fetched 10-year data for 448290: 792 trading days found.
[448290] Attempting Option A: KRX API Data...
Fetched 10-year data for 451000: 761 trading days found.
[451000] Attempting Option A: KRX API Data...
[490590] KRX API successful. Found 20 holdings.
[329750] KRX API weights are all 0.0 (overseas/synthetic). Falling back.
[329750] KRX Data unavailable, returning empty holdings.
Fetched 10-year data for 0053L0: 183 trading days found.
[0053L0] Attempting Option A: KRX API Data...
Fetched 10-year data for 0007F0: 270 trading days found.
[0007F0] Attempting Option A: KRX API Data...
[139230] KRX API successful. Found 18 holdings.
[0117V0] KRX API successful. Found 11 holdings.
[0091P0] KRX API successful. Found 18 holdings.
[361580] KRX API successful. Found 50 holdings.
[454780] KRX API successful. Found 50 holdings.
Fetched 10-year data for 241180: 2429 trading days found.
[241180] Attempting Option A: KRX API Data...
Fetched 10-year data for 489250: 370 trading days found.
[489250] Attempting Option A: KRX API Data...
Fetched 10-year data for 499660: 287 trading days found.
[499660] Attempting Option A: KRX API Data...
Fetched 10-year data for 277630: 2078 trading days found.
[277630] Attempting Option A: KRX API Data...
[451000] KRX API successful. Found 50 holdings.
Fetched 10-year data for 157500: 2453 trading days found.
[157500] Attempting Option A: KRX API Data...
[0053L0] KRX API weights are all 0.0 (overseas/synthetic). Falling back.
[0053L0] KRX Data unavailable, returning empty holdings.
Fetched 10-year data for 423920: 942 trading days found.
[423920] Attempting Option A: KRX API Data...
[0007F0] KRX API weights are all 0.0 (overseas/synthetic). Falling back.
[0007F0] KRX Data unavailable, returning empty holdings.
Fetched 10-year data for 478150: 446 trading days found.
[478150] Attempting Option A: KRX API Data...
Fetched 10-year data for 365780: 1315 trading days found.
[365780] Attempting Option A: KRX API Data...
[499660] KRX API weights are all 0.0 (overseas/synthetic). Falling back.
[499660] KRX Data unavailable, returning empty holdings.
[489250] KRX API weights are all 0.0 (overseas/synthetic). Falling back.
[489250] KRX Data unavailable, returning empty holdings.
Fetched 10-year data for 453810: 691 trading days found.
[453810] Attempting Option A: KRX API Data...
[157500] KRX API successful. Found 11 holdings.
Fetched 10-year data for 0023A0: 235 trading days found.
[0023A0] Attempting Option A: KRX API Data...
[423920] KRX API weights are all 0.0 (overseas/synthetic). Falling back.
[423920] KRX Data unavailable, returning empty holdings.
[365780] KRX API weights are all 0.0 (overseas/synthetic). Falling back.
[365780] KRX Data unavailable, returning empty holdings.
Fetched 10-year data for 453870: 696 trading days found.
[453870] Attempting Option A: KRX API Data...
[478150] KRX API successful. Found 38 holdings.
Fetched 10-year data for 442320: 823 trading days found.
[442320] Attempting Option A: KRX API Data...
Fetched 10-year data for 461490: 648 trading days found.
[461490] Attempting Option A: KRX API Data...
Fetched 10-year data for 439870: 856 trading days found.
[439870] Attempting Option A: KRX API Data...
[0023A0] KRX API weights are all 0.0 (overseas/synthetic). Falling back.
[0023A0] KRX Data unavailable, returning empty holdings.
[453810] KRX API weights are all 0.0 (overseas/synthetic). Falling back.
[453810] KRX Data unavailable, returning empty holdings.
Fetched 10-year data for 484880: 405 trading days found.
[484880] Attempting Option A: KRX API Data...
Fetched 10-year data for 295040: 1923 trading days found.
[295040] Attempting Option A: KRX API Data...
[453870] KRX API weights are all 0.0 (overseas/synthetic). Falling back.
[453870] KRX Data unavailable, returning empty holdings.
[448290] KRX API weights are all 0.0 (overseas/synthetic). Falling back.
[448290] KRX Data unavailable, returning empty holdings.
[448290] S&P 500 ETF matched. Generating proxy holdings.
[461490] KRX API successful. Found 11 holdings.
[442320] KRX API successful. Found 31 holdings.
Fetched 10-year data for 307520: 1791 trading days found.
[307520] Attempting Option A: KRX API Data...
[241180] KRX API weights are all 0.0 (overseas/synthetic). Falling back.
[241180] KRX Data unavailable, returning empty holdings.
Fetched 10-year data for 0122W0: 66 trading days found.
[0122W0] Attempting Option A: KRX API Data...
Fetched 10-year data for 0046A0: 200 trading days found.
[0046A0] Attempting Option A: KRX API Data...
[439870] KRX API weights are all 0.0 (overseas/synthetic). Falling back.
[439870] KRX Data unavailable, returning empty holdings.
Fetched 10-year data for 123320: 2453 trading days found.
[123320] Attempting Option A: KRX API Data...
Fetched 10-year data for 473330: 524 trading days found.
[473330] Attempting Option A: KRX API Data...
Fetched 10-year data for 315960: 1741 trading days found.
[315960] Attempting Option A: KRX API Data...
[484880] KRX API successful. Found 11 holdings.
Fetched 10-year data for 279530: 2051 trading days found.
[279530] Attempting Option A: KRX API Data...
[0122W0] KRX API weights are all 0.0 (overseas/synthetic). Falling back.
[0122W0] KRX Data unavailable, returning empty holdings.
[0046A0] KRX API weights are all 0.0 (overseas/synthetic). Falling back.
[0046A0] KRX Data unavailable, returning empty holdings.
[307520] KRX API successful. Found 31 holdings.
[473330] KRX API weights are all 0.0 (overseas/synthetic). Falling back.
[473330] KRX Data unavailable, returning empty holdings.
Fetched 10-year data for 0080G0: 150 trading days found.
[0080G0] Attempting Option A: KRX API Data...
Fetched 10-year data for 496080: 318 trading days found.
[496080] Attempting Option A: KRX API Data...
[315960] KRX API successful. Found 11 holdings.
Fetched 10-year data for 490490: 344 trading days found.
[490490] Attempting Option A: KRX API Data...
Fetched 10-year data for 0016X0: 249 trading days found.
[0016X0] Attempting Option A: KRX API Data...
Fetched 10-year data for 469150: 574 trading days found.
[469150] Attempting Option A: KRX API Data...
[279530] KRX API successful. Found 21 holdings.
[0080G0] KRX API successful. Found 11 holdings.
[295040] KRX API successful. Found 50 holdings.
[490490] KRX API weights are all 0.0 (overseas/synthetic). Falling back.
[490490] KRX Data unavailable, returning empty holdings.
Fetched 10-year data for 0060H0: 165 trading days found.
[0060H0] Attempting Option A: KRX API Data...
Fetched 10-year data for 466950: 578 trading days found.
[466950] Attempting Option A: KRX API Data...
[0016X0] KRX API weights are all 0.0 (overseas/synthetic). Falling back.
[0016X0] KRX Data unavailable, returning empty holdings.
[496080] KRX API successful. Found 50 holdings.
Fetched 10-year data for 472870: 524 trading days found.
[472870] Attempting Option A: KRX API Data...
[469150] KRX API successful. Found 21 holdings.
Fetched 10-year data for 441680: 836 trading days found.
[441680] Attempting Option A: KRX API Data...
Fetched 10-year data for 442580: 836 trading days found.
[442580] Attempting Option A: KRX API Data...
Fetched 10-year data for 228790: 2453 trading days found.
[228790] Attempting Option A: KRX API Data...
Fetched 10-year data for 437080: 865 trading days found.
[437080] Attempting Option A: KRX API Data...
[123320] KRX API successful. Found 50 holdings.
[466950] KRX API successful. Found 45 holdings.
[472870] KRX API weights are all 0.0 (overseas/synthetic). Falling back.
[472870] KRX Data unavailable, returning empty holdings.
Fetched 10-year data for 421320: 957 trading days found.
[421320] Attempting Option A: KRX API Data...
[441680] KRX API weights are all 0.0 (overseas/synthetic). Falling back.
[441680] KRX Data unavailable, returning empty holdings.
[441680] NASDAQ ETF matched. Generating proxy holdings.
Fetched 10-year data for 456880: 689 trading days found.
[456880] Attempting Option A: KRX API Data...
[442580] KRX API successful. Found 12 holdings.
Fetched 10-year data for 439860: 856 trading days found.
[439860] Attempting Option A: KRX API Data...
[228790] KRX API successful. Found 20 holdings.
[277630] KRX API successful. Found 50 holdings.
Fetched 10-year data for 475080: 507 trading days found.
[475080] Attempting Option A: KRX API Data...
Fetched 10-year data for 302450: 1862 trading days found.
[302450] Attempting Option A: KRX API Data...
Fetched 10-year data for 0038A0: 210 trading days found.
[0038A0] Attempting Option A: KRX API Data...
[0060H0] KRX API successful. Found 50 holdings.
Fetched 10-year data for 472170: 539 trading days found.
[472170] Attempting Option A: KRX API Data...
Fetched 10-year data for 364970: 1320 trading days found.
[364970] Attempting Option A: KRX API Data...
[437080] KRX API weights are all 0.0 (overseas/synthetic). Falling back.
[437080] KRX Data unavailable, returning empty holdings.
[421320] KRX API successful. Found 16 holdings.
[456880] KRX API successful. Found 5 holdings.
Fetched 10-year data for 213610: 2453 trading days found.
[213610] Attempting Option A: KRX API Data...
[439860] KRX API weights are all 0.0 (overseas/synthetic). Falling back.
[439860] KRX Data unavailable, returning empty holdings.
Fetched 10-year data for 244580: 2401 trading days found.
[244580] Attempting Option A: KRX API Data...
[475080] KRX API weights are all 0.0 (overseas/synthetic). Falling back.
[475080] KRX Data unavailable, returning empty holdings.
Fetched 10-year data for 0040Y0: 205 trading days found.
[0040Y0] Attempting Option A: KRX API Data...
Fetched 10-year data for 273140: 2122 trading days found.
[273140] Attempting Option A: KRX API Data...
Fetched 10-year data for 245710: 2367 trading days found.
[245710] Attempting Option A: KRX API Data...
[0038A0] KRX API weights are all 0.0 (overseas/synthetic). Falling back.
[0038A0] KRX Data unavailable, returning empty holdings.
[472170] KRX API successful. Found 18 holdings.
Fetched 10-year data for 491620: 339 trading days found.
[491620] Attempting Option A: KRX API Data...
[364970] KRX API successful. Found 12 holdings.
Fetched 10-year data for 476760: 475 trading days found.
[476760] Attempting Option A: KRX API Data...
Fetched 10-year data for 363570: 1325 trading days found.
[363570] Attempting Option A: KRX API Data...
[213610] KRX API successful. Found 17 holdings.
[0040Y0] KRX API weights are all 0.0 (overseas/synthetic). Falling back.
[0040Y0] KRX Data unavailable, returning empty holdings.
[245710] KRX API weights are all 0.0 (overseas/synthetic). Falling back.
[245710] KRX Data unavailable, returning empty holdings.
[273140] KRX API weights are all 0.0 (overseas/synthetic). Falling back.
[273140] KRX Data unavailable, returning empty holdings.
[244580] KRX API successful. Found 50 holdings.
Fetched 10-year data for 394670: 1125 trading days found.
[394670] Attempting Option A: KRX API Data...
Fetched 10-year data for 0051G0: 188 trading days found.
[0051G0] Attempting Option A: KRX API Data...
[491620] KRX API weights are all 0.0 (overseas/synthetic). Falling back.
[491620] KRX Data unavailable, returning empty holdings.
Fetched 10-year data for 448300: 792 trading days found.
[448300] Attempting Option A: KRX API Data...
[476760] KRX API weights are all 0.0 (overseas/synthetic). Falling back.
[476760] KRX Data unavailable, returning empty holdings.
Fetched 10-year data for 0094K0: 121 trading days found.
[0094K0] Attempting Option A: KRX API Data...
Fetched 10-year data for 435420: 889 trading days found.
[435420] Attempting Option A: KRX API Data...
Fetched 10-year data for 0144L0: 41 trading days found.
[0144L0] Attempting Option A: KRX API Data...
[363570] KRX API weights are all 0.0 (overseas/synthetic). Falling back.
[363570] KRX Data unavailable, returning empty holdings.
Fetched 10-year data for 302190: 1864 trading days found.
[302190] Attempting Option A: KRX API Data...
[251350] KRX API weights are all 0.0 (overseas/synthetic). Falling back.
[251350] KRX Data unavailable, returning empty holdings.
Fetched 10-year data for 471990: 549 trading days found.
[471990] Attempting Option A: KRX API Data...
[0051G0] KRX API weights are all 0.0 (overseas/synthetic). Falling back.
[0051G0] KRX Data unavailable, returning empty holdings.
[394670] KRX API weights are all 0.0 (overseas/synthetic). Falling back.
[394670] KRX Data unavailable, returning empty holdings.
Fetched 10-year data for 458260: 666 trading days found.
[458260] Attempting Option A: KRX API Data...
Fetched 10-year data for 481190: 429 trading days found.
[481190] Attempting Option A: KRX API Data...
Fetched 10-year data for 0064K0: 170 trading days found.
[0064K0] Attempting Option A: KRX API Data...
[0094K0] KRX API weights are all 0.0 (overseas/synthetic). Falling back.
[0094K0] KRX Data unavailable, returning empty holdings.
[0144L0] KRX API weights are all 0.0 (overseas/synthetic). Falling back.
[0144L0] KRX Data unavailable, returning empty holdings.
Fetched 10-year data for 472160: 539 trading days found.
[472160] Attempting Option A: KRX API Data...
[448300] KRX API weights are all 0.0 (overseas/synthetic). Falling back.
[448300] KRX Data unavailable, returning empty holdings.
[448300] NASDAQ ETF matched. Generating proxy holdings.
[302190] KRX API weights are all 0.0 (overseas/synthetic). Falling back.
[302190] KRX Data unavailable, returning empty holdings.
Fetched 10-year data for 485540: 405 trading days found.
[485540] Attempting Option A: KRX API Data...
Fetched 10-year data for 160580: 2453 trading days found.
[160580] Attempting Option A: KRX API Data...
[435420] KRX API weights are all 0.0 (overseas/synthetic). Falling back.
[435420] KRX Data unavailable, returning empty holdings.
[435420] NASDAQ ETF matched. Generating proxy holdings.
[471990] KRX API successful. Found 18 holdings.
Fetched 10-year data for 385720: 1165 trading days found.
[385720] Attempting Option A: KRX API Data...
Fetched 10-year data for 233160: 2453 trading days found.
[233160] Attempting Option A: KRX API Data...
[481190] KRX API weights are all 0.0 (overseas/synthetic). Falling back.
[481190] KRX Data unavailable, returning empty holdings.
Fetched 10-year data for 473460: 524 trading days found.
[473460] Attempting Option A: KRX API Data...
[0064K0] KRX API successful. Found 10 holdings.
Fetched 10-year data for 486450: 390 trading days found.
[486450] Attempting Option A: KRX API Data...
[472160] KRX API weights are all 0.0 (overseas/synthetic). Falling back.
[472160] KRX Data unavailable, returning empty holdings.
Fetched 10-year data for 488980: 336 trading days found.
[488980] Attempting Option A: KRX API Data...
[485540] KRX API weights are all 0.0 (overseas/synthetic). Falling back.
[485540] KRX Data unavailable, returning empty holdings.
[160580] KRX API weights are all 0.0 (overseas/synthetic). Falling back.
[160580] KRX Data unavailable, returning empty holdings.
Fetched 10-year data for 418660: 980 trading days found.
[418660] Attempting Option A: KRX API Data...
Fetched 10-year data for 283580: 2010 trading days found.
[283580] Attempting Option A: KRX API Data...
[473460] KRX API weights are all 0.0 (overseas/synthetic). Falling back.
[473460] KRX Data unavailable, returning empty holdings.
[385720] KRX API successful. Found 29 holdings.
Fetched 10-year data for 461950: 643 trading days found.
[461950] Attempting Option A: KRX API Data...
[458260] KRX API weights are all 0.0 (overseas/synthetic). Falling back.
[458260] KRX Data unavailable, returning empty holdings.
[486450] KRX API weights are all 0.0 (overseas/synthetic). Falling back.
[486450] KRX Data unavailable, returning empty holdings.
Fetched 10-year data for 0089D0: 130 trading days found.
[0089D0] Attempting Option A: KRX API Data...
[488980] KRX API weights are all 0.0 (overseas/synthetic). Falling back.
[488980] KRX Data unavailable, returning empty holdings.
Fetched 10-year data for 385550: 1164 trading days found.
[385550] Attempting Option A: KRX API Data...
[302450] KRX API successful. Found 50 holdings.
Fetched 10-year data for 493810: 332 trading days found.
[493810] Attempting Option A: KRX API Data...
Fetched 10-year data for 433500: 895 trading days found.
[433500] Attempting Option A: KRX API Data...
Fetched 10-year data for 329650: 1631 trading days found.
[329650] Attempting Option A: KRX API Data...
[418660] KRX API weights are all 0.0 (overseas/synthetic). Falling back.
[418660] KRX Data unavailable, returning empty holdings.
[418660] NASDAQ ETF matched. Generating proxy holdings.
Fetched 10-year data for 310960: 1783 trading days found.
[310960] Attempting Option A: KRX API Data...
Fetched 10-year data for 448540: 790 trading days found.
[448540] Attempting Option A: KRX API Data...
[461950] KRX API successful. Found 11 holdings.
[233160] KRX API successful. Found 50 holdings.
[0089D0] KRX API successful. Found 11 holdings.
[493810] KRX API weights are all 0.0 (overseas/synthetic). Falling back.
[493810] KRX Data unavailable, returning empty holdings.
[433500] KRX API successful. Found 11 holdings.
Fetched 10-year data for 261260: 2245 trading days found.
[261260] Attempting Option A: KRX API Data...
[385550] KRX API weights are all 0.0 (overseas/synthetic). Falling back.
[385550] KRX Data unavailable, returning empty holdings.
[329650] KRX API successful. Found 28 holdings.
Fetched 10-year data for 0048K0: 193 trading days found.
[0048K0] Attempting Option A: KRX API Data...
Fetched 10-year data for 0052S0: 175 trading days found.
[0052S0] Attempting Option A: KRX API Data...
[448540] KRX API weights are all 0.0 (overseas/synthetic). Falling back.
[448540] KRX Data unavailable, returning empty holdings.
Fetched 10-year data for 466930: 581 trading days found.
[466930] Attempting Option A: KRX API Data...
Fetched 10-year data for 0026S0: 230 trading days found.
[0026S0] Attempting Option A: KRX API Data...
Fetched 10-year data for 476450: 482 trading days found.
[476450] Attempting Option A: KRX API Data...
Fetched 10-year data for 0153K0: 24 trading days found.
[0153K0] Attempting Option A: KRX API Data...
Fetched 10-year data for 422420: 949 trading days found.
[422420] Attempting Option A: KRX API Data...
[261260] KRX API successful. Found 8 holdings.
[0048K0] KRX API weights are all 0.0 (overseas/synthetic). Falling back.
[0048K0] KRX Data unavailable, returning empty holdings.
[283580] KRX API weights are all 0.0 (overseas/synthetic). Falling back.
[283580] KRX Data unavailable, returning empty holdings.
Fetched 10-year data for 0047A0: 193 trading days found.
[0047A0] Attempting Option A: KRX API Data...
Fetched 10-year data for 354500: 1425 trading days found.
[354500] Attempting Option A: KRX API Data...
Fetched 10-year data for 451060: 748 trading days found.
[451060] Attempting Option A: KRX API Data...
[466930] KRX API successful. Found 14 holdings.
[310960] KRX API successful. Found 50 holdings.
[476450] KRX API successful. Found 40 holdings.
[422420] KRX API successful. Found 17 holdings.
[0153K0] KRX API successful. Found 31 holdings.
[0052S0] KRX API weights are all 0.0 (overseas/synthetic). Falling back.
[0052S0] KRX Data unavailable, returning empty holdings.
[0052S0] S&P 500 ETF matched. Generating proxy holdings.
Fetched 10-year data for 396520: 1110 trading days found.
[396520] Attempting Option A: KRX API Data...
Fetched 10-year data for 0000J0: 282 trading days found.
[0000J0] Attempting Option A: KRX API Data...
Fetched 10-year data for 143860: 2453 trading days found.
[143860] Attempting Option A: KRX API Data...
Fetched 10-year data for 305080: 1836 trading days found.
[305080] Attempting Option A: KRX API Data...
[0026S0] KRX API weights are all 0.0 (overseas/synthetic). Falling back.
[0026S0] KRX Data unavailable, returning empty holdings.
[0026S0] S&P 500 ETF matched. Generating proxy holdings.
Fetched 10-year data for 498270: 287 trading days found.
[498270] Attempting Option A: KRX API Data...
Fetched 10-year data for 0098F0: 106 trading days found.
[0098F0] Attempting Option A: KRX API Data...
[0047A0] KRX API weights are all 0.0 (overseas/synthetic). Falling back.
[0047A0] KRX Data unavailable, returning empty holdings.
Fetched 10-year data for 190620: 2453 trading days found.
[190620] Attempting Option A: KRX API Data...
Fetched 10-year data for 200250: 2453 trading days found.
[200250] Attempting Option A: KRX API Data...
[396520] KRX API weights are all 0.0 (overseas/synthetic). Falling back.
[396520] KRX Data unavailable, returning empty holdings.
[0000J0] KRX API successful. Found 11 holdings.
[305080] KRX API weights are all 0.0 (overseas/synthetic). Falling back.
[305080] KRX Data unavailable, returning empty holdings.
[498270] KRX API weights are all 0.0 (overseas/synthetic). Falling back.
[498270] KRX Data unavailable, returning empty holdings.
[354500] KRX API successful. Found 50 holdings.
[0098F0] KRX API successful. Found 16 holdings.
Fetched 10-year data for 388420: 1153 trading days found.
[388420] Attempting Option A: KRX API Data...
[451060] KRX API successful. Found 50 holdings.
Fetched 10-year data for 489030: 370 trading days found.
[489030] Attempting Option A: KRX API Data...
[190620] KRX API weights are all 0.0 (overseas/synthetic). Falling back.
[190620] KRX Data unavailable, returning empty holdings.
Fetched 10-year data for 433330: 900 trading days found.
[433330] Attempting Option A: KRX API Data...
Fetched 10-year data for 491610: 344 trading days found.
[491610] Attempting Option A: KRX API Data...
Fetched 10-year data for 266160: 2171 trading days found.
[266160] Attempting Option A: KRX API Data...
[143860] KRX API successful. Found 50 holdings.
[200250] KRX API weights are all 0.0 (overseas/synthetic). Falling back.
[200250] KRX Data unavailable, returning empty holdings.
Fetched 10-year data for 332930: 1593 trading days found.
[332930] Attempting Option A: KRX API Data...
Fetched 10-year data for 452360: 714 trading days found.
[452360] Attempting Option A: KRX API Data...
Fetched 10-year data for 483320: 415 trading days found.
[483320] Attempting Option A: KRX API Data...
Fetched 10-year data for 490090: 361 trading days found.
[490090] Attempting Option A: KRX API Data...
Fetched 10-year data for 304660: 1827 trading days found.
[304660] Attempting Option A: KRX API Data...
[388420] KRX API successful. Found 20 holdings.
[489030] KRX API successful. Found 33 holdings.
[491610] KRX API weights are all 0.0 (overseas/synthetic). Falling back.
[491610] KRX Data unavailable, returning empty holdings.
[266160] KRX API successful. Found 50 holdings.
Fetched 10-year data for 414780: 1005 trading days found.
[414780] Attempting Option A: KRX API Data...
[483320] KRX API successful. Found 23 holdings.
Fetched 10-year data for 267770: 2164 trading days found.
[267770] Attempting Option A: KRX API Data...
Fetched 10-year data for 448630: 790 trading days found.
[448630] Attempting Option A: KRX API Data...
[452360] KRX API weights are all 0.0 (overseas/synthetic). Falling back.
[452360] KRX Data unavailable, returning empty holdings.
[490090] KRX API weights are all 0.0 (overseas/synthetic). Falling back.
[490090] KRX Data unavailable, returning empty holdings.
Fetched 10-year data for 412570: 1025 trading days found.
[412570] Attempting Option A: KRX API Data...
[304660] KRX API weights are all 0.0 (overseas/synthetic). Falling back.
[304660] KRX Data unavailable, returning empty holdings.
Fetched 10-year data for 0123G0: 76 trading days found.
[0123G0] Attempting Option A: KRX API Data...
Fetched 10-year data for 0040X0: 205 trading days found.
[0040X0] Attempting Option A: KRX API Data...
Fetched 10-year data for 385510: 1165 trading days found.
[385510] Attempting Option A: KRX API Data...
Fetched 10-year data for 464240: 612 trading days found.
[464240] Attempting Option A: KRX API Data...
[414780] KRX API weights are all 0.0 (overseas/synthetic). Falling back.
[414780] KRX Data unavailable, returning empty holdings.
[267770] KRX API successful. Found 6 holdings.
[448630] KRX API successful. Found 11 holdings.
Fetched 10-year data for 471040: 549 trading days found.
[471040] Attempting Option A: KRX API Data...
[332930] KRX API successful. Found 50 holdings.
[412570] KRX API successful. Found 14 holdings.
[0123G0] KRX API weights are all 0.0 (overseas/synthetic). Falling back.
[0123G0] KRX Data unavailable, returning empty holdings.
[0040X0] KRX API weights are all 0.0 (overseas/synthetic). Falling back.
[0040X0] KRX Data unavailable, returning empty holdings.
Fetched 10-year data for 409820: 1029 trading days found.
[409820] Attempting Option A: KRX API Data...
[433330] KRX API weights are all 0.0 (overseas/synthetic). Falling back.
[433330] KRX Data unavailable, returning empty holdings.
[433330] S&P 500 ETF matched. Generating proxy holdings.
Fetched 10-year data for 0043Y0: 193 trading days found.
[0043Y0] Attempting Option A: KRX API Data...
Fetched 10-year data for 455860: 689 trading days found.
[455860] Attempting Option A: KRX API Data...
[464240] KRX API weights are all 0.0 (overseas/synthetic). Falling back.
[464240] KRX Data unavailable, returning empty holdings.
Fetched 10-year data for 0111P0: 96 trading days found.
[0111P0] Attempting Option A: KRX API Data...
[385510] KRX API successful. Found 50 holdings.
Fetched 10-year data for 0092C0: 126 trading days found.
[0092C0] Attempting Option A: KRX API Data...
Fetched 10-year data for 426020: 927 trading days found.
[426020] Attempting Option A: KRX API Data...
Fetched 10-year data for 272560: 2122 trading days found.
[272560] Attempting Option A: KRX API Data...
Fetched 10-year data for 472920: 544 trading days found.
[472920] Attempting Option A: KRX API Data...
Fetched 10-year data for 483340: 415 trading days found.
[483340] Attempting Option A: KRX API Data...
[471040] KRX API successful. Found 50 holdings.
[409820] KRX API weights are all 0.0 (overseas/synthetic). Falling back.
[409820] KRX Data unavailable, returning empty holdings.
[409820] NASDAQ ETF matched. Generating proxy holdings.
Fetched 10-year data for 290130: 1961 trading days found.
[290130] Attempting Option A: KRX API Data...
[0043Y0] KRX API weights are all 0.0 (overseas/synthetic). Falling back.
[0043Y0] KRX Data unavailable, returning empty holdings.
Fetched 10-year data for 475050: 502 trading days found.
[475050] Attempting Option A: KRX API Data...
[0092C0] KRX API weights are all 0.0 (overseas/synthetic). Falling back.
[0092C0] KRX Data unavailable, returning empty holdings.
[455860] KRX API successful. Found 21 holdings.
[0111P0] KRX API weights are all 0.0 (overseas/synthetic). Falling back.
[0111P0] KRX Data unavailable, returning empty holdings.
[0111P0] NASDAQ ETF matched. Generating proxy holdings.
Fetched 10-year data for 0119H0: 76 trading days found.
[0119H0] Attempting Option A: KRX API Data...
[472920] KRX API weights are all 0.0 (overseas/synthetic). Falling back.
[472920] KRX Data unavailable, returning empty holdings.
Fetched 10-year data for 497880: 302 trading days found.
[497880] Attempting Option A: KRX API Data...
[272560] KRX API weights are all 0.0 (overseas/synthetic). Falling back.
[272560] KRX Data unavailable, returning empty holdings.
Fetched 10-year data for 0008S0: 265 trading days found.
[0008S0] Attempting Option A: KRX API Data...
[483340] KRX API successful. Found 19 holdings.
Fetched 10-year data for 495230: 318 trading days found.
[495230] Attempting Option A: KRX API Data...
Fetched 10-year data for 196230: 2453 trading days found.
[196230] Attempting Option A: KRX API Data...
[426020] KRX API weights are all 0.0 (overseas/synthetic). Falling back.
[426020] KRX Data unavailable, returning empty holdings.
[426020] S&P 500 ETF matched. Generating proxy holdings.
Fetched 10-year data for 463290: 621 trading days found.
[463290] Attempting Option A: KRX API Data...
Fetched 10-year data for 480020: 446 trading days found.
[480020] Attempting Option A: KRX API Data...
Fetched 10-year data for 251340: 2339 trading days found.
[251340] Attempting Option A: KRX API Data...
[290130] KRX API successful. Found 50 holdings.
[475050] KRX API successful. Found 11 holdings.
[0119H0] KRX API weights are all 0.0 (overseas/synthetic). Falling back.
[0119H0] KRX Data unavailable, returning empty holdings.
Fetched 10-year data for 325020: 1654 trading days found.
[325020] Attempting Option A: KRX API Data...
[497880] KRX API weights are all 0.0 (overseas/synthetic). Falling back.
[497880] KRX Data unavailable, returning empty holdings.
Fetched 10-year data for 0001S0: 282 trading days found.
[0001S0] Attempting Option A: KRX API Data...
[0008S0] KRX API weights are all 0.0 (overseas/synthetic). Falling back.
[0008S0] KRX Data unavailable, returning empty holdings.
Fetched 10-year data for 114100: 2453 trading days found.
[114100] Attempting Option A: KRX API Data...
[196230] KRX API weights are all 0.0 (overseas/synthetic). Falling back.
[196230] KRX Data unavailable, returning empty holdings.
[495230] KRX API successful. Found 50 holdings.
Fetched 10-year data for 496020: 307 trading days found.
[496020] Attempting Option A: KRX API Data...
[463290] KRX API weights are all 0.0 (overseas/synthetic). Falling back.
[463290] KRX Data unavailable, returning empty holdings.
Fetched 10-year data for 465780: 587 trading days found.
[465780] Attempting Option A: KRX API Data...
[480020] KRX API weights are all 0.0 (overseas/synthetic). Falling back.
[480020] KRX Data unavailable, returning empty holdings.
[251340] KRX API weights are all 0.0 (overseas/synthetic). Falling back.
[251340] KRX Data unavailable, returning empty holdings.
Fetched 10-year data for 403790: 1070 trading days found.
[403790] Attempting Option A: KRX API Data...
Fetched 10-year data for 325010: 1654 trading days found.
[325010] Attempting Option A: KRX API Data...
Fetched 10-year data for 182480: 2453 trading days found.
[182480] Attempting Option A: KRX API Data...
Fetched 10-year data for 0080Y0: 150 trading days found.
[0080Y0] Attempting Option A: KRX API Data...
Fetched 10-year data for 372330: 1271 trading days found.
[372330] Attempting Option A: KRX API Data...
[0001S0] KRX API weights are all 0.0 (overseas/synthetic). Falling back.
[0001S0] KRX Data unavailable, returning empty holdings.
Fetched 10-year data for 0138Y0: 46 trading days found.
[0138Y0] Attempting Option A: KRX API Data...
[114100] KRX API weights are all 0.0 (overseas/synthetic). Falling back.
[114100] KRX Data unavailable, returning empty holdings.
[496020] KRX API weights are all 0.0 (overseas/synthetic). Falling back.
[496020] KRX Data unavailable, returning empty holdings.
[465780] KRX API weights are all 0.0 (overseas/synthetic). Falling back.
[465780] KRX Data unavailable, returning empty holdings.
Fetched 10-year data for 0005D0: 275 trading days found.
[0005D0] Attempting Option A: KRX API Data...
Fetched 10-year data for 0091C0: 126 trading days found.
[0091C0] Attempting Option A: KRX API Data...
Fetched 10-year data for 192090: 2453 trading days found.
[192090] Attempting Option A: KRX API Data...
[325020] KRX API successful. Found 50 holdings.
[0080Y0] KRX API successful. Found 16 holdings.
[372330] KRX API weights are all 0.0 (overseas/synthetic). Falling back.
[372330] KRX Data unavailable, returning empty holdings.
Fetched 10-year data for 461270: 653 trading days found.
[461270] Attempting Option A: KRX API Data...
[0138Y0] KRX API successful. Found 16 holdings.
Fetched 10-year data for 0104N0: 101 trading days found.
[0104N0] Attempting Option A: KRX API Data...
[182480] KRX API weights are all 0.0 (overseas/synthetic). Falling back.
[182480] KRX Data unavailable, returning empty holdings.
Fetched 10-year data for 483290: 424 trading days found.
[483290] Attempting Option A: KRX API Data...
Fetched 10-year data for 0019K0: 225 trading days found.
[0019K0] Attempting Option A: KRX API Data...
[0005D0] KRX API successful. Found 11 holdings.
[0091C0] KRX API weights are all 0.0 (overseas/synthetic). Falling back.
[0091C0] KRX Data unavailable, returning empty holdings.
Fetched 10-year data for 367770: 1305 trading days found.
[367770] Attempting Option A: KRX API Data...
Fetched 10-year data for 278240: 2078 trading days found.
[278240] Attempting Option A: KRX API Data...
Fetched 10-year data for 480030: 446 trading days found.
[480030] Attempting Option A: KRX API Data...
[461270] KRX API weights are all 0.0 (overseas/synthetic). Falling back.
[461270] KRX Data unavailable, returning empty holdings.
Fetched 10-year data for 319640: 1690 trading days found.
[319640] Attempting Option A: KRX API Data...
[403790] KRX API successful. Found 50 holdings.
[0104N0] KRX API successful. Found 50 holdings.
[0019K0] KRX API successful. Found 43 holdings.
[483290] KRX API weights are all 0.0 (overseas/synthetic). Falling back.
[483290] KRX Data unavailable, returning empty holdings.
[325010] KRX API successful. Found 50 holdings.
Fetched 10-year data for 471760: 549 trading days found.
[471760] Attempting Option A: KRX API Data...
Fetched 10-year data for 0015B0: 244 trading days found.
[0015B0] Attempting Option A: KRX API Data...
[278240] KRX API successful. Found 6 holdings.
Fetched 10-year data for 130730: 2453 trading days found.
[130730] Attempting Option A: KRX API Data...
[480030] KRX API weights are all 0.0 (overseas/synthetic). Falling back.
[480030] KRX Data unavailable, returning empty holdings.
Fetched 10-year data for 429000: 923 trading days found.
[429000] Attempting Option A: KRX API Data...
[367770] KRX API successful. Found 37 holdings.
Fetched 10-year data for 219480: 2453 trading days found.
[219480] Attempting Option A: KRX API Data...
Fetched 10-year data for 491230: 351 trading days found.
[491230] Attempting Option A: KRX API Data...
Fetched 10-year data for 0066W0: 170 trading days found.
[0066W0] Attempting Option A: KRX API Data...
[319640] KRX API weights are all 0.0 (overseas/synthetic). Falling back.
[319640] KRX Data unavailable, returning empty holdings.
Fetched 10-year data for 474590: 512 trading days found.
[474590] Attempting Option A: KRX API Data...
[0015B0] KRX API weights are all 0.0 (overseas/synthetic). Falling back.
[0015B0] KRX Data unavailable, returning empty holdings.
[0015B0] NASDAQ ETF matched. Generating proxy holdings.
Fetched 10-year data for 481430: 429 trading days found.
[481430] Attempting Option A: KRX API Data...
[130730] KRX API weights are all 0.0 (overseas/synthetic). Falling back.
[130730] KRX Data unavailable, returning empty holdings.
[219480] KRX API weights are all 0.0 (overseas/synthetic). Falling back.
[219480] KRX Data unavailable, returning empty holdings.
[219480] S&P 500 ETF matched. Generating proxy holdings.
[471760] KRX API successful. Found 18 holdings.
Fetched 10-year data for 136340: 2453 trading days found.
[136340] Attempting Option A: KRX API Data...
[491230] KRX API weights are all 0.0 (overseas/synthetic). Falling back.
[491230] KRX Data unavailable, returning empty holdings.
[0066W0] KRX API weights are all 0.0 (overseas/synthetic). Falling back.
[0066W0] KRX Data unavailable, returning empty holdings.
[429000] KRX API weights are all 0.0 (overseas/synthetic). Falling back.
[429000] KRX Data unavailable, returning empty holdings.
[429000] S&P 500 ETF matched. Generating proxy holdings.
Fetched 10-year data for 0099L0: 111 trading days found.
[0099L0] Attempting Option A: KRX API Data...
[192090] KRX API weights are all 0.0 (overseas/synthetic). Falling back.
[192090] KRX Data unavailable, returning empty holdings.
[474590] KRX API successful. Found 21 holdings.
Fetched 10-year data for 237370: 2453 trading days found.
[237370] Attempting Option A: KRX API Data...
Fetched 10-year data for 438570: 846 trading days found.
[438570] Attempting Option A: KRX API Data...
[481430] KRX API successful. Found 6 holdings.
Fetched 10-year data for 0005A0: 275 trading days found.
[0005A0] Attempting Option A: KRX API Data...
Fetched 10-year data for 309230: 1801 trading days found.
[309230] Attempting Option A: KRX API Data...
Fetched 10-year data for 0074K0: 155 trading days found.
[0074K0] Attempting Option A: KRX API Data...
Fetched 10-year data for 245340: 2367 trading days found.
[245340] Attempting Option A: KRX API Data...
Fetched 10-year data for 0151S0: 29 trading days found.
[0151S0] Attempting Option A: KRX API Data...
Fetched 10-year data for 481180: 433 trading days found.
[481180] Attempting Option A: KRX API Data...
[136340] KRX API weights are all 0.0 (overseas/synthetic). Falling back.
[136340] KRX Data unavailable, returning empty holdings.
[0099L0] KRX API weights are all 0.0 (overseas/synthetic). Falling back.
[0099L0] KRX Data unavailable, returning empty holdings.
Fetched 10-year data for 152870: 2453 trading days found.
[152870] Attempting Option A: KRX API Data...
Fetched 10-year data for 157490: 2453 trading days found.
[157490] Attempting Option A: KRX API Data...
[237370] KRX API successful. Found 50 holdings.
[438570] KRX API weights are all 0.0 (overseas/synthetic). Falling back.
[438570] KRX Data unavailable, returning empty holdings.
[0074K0] KRX API successful. Found 38 holdings.
[0151S0] KRX API weights are all 0.0 (overseas/synthetic). Falling back.
[0151S0] KRX Data unavailable, returning empty holdings.
[309230] KRX API weights are all 0.0 (overseas/synthetic). Falling back.
[309230] KRX Data unavailable, returning empty holdings.
[245340] KRX API weights are all 0.0 (overseas/synthetic). Falling back.
[245340] KRX Data unavailable, returning empty holdings.
[481180] KRX API weights are all 0.0 (overseas/synthetic). Falling back.
[481180] KRX Data unavailable, returning empty holdings.
Fetched 10-year data for 114820: 2453 trading days found.
[114820] Attempting Option A: KRX API Data...
[0005A0] KRX API weights are all 0.0 (overseas/synthetic). Falling back.
[0005A0] KRX Data unavailable, returning empty holdings.
[0005A0] S&P 500 ETF matched. Generating proxy holdings.
Fetched 10-year data for 0115D0: 81 trading days found.
[0115D0] Attempting Option A: KRX API Data...
Fetched 10-year data for 442570: 836 trading days found.
[442570] Attempting Option A: KRX API Data...
Fetched 10-year data for 473640: 510 trading days found.
[473640] Attempting Option A: KRX API Data...
Fetched 10-year data for 332500: 1593 trading days found.
[332500] Attempting Option A: KRX API Data...
Fetched 10-year data for 464310: 612 trading days found.
[464310] Attempting Option A: KRX API Data...
Fetched 10-year data for 228810: 2453 trading days found.
[228810] Attempting Option A: KRX API Data...
Fetched 10-year data for 451530: 747 trading days found.
[451530] Attempting Option A: KRX API Data...
[157490] KRX API successful. Found 26 holdings.
[114820] KRX API weights are all 0.0 (overseas/synthetic). Falling back.
[114820] KRX Data unavailable, returning empty holdings.
[442570] KRX API successful. Found 15 holdings.
Fetched 10-year data for 0101N0: 101 trading days found.
[0101N0] Attempting Option A: KRX API Data...
[0115D0] KRX API successful. Found 11 holdings.
Fetched 10-year data for 464930: 604 trading days found.
[464930] Attempting Option A: KRX API Data...
[473640] KRX API weights are all 0.0 (overseas/synthetic). Falling back.
[473640] KRX Data unavailable, returning empty holdings.
Fetched 10-year data for 0092B0: 126 trading days found.
[0092B0] Attempting Option A: KRX API Data...
Fetched 10-year data for 0118Z0: 81 trading days found.
[0118Z0] Attempting Option A: KRX API Data...
[464310] KRX API successful. Found 50 holdings.
Fetched 10-year data for 168580: 2453 trading days found.
[168580] Attempting Option A: KRX API Data...
[228810] KRX API successful. Found 18 holdings.
[451530] KRX API weights are all 0.0 (overseas/synthetic). Falling back.
[451530] KRX Data unavailable, returning empty holdings.
Fetched 10-year data for 328370: 1638 trading days found.
[328370] Attempting Option A: KRX API Data...
Fetched 10-year data for 0127M0: 71 trading days found.
[0127M0] Attempting Option A: KRX API Data...
[0101N0] KRX API successful. Found 16 holdings.
[152870] KRX API successful. Found 50 holdings.
[464930] KRX API weights are all 0.0 (overseas/synthetic). Falling back.
[464930] KRX Data unavailable, returning empty holdings.
[0092B0] KRX API successful. Found 13 holdings.
Fetched 10-year data for 488500: 385 trading days found.
[488500] Attempting Option A: KRX API Data...
Fetched 10-year data for 423170: 947 trading days found.
[423170] Attempting Option A: KRX API Data...
[332500] KRX API successful. Found 50 holdings.
[0118Z0] KRX API weights are all 0.0 (overseas/synthetic). Falling back.
[0118Z0] KRX Data unavailable, returning empty holdings.
Fetched 10-year data for 364960: 1320 trading days found.
[364960] Attempting Option A: KRX API Data...
Fetched 10-year data for 495060: 318 trading days found.
[495060] Attempting Option A: KRX API Data...
Fetched 10-year data for 490480: 339 trading days found.
[490480] Attempting Option A: KRX API Data...
Fetched 10-year data for 0000Y0: 282 trading days found.
[0000Y0] Attempting Option A: KRX API Data...
Fetched 10-year data for 367760: 1305 trading days found.
[367760] Attempting Option A: KRX API Data...
[0127M0] KRX API weights are all 0.0 (overseas/synthetic). Falling back.
[0127M0] KRX Data unavailable, returning empty holdings.
Fetched 10-year data for 433980: 893 trading days found.
[433980] Attempting Option A: KRX API Data...
[423170] KRX API successful. Found 17 holdings.
[495060] KRX API successful. Found 31 holdings.
[488500] KRX API weights are all 0.0 (overseas/synthetic). Falling back.
[488500] KRX Data unavailable, returning empty holdings.
[488500] S&P 500 ETF matched. Generating proxy holdings.
[364960] KRX API successful. Found 14 holdings.
[490480] KRX API successful. Found 11 holdings.
[328370] KRX API successful. Found 50 holdings.
[0000Y0] KRX API weights are all 0.0 (overseas/synthetic). Falling back.
[0000Y0] KRX Data unavailable, returning empty holdings.
Fetched 10-year data for 479730: 433 trading days found.
[479730] Attempting Option A: KRX API Data...
Fetched 10-year data for 441540: 841 trading days found.
[441540] Attempting Option A: KRX API Data...
Fetched 10-year data for 0085N0: 145 trading days found.
[0085N0] Attempting Option A: KRX API Data...
[367760] KRX API successful. Found 23 holdings.
Fetched 10-year data for 0115E0: 86 trading days found.
[0115E0] Attempting Option A: KRX API Data...
Fetched 10-year data for 495550: 318 trading days found.
[495550] Attempting Option A: KRX API Data...
Fetched 10-year data for 469170: 574 trading days found.
[469170] Attempting Option A: KRX API Data...
Fetched 10-year data for 494220: 315 trading days found.
[494220] Attempting Option A: KRX API Data...
[433980] KRX API successful. Found 11 holdings.
Fetched 10-year data for 363580: 1325 trading days found.
[363580] Attempting Option A: KRX API Data...
[0085N0] KRX API weights are all 0.0 (overseas/synthetic). Falling back.
[0085N0] KRX Data unavailable, returning empty holdings.
[479730] KRX API weights are all 0.0 (overseas/synthetic). Falling back.
[479730] KRX Data unavailable, returning empty holdings.
[168580] KRX API weights are all 0.0 (overseas/synthetic). Falling back.
[168580] KRX Data unavailable, returning empty holdings.
[441540] KRX API successful. Found 16 holdings.
Fetched 10-year data for 359210: 1372 trading days found.
[359210] Attempting Option A: KRX API Data...
Fetched 10-year data for 304780: 1847 trading days found.
[304780] Attempting Option A: KRX API Data...
[0115E0] KRX API successful. Found 28 holdings.
Fetched 10-year data for 394660: 1125 trading days found.
[394660] Attempting Option A: KRX API Data...
[469170] KRX API successful. Found 11 holdings.
[495550] KRX API successful. Found 50 holdings.
Fetched 10-year data for 454320: 694 trading days found.
[454320] Attempting Option A: KRX API Data...
[494220] KRX API successful. Found 21 holdings.
Fetched 10-year data for 399110: 1086 trading days found.
[399110] Attempting Option A: KRX API Data...
Fetched 10-year data for 491820: 344 trading days found.
[491820] Attempting Option A: KRX API Data...
[363580] KRX API successful. Found 16 holdings.
Fetched 10-year data for 0098N0: 106 trading days found.
[0098N0] Attempting Option A: KRX API Data...
Fetched 10-year data for 204480: 2453 trading days found.
[204480] Attempting Option A: KRX API Data...
Fetched 10-year data for 496090: 318 trading days found.
[496090] Attempting Option A: KRX API Data...
Fetched 10-year data for 0082V0: 145 trading days found.
[0082V0] Attempting Option A: KRX API Data...
[304780] KRX API successful. Found 7 holdings.
Fetched 10-year data for 0036R0: 210 trading days found.
[0036R0] Attempting Option A: KRX API Data...
[491820] KRX API successful. Found 14 holdings.
[394660] KRX API successful. Found 50 holdings.
[0098N0] KRX API successful. Found 31 holdings.
[454320] KRX API successful. Found 20 holdings.
[204480] KRX API weights are all 0.0 (overseas/synthetic). Falling back.
[204480] KRX Data unavailable, returning empty holdings.
Fetched 10-year data for 498180: 302 trading days found.
[498180] Attempting Option A: KRX API Data...
Fetched 10-year data for 468380: 572 trading days found.
[468380] Attempting Option A: KRX API Data...
[0082V0] KRX API successful. Found 10 holdings.
[496090] KRX API successful. Found 50 holdings.
Fetched 10-year data for 401170: 1070 trading days found.
[401170] Attempting Option A: KRX API Data...
Fetched 10-year data for 465610: 594 trading days found.
[465610] Attempting Option A: KRX API Data...
Fetched 10-year data for 0131W0: 61 trading days found.
[0131W0] Attempting Option A: KRX API Data...
Fetched 10-year data for 0069M0: 165 trading days found.
[0069M0] Attempting Option A: KRX API Data...
[0036R0] KRX API weights are all 0.0 (overseas/synthetic). Falling back.
[0036R0] KRX Data unavailable, returning empty holdings.
Fetched 10-year data for 0035T0: 210 trading days found.
[0035T0] Attempting Option A: KRX API Data...
Fetched 10-year data for 411420: 1020 trading days found.
[411420] Attempting Option A: KRX API Data...
[399110] KRX API weights are all 0.0 (overseas/synthetic). Falling back.
[399110] KRX Data unavailable, returning empty holdings.
[399110] S&P 500 ETF matched. Generating proxy holdings.
[468380] KRX API weights are all 0.0 (overseas/synthetic). Falling back.
[468380] KRX Data unavailable, returning empty holdings.
[498180] KRX API weights are all 0.0 (overseas/synthetic). Falling back.
[498180] KRX Data unavailable, returning empty holdings.
[465610] KRX API weights are all 0.0 (overseas/synthetic). Falling back.
[465610] KRX Data unavailable, returning empty holdings.
Fetched 10-year data for 495710: 297 trading days found.
[495710] Attempting Option A: KRX API Data...
[0131W0] KRX API weights are all 0.0 (overseas/synthetic). Falling back.
[0131W0] KRX Data unavailable, returning empty holdings.
[401170] KRX API successful. Found 21 holdings.
Fetched 10-year data for 0111J0: 81 trading days found.
[0111J0] Attempting Option A: KRX API Data...
[0069M0] KRX API weights are all 0.0 (overseas/synthetic). Falling back.
[0069M0] KRX Data unavailable, returning empty holdings.
[0069M0] NASDAQ ETF matched. Generating proxy holdings.
Fetched 10-year data for 480040: 446 trading days found.
[480040] Attempting Option A: KRX API Data...
Fetched 10-year data for 490600: 344 trading days found.
[490600] Attempting Option A: KRX API Data...
Fetched 10-year data for 0135Y0: 46 trading days found.
[0135Y0] Attempting Option A: KRX API Data...
[0035T0] KRX API successful. Found 30 holdings.
Fetched 10-year data for 304940: 1836 trading days found.
[304940] Attempting Option A: KRX API Data...
[411420] KRX API weights are all 0.0 (overseas/synthetic). Falling back.
[411420] KRX Data unavailable, returning empty holdings.
[411420] NASDAQ ETF matched. Generating proxy holdings.
Fetched 10-year data for 308620: 1805 trading days found.
[308620] Attempting Option A: KRX API Data...
Fetched 10-year data for 329660: 1631 trading days found.
[329660] Attempting Option A: KRX API Data...
Fetched 10-year data for 447620: 790 trading days found.
[447620] Attempting Option A: KRX API Data...
[495710] KRX API weights are all 0.0 (overseas/synthetic). Falling back.
[495710] KRX Data unavailable, returning empty holdings.
[480040] KRX API weights are all 0.0 (overseas/synthetic). Falling back.
[480040] KRX Data unavailable, returning empty holdings.
[0111J0] KRX API successful. Found 11 holdings.
[490600] KRX API weights are all 0.0 (overseas/synthetic). Falling back.
[490600] KRX Data unavailable, returning empty holdings.
Fetched 10-year data for 492500: 339 trading days found.
[492500] Attempting Option A: KRX API Data...
[0135Y0] KRX API weights are all 0.0 (overseas/synthetic). Falling back.
[0135Y0] KRX Data unavailable, returning empty holdings.
[304940] KRX API weights are all 0.0 (overseas/synthetic). Falling back.
[304940] KRX Data unavailable, returning empty holdings.
[304940] NASDAQ ETF matched. Generating proxy holdings.
[359210] KRX API successful. Found 50 holdings.
Fetched 10-year data for 0091M0: 121 trading days found.
[0091M0] Attempting Option A: KRX API Data...
Fetched 10-year data for 203780: 2453 trading days found.
[203780] Attempting Option A: KRX API Data...
[308620] KRX API weights are all 0.0 (overseas/synthetic). Falling back.
[308620] KRX Data unavailable, returning empty holdings.
[329660] KRX API successful. Found 22 holdings.
[447620] KRX API successful. Found 10 holdings.
Fetched 10-year data for 266420: 2184 trading days found.
[266420] Attempting Option A: KRX API Data...
Fetched 10-year data for 448100: 777 trading days found.
[448100] Attempting Option A: KRX API Data...
Fetched 10-year data for 261070: 2253 trading days found.
[261070] Attempting Option A: KRX API Data...
Fetched 10-year data for 243880: 2401 trading days found.
[243880] Attempting Option A: KRX API Data...
[492500] KRX API weights are all 0.0 (overseas/synthetic). Falling back.
[492500] KRX Data unavailable, returning empty holdings.
Fetched 10-year data for 0154F0: 24 trading days found.
[0154F0] Attempting Option A: KRX API Data...
Fetched 10-year data for 143850: 2453 trading days found.
[143850] Attempting Option A: KRX API Data...
[0091M0] KRX API successful. Found 12 holdings.
Fetched 10-year data for 228800: 2453 trading days found.
[228800] Attempting Option A: KRX API Data...
Fetched 10-year data for 211560: 2453 trading days found.
[211560] Attempting Option A: KRX API Data...
Fetched 10-year data for 0085P0: 145 trading days found.
[0085P0] Attempting Option A: KRX API Data...
[266420] KRX API successful. Found 50 holdings.
[0154F0] KRX API successful. Found 11 holdings.
[261070] KRX API successful. Found 29 holdings.
[243880] KRX API successful. Found 18 holdings.
[143850] KRX API weights are all 0.0 (overseas/synthetic). Falling back.
[143850] KRX Data unavailable, returning empty holdings.
[143850] S&P 500 ETF matched. Generating proxy holdings.
Fetched 10-year data for 195980: 2453 trading days found.
[195980] Attempting Option A: KRX API Data...
[448100] KRX API successful. Found 50 holdings.
Fetched 10-year data for 211900: 2453 trading days found.
[211900] Attempting Option A: KRX API Data...
[228800] KRX API successful. Found 18 holdings.
[0085P0] KRX API weights are all 0.0 (overseas/synthetic). Falling back.
[0085P0] KRX Data unavailable, returning empty holdings.
Fetched 10-year data for 0132H0: 61 trading days found.
[0132H0] Attempting Option A: KRX API Data...
Fetched 10-year data for 0151P0: 24 trading days found.
[0151P0] Attempting Option A: KRX API Data...
[203780] KRX API weights are all 0.0 (overseas/synthetic). Falling back.
[203780] KRX Data unavailable, returning empty holdings.
[203780] NASDAQ ETF matched. Generating proxy holdings.
[211560] KRX API successful. Found 50 holdings.
Fetched 10-year data for 458210: 671 trading days found.
[458210] Attempting Option A: KRX API Data...
Fetched 10-year data for 476750: 475 trading days found.
[476750] Attempting Option A: KRX API Data...
Fetched 10-year data for 495330: 318 trading days found.
[495330] Attempting Option A: KRX API Data...
[195980] KRX API successful. Found 7 holdings.
Fetched 10-year data for 326240: 1641 trading days found.
[326240] Attempting Option A: KRX API Data...
[0132H0] KRX API weights are all 0.0 (overseas/synthetic). Falling back.
[0132H0] KRX Data unavailable, returning empty holdings.
[211900] KRX API successful. Found 50 holdings.
[458210] KRX API weights are all 0.0 (overseas/synthetic). Falling back.
[458210] KRX Data unavailable, returning empty holdings.
Fetched 10-year data for 0018C0: 239 trading days found.
[0018C0] Attempting Option A: KRX API Data...
[0151P0] KRX API successful. Found 24 holdings.
[476750] KRX API weights are all 0.0 (overseas/synthetic). Falling back.
[476750] KRX Data unavailable, returning empty holdings.
Fetched 10-year data for 252400: 2317 trading days found.
[252400] Attempting Option A: KRX API Data...
Fetched 10-year data for 332940: 1593 trading days found.
[332940] Attempting Option A: KRX API Data...
Fetched 10-year data for 108450: 2453 trading days found.
[108450] Attempting Option A: KRX API Data...
[495330] KRX API successful. Found 50 holdings.
Fetched 10-year data for 210780: 2453 trading days found.
[210780] Attempting Option A: KRX API Data...
[326240] KRX API successful. Found 50 holdings.
Fetched 10-year data for 0086B0: 140 trading days found.
[0086B0] Attempting Option A: KRX API Data...
Fetched 10-year data for 0132K0: 51 trading days found.
[0132K0] Attempting Option A: KRX API Data...
[252400] KRX API successful. Found 6 holdings.
[0018C0] KRX API successful. Found 32 holdings.
Fetched 10-year data for 412770: 1020 trading days found.
[412770] Attempting Option A: KRX API Data...
Fetched 10-year data for 0052T0: 183 trading days found.
[0052T0] Attempting Option A: KRX API Data...
[108450] KRX API successful. Found 17 holdings.
Fetched 10-year data for 377990: 1220 trading days found.
[377990] Attempting Option A: KRX API Data...
Fetched 10-year data for 0093A0: 121 trading days found.
[0093A0] Attempting Option A: KRX API Data...
Fetched 10-year data for 453330: 714 trading days found.
[453330] Attempting Option A: KRX API Data...
[0132K0] KRX API successful. Found 12 holdings.
[0086B0] KRX API successful. Found 11 holdings.
Fetched 10-year data for 401470: 1070 trading days found.
[401470] Attempting Option A: KRX API Data...
[332940] KRX API successful. Found 50 holdings.
Fetched 10-year data for 122090: 2453 trading days found.
[122090] Attempting Option A: KRX API Data...
[412770] KRX API weights are all 0.0 (overseas/synthetic). Falling back.
[412770] KRX Data unavailable, returning empty holdings.
Fetched 10-year data for 0102A0: 111 trading days found.
[0102A0] Attempting Option A: KRX API Data...
[210780] KRX API successful. Found 50 holdings.
[0052T0] KRX API weights are all 0.0 (overseas/synthetic). Falling back.
[0052T0] KRX Data unavailable, returning empty holdings.
Fetched 10-year data for 473440: 529 trading days found.
[473440] Attempting Option A: KRX API Data...
Fetched 10-year data for 269540: 2153 trading days found.
[269540] Attempting Option A: KRX API Data...
[377990] KRX API successful. Found 25 holdings.
[0093A0] KRX API successful. Found 11 holdings.
Fetched 10-year data for 0113D0: 81 trading days found.
[0113D0] Attempting Option A: KRX API Data...
Fetched 10-year data for 337160: 1541 trading days found.
[337160] Attempting Option A: KRX API Data...
[401470] KRX API successful. Found 30 holdings.
[0102A0] KRX API weights are all 0.0 (overseas/synthetic). Falling back.
[0102A0] KRX Data unavailable, returning empty holdings.
Fetched 10-year data for 440910: 853 trading days found.
[440910] Attempting Option A: KRX API Data...
Fetched 10-year data for 460960: 638 trading days found.
[460960] Attempting Option A: KRX API Data...
[473440] KRX API weights are all 0.0 (overseas/synthetic). Falling back.
[473440] KRX Data unavailable, returning empty holdings.
[122090] KRX API successful. Found 50 holdings.
Fetched 10-year data for 494330: 332 trading days found.
[494330] Attempting Option A: KRX API Data...
Fetched 10-year data for 0008T0: 265 trading days found.
[0008T0] Attempting Option A: KRX API Data...
Fetched 10-year data for 461500: 567 trading days found.
[461500] Attempting Option A: KRX API Data...
[453330] KRX API weights are all 0.0 (overseas/synthetic). Falling back.
[453330] KRX Data unavailable, returning empty holdings.
[453330] S&P 500 ETF matched. Generating proxy holdings.
Fetched 10-year data for 329670: 1631 trading days found.
[329670] Attempting Option A: KRX API Data...
[0113D0] KRX API successful. Found 27 holdings.
Fetched 10-year data for 0022T0: 235 trading days found.
[0022T0] Attempting Option A: KRX API Data...
[440910] KRX API weights are all 0.0 (overseas/synthetic). Falling back.
[440910] KRX Data unavailable, returning empty holdings.
Fetched 10-year data for 433970: 893 trading days found.
[433970] Attempting Option A: KRX API Data...
[494330] KRX API successful. Found 32 holdings.
[460960] KRX API weights are all 0.0 (overseas/synthetic). Falling back.
[460960] KRX Data unavailable, returning empty holdings.
[0008T0] KRX API successful. Found 11 holdings.
Fetched 10-year data for 138520: 2453 trading days found.
[138520] Attempting Option A: KRX API Data...
[337160] KRX API successful. Found 50 holdings.
Fetched 10-year data for 465330: 594 trading days found.
[465330] Attempting Option A: KRX API Data...
Fetched 10-year data for 0049M0: 193 trading days found.
[0049M0] Attempting Option A: KRX API Data...
[461500] KRX API weights are all 0.0 (overseas/synthetic). Falling back.
[461500] KRX Data unavailable, returning empty holdings.
Fetched 10-year data for 0089C0: 130 trading days found.
[0089C0] Attempting Option A: KRX API Data...
[329670] KRX API successful. Found 19 holdings.
[0022T0] KRX API weights are all 0.0 (overseas/synthetic). Falling back.
[0022T0] KRX Data unavailable, returning empty holdings.
[433970] KRX API successful. Found 11 holdings.
Fetched 10-year data for 476030: 475 trading days found.
[476030] Attempting Option A: KRX API Data...
[269540] KRX API weights are all 0.0 (overseas/synthetic). Falling back.
[269540] KRX Data unavailable, returning empty holdings.
[269540] S&P 500 ETF matched. Generating proxy holdings.
Fetched 10-year data for 475280: 507 trading days found.
[475280] Attempting Option A: KRX API Data...
Fetched 10-year data for 252650: 2314 trading days found.
[252650] Attempting Option A: KRX API Data...
Fetched 10-year data for 0007N0: 254 trading days found.
[0007N0] Attempting Option A: KRX API Data...
Fetched 10-year data for 475300: 493 trading days found.
[475300] Attempting Option A: KRX API Data...
[138520] KRX API successful. Found 17 holdings.
[465330] KRX API successful. Found 11 holdings.
[0049M0] KRX API weights are all 0.0 (overseas/synthetic). Falling back.
[0049M0] KRX Data unavailable, returning empty holdings.
Fetched 10-year data for 491700: 351 trading days found.
[491700] Attempting Option A: KRX API Data...
[0089C0] KRX API weights are all 0.0 (overseas/synthetic). Falling back.
[0089C0] KRX Data unavailable, returning empty holdings.
[0089C0] S&P 500 ETF matched. Generating proxy holdings.
Fetched 10-year data for 415920: 1002 trading days found.
[415920] Attempting Option A: KRX API Data...
[476030] KRX API weights are all 0.0 (overseas/synthetic). Falling back.
[476030] KRX Data unavailable, returning empty holdings.
[476030] NASDAQ ETF matched. Generating proxy holdings.
Fetched 10-year data for 306950: 1808 trading days found.
[306950] Attempting Option A: KRX API Data...
Fetched 10-year data for 0100K0: 106 trading days found.
[0100K0] Attempting Option A: KRX API Data...
[475280] KRX API weights are all 0.0 (overseas/synthetic). Falling back.
[475280] KRX Data unavailable, returning empty holdings.
Fetched 10-year data for 476850: 484 trading days found.
[476850] Attempting Option A: KRX API Data...
Fetched 10-year data for 150460: 2453 trading days found.
[150460] Attempting Option A: KRX API Data...
[475300] KRX API successful. Found 11 holdings.
Fetched 10-year data for 395290: 1117 trading days found.
[395290] Attempting Option A: KRX API Data...
[0007N0] KRX API successful. Found 50 holdings.
Fetched 10-year data for 139320: 2453 trading days found.
[139320] Attempting Option A: KRX API Data...
[491700] KRX API successful. Found 50 holdings.
Fetched 10-year data for 0026E0: 225 trading days found.
[0026E0] Attempting Option A: KRX API Data...
[415920] KRX API weights are all 0.0 (overseas/synthetic). Falling back.
[415920] KRX Data unavailable, returning empty holdings.
Fetched 10-year data for 445150: 800 trading days found.
[445150] Attempting Option A: KRX API Data...
[0100K0] KRX API successful. Found 20 holdings.
Fetched 10-year data for 0017Y0: 244 trading days found.
[0017Y0] Attempting Option A: KRX API Data...
[476850] KRX API successful. Found 50 holdings.
Fetched 10-year data for 365000: 1320 trading days found.
[365000] Attempting Option A: KRX API Data...
[150460] KRX API successful. Found 26 holdings.
[395290] KRX API successful. Found 13 holdings.
[252650] KRX API successful. Found 50 holdings.
Fetched 10-year data for 475350: 484 trading days found.
[475350] Attempting Option A: KRX API Data...
[139320] KRX API weights are all 0.0 (overseas/synthetic). Falling back.
[139320] KRX Data unavailable, returning empty holdings.
Fetched 10-year data for 261270: 2245 trading days found.
[261270] Attempting Option A: KRX API Data...
Fetched 10-year data for 457990: 653 trading days found.
[457990] Attempting Option A: KRX API Data...
Fetched 10-year data for 453080: 719 trading days found.
[453080] Attempting Option A: KRX API Data...
[445150] KRX API successful. Found 24 holdings.
[0026E0] KRX API weights are all 0.0 (overseas/synthetic). Falling back.
[0026E0] KRX Data unavailable, returning empty holdings.
[0026E0] S&P 500 ETF matched. Generating proxy holdings.
[0017Y0] KRX API weights are all 0.0 (overseas/synthetic). Falling back.
[0017Y0] KRX Data unavailable, returning empty holdings.
Fetched 10-year data for 272910: 2122 trading days found.
[272910] Attempting Option A: KRX API Data...
[365000] KRX API successful. Found 11 holdings.
[306950] KRX API successful. Found 50 holdings.
Fetched 10-year data for 485690: 385 trading days found.
[485690] Attempting Option A: KRX API Data...
Fetched 10-year data for 419890: 974 trading days found.
[419890] Attempting Option A: KRX API Data...
Fetched 10-year data for 261240: 2245 trading days found.
[261240] Attempting Option A: KRX API Data...
[475350] KRX API weights are all 0.0 (overseas/synthetic). Falling back.
[475350] KRX Data unavailable, returning empty holdings.
[261270] KRX API weights are all 0.0 (overseas/synthetic). Falling back.
[261270] KRX Data unavailable, returning empty holdings.
Fetched 10-year data for 0142D0: 51 trading days found.
[0142D0] Attempting Option A: KRX API Data...
Fetched 10-year data for 452250: 743 trading days found.
[452250] Attempting Option A: KRX API Data...
Fetched 10-year data for 495040: 318 trading days found.
[495040] Attempting Option A: KRX API Data...
[457990] KRX API successful. Found 11 holdings.
Fetched 10-year data for 488720: 375 trading days found.
[488720] Attempting Option A: KRX API Data...
Fetched 10-year data for 0139P0: 46 trading days found.
[0139P0] Attempting Option A: KRX API Data...
[272910] KRX API weights are all 0.0 (overseas/synthetic). Falling back.
[272910] KRX Data unavailable, returning empty holdings.
[485690] KRX API weights are all 0.0 (overseas/synthetic). Falling back.
[485690] KRX Data unavailable, returning empty holdings.
[453080] KRX API weights are all 0.0 (overseas/synthetic). Falling back.
[453080] KRX Data unavailable, returning empty holdings.
[453080] NASDAQ ETF matched. Generating proxy holdings.
[419890] KRX API successful. Found 12 holdings.
[261240] KRX API weights are all 0.0 (overseas/synthetic). Falling back.
[261240] KRX Data unavailable, returning empty holdings.
[0142D0] KRX API weights are all 0.0 (overseas/synthetic). Falling back.
[0142D0] KRX Data unavailable, returning empty holdings.
Fetched 10-year data for 316670: 1741 trading days found.
[316670] Attempting Option A: KRX API Data...
Fetched 10-year data for 444490: 827 trading days found.
[444490] Attempting Option A: KRX API Data...
Fetched 10-year data for 400970: 1070 trading days found.
[400970] Attempting Option A: KRX API Data...
[452250] KRX API weights are all 0.0 (overseas/synthetic). Falling back.
[452250] KRX Data unavailable, returning empty holdings.
Fetched 10-year data for 140700: 2453 trading days found.
[140700] Attempting Option A: KRX API Data...
[488720] KRX API weights are all 0.0 (overseas/synthetic). Falling back.
[488720] KRX Data unavailable, returning empty holdings.
[495040] KRX API successful. Found 50 holdings.
Fetched 10-year data for 450910: 748 trading days found.
[450910] Attempting Option A: KRX API Data...
Fetched 10-year data for 440640: 856 trading days found.
[440640] Attempting Option A: KRX API Data...
[0139P0] KRX API successful. Found 21 holdings.
Fetched 10-year data for 275980: 2099 trading days found.
[275980] Attempting Option A: KRX API Data...
Fetched 10-year data for 486240: 410 trading days found.
[486240] Attempting Option A: KRX API Data...
Fetched 10-year data for 298340: 1893 trading days found.
[298340] Attempting Option A: KRX API Data...
Fetched 10-year data for 261220: 2245 trading days found.
[261220] Attempting Option A: KRX API Data...
[400970] KRX API successful. Found 21 holdings.
[140700] KRX API successful. Found 13 holdings.
[440640] KRX API weights are all 0.0 (overseas/synthetic). Falling back.
[440640] KRX Data unavailable, returning empty holdings.
Fetched 10-year data for 453640: 714 trading days found.
[453640] Attempting Option A: KRX API Data...
[275980] KRX API weights are all 0.0 (overseas/synthetic). Falling back.
[275980] KRX Data unavailable, returning empty holdings.
[450910] KRX API successful. Found 50 holdings.
[298340] KRX API successful. Found 4 holdings.
Fetched 10-year data for 225040: 2453 trading days found.
[225040] Attempting Option A: KRX API Data...
[261220] KRX API weights are all 0.0 (overseas/synthetic). Falling back.
[261220] KRX Data unavailable, returning empty holdings.
[316670] KRX API successful. Found 50 holdings.
[486240] KRX API successful. Found 26 holdings.
Fetched 10-year data for 463680: 623 trading days found.
[463680] Attempting Option A: KRX API Data...
Fetched 10-year data for 371470: 1277 trading days found.
[371470] Attempting Option A: KRX API Data...
Fetched 10-year data for 434960: 895 trading days found.
[434960] Attempting Option A: KRX API Data...
Fetched 10-year data for 101280: 2453 trading days found.
[101280] Attempting Option A: KRX API Data...
[444490] KRX API weights are all 0.0 (overseas/synthetic). Falling back.
[444490] KRX Data unavailable, returning empty holdings.
[444490] S&P 500 ETF matched. Generating proxy holdings.
Fetched 10-year data for 139280: 2453 trading days found.
[139280] Attempting Option A: KRX API Data...
Fetched 10-year data for 447430: 800 trading days found.
[447430] Attempting Option A: KRX API Data...
Fetched 10-year data for 298770: 1892 trading days found.
[298770] Attempting Option A: KRX API Data...
[453640] KRX API weights are all 0.0 (overseas/synthetic). Falling back.
[453640] KRX Data unavailable, returning empty holdings.
[453640] S&P 500 ETF matched. Generating proxy holdings.
Fetched 10-year data for 496770: 312 trading days found.
[496770] Attempting Option A: KRX API Data...
[225040] KRX API successful. Found 6 holdings.
Fetched 10-year data for 456680: 681 trading days found.
[456680] Attempting Option A: KRX API Data...
Fetched 10-year data for 138910: 2453 trading days found.
[138910] Attempting Option A: KRX API Data...
[463680] KRX API weights are all 0.0 (overseas/synthetic). Falling back.
[463680] KRX Data unavailable, returning empty holdings.
[463680] S&P 500 ETF matched. Generating proxy holdings.
[371470] KRX API weights are all 0.0 (overseas/synthetic). Falling back.
[371470] KRX Data unavailable, returning empty holdings.
[447430] KRX API successful. Found 30 holdings.
Fetched 10-year data for 458030: 666 trading days found.
[458030] Attempting Option A: KRX API Data...
[496770] KRX API weights are all 0.0 (overseas/synthetic). Falling back.
[496770] KRX Data unavailable, returning empty holdings.
[298770] KRX API successful. Found 50 holdings.
Fetched 10-year data for 494840: 322 trading days found.
[494840] Attempting Option A: KRX API Data...
[139280] KRX API successful. Found 46 holdings.
Fetched 10-year data for 458750: 653 trading days found.
[458750] Attempting Option A: KRX API Data...
[456680] KRX API weights are all 0.0 (overseas/synthetic). Falling back.
[456680] KRX Data unavailable, returning empty holdings.
Fetched 10-year data for 292190: 1943 trading days found.
[292190] Attempting Option A: KRX API Data...
[138910] KRX API weights are all 0.0 (overseas/synthetic). Falling back.
[138910] KRX Data unavailable, returning empty holdings.
Fetched 10-year data for 0123S0: 46 trading days found.
[0123S0] Attempting Option A: KRX API Data...
[434960] KRX API successful. Found 50 holdings.
[101280] KRX API weights are all 0.0 (overseas/synthetic). Falling back.
[101280] KRX Data unavailable, returning empty holdings.
Fetched 10-year data for 0007G0: 270 trading days found.
[0007G0] Attempting Option A: KRX API Data...
Fetched 10-year data for 487750: 385 trading days found.
[487750] Attempting Option A: KRX API Data...
Fetched 10-year data for 365040: 1323 trading days found.
[365040] Attempting Option A: KRX API Data...
[458030] KRX API weights are all 0.0 (overseas/synthetic). Falling back.
[458030] KRX Data unavailable, returning empty holdings.
Fetched 10-year data for 0000D0: 287 trading days found.
[0000D0] Attempting Option A: KRX API Data...
[494840] KRX API weights are all 0.0 (overseas/synthetic). Falling back.
[494840] KRX Data unavailable, returning empty holdings.
Fetched 10-year data for 395170: 1117 trading days found.
[395170] Attempting Option A: KRX API Data...
Fetched 10-year data for 0000Z0: 282 trading days found.
[0000Z0] Attempting Option A: KRX API Data...
Fetched 10-year data for 461460: 633 trading days found.
[461460] Attempting Option A: KRX API Data...
[0123S0] KRX API weights are all 0.0 (overseas/synthetic). Falling back.
[0123S0] KRX Data unavailable, returning empty holdings.
[458750] KRX API weights are all 0.0 (overseas/synthetic). Falling back.
[458750] KRX Data unavailable, returning empty holdings.
[0007G0] KRX API weights are all 0.0 (overseas/synthetic). Falling back.
[0007G0] KRX Data unavailable, returning empty holdings.
Fetched 10-year data for 292560: 1927 trading days found.
[292560] Attempting Option A: KRX API Data...
Fetched 10-year data for 449770: 775 trading days found.
[449770] Attempting Option A: KRX API Data...
Fetched 10-year data for 0080X0: 150 trading days found.
[0080X0] Attempting Option A: KRX API Data...
[487750] KRX API successful. Found 21 holdings.
[0000D0] KRX API weights are all 0.0 (overseas/synthetic). Falling back.
[0000D0] KRX Data unavailable, returning empty holdings.
[395170] KRX API successful. Found 11 holdings.
Fetched 10-year data for 0057H0: 175 trading days found.
[0057H0] Attempting Option A: KRX API Data...
[0000Z0] KRX API successful. Found 21 holdings.
Fetched 10-year data for 0067V0: 170 trading days found.
[0067V0] Attempting Option A: KRX API Data...
[461460] KRX API successful. Found 7 holdings.
Fetched 10-year data for 472830: 532 trading days found.
[472830] Attempting Option A: KRX API Data...
Fetched 10-year data for 473590: 524 trading days found.
[473590] Attempting Option A: KRX API Data...
[292560] KRX API weights are all 0.0 (overseas/synthetic). Falling back.
[292560] KRX Data unavailable, returning empty holdings.
Fetched 10-year data for 114470: 2453 trading days found.
[114470] Attempting Option A: KRX API Data...
Fetched 10-year data for 139660: 2453 trading days found.
[139660] Attempting Option A: KRX API Data...
[0080X0] KRX API weights are all 0.0 (overseas/synthetic). Falling back.
[0080X0] KRX Data unavailable, returning empty holdings.
[0080X0] S&P 500 ETF matched. Generating proxy holdings.
[0057H0] KRX API successful. Found 17 holdings.
[365040] KRX API successful. Found 50 holdings.
Fetched 10-year data for 0021E0: 235 trading days found.
[0021E0] Attempting Option A: KRX API Data...
[0067V0] KRX API weights are all 0.0 (overseas/synthetic). Falling back.
[0067V0] KRX Data unavailable, returning empty holdings.
Fetched 10-year data for 0041E0: 205 trading days found.
[0041E0] Attempting Option A: KRX API Data...
[472830] KRX API weights are all 0.0 (overseas/synthetic). Falling back.
[472830] KRX Data unavailable, returning empty holdings.
[473590] KRX API weights are all 0.0 (overseas/synthetic). Falling back.
[473590] KRX Data unavailable, returning empty holdings.
Fetched 10-year data for 352540: 1421 trading days found.
[352540] Attempting Option A: KRX API Data...
[114470] KRX API weights are all 0.0 (overseas/synthetic). Falling back.
[114470] KRX Data unavailable, returning empty holdings.
[292190] KRX API successful. Found 50 holdings.
Fetched 10-year data for 455960: 676 trading days found.
[455960] Attempting Option A: KRX API Data...
Fetched 10-year data for 0068M0: 165 trading days found.
[0068M0] Attempting Option A: KRX API Data...
Fetched 10-year data for 0118S0: 81 trading days found.
[0118S0] Attempting Option A: KRX API Data...
[139660] KRX API weights are all 0.0 (overseas/synthetic). Falling back.
[139660] KRX Data unavailable, returning empty holdings.
Fetched 10-year data for 266360: 2184 trading days found.
[266360] Attempting Option A: KRX API Data...
[449770] KRX API weights are all 0.0 (overseas/synthetic). Falling back.
[449770] KRX Data unavailable, returning empty holdings.
[449770] S&P 500 ETF matched. Generating proxy holdings.
Fetched 10-year data for 495750: 318 trading days found.
[495750] Attempting Option A: KRX API Data...
[0021E0] KRX API successful. Found 9 holdings.
[0041E0] KRX API weights are all 0.0 (overseas/synthetic). Falling back.
[0041E0] KRX Data unavailable, returning empty holdings.
[0041E0] S&P 500 ETF matched. Generating proxy holdings.
Fetched 10-year data for 123310: 2453 trading days found.
[123310] Attempting Option A: KRX API Data...
Fetched 10-year data for 364990: 1320 trading days found.
[364990] Attempting Option A: KRX API Data...
[455960] KRX API successful. Found 3 holdings.
Fetched 10-year data for 104530: 2453 trading days found.
[104530] Attempting Option A: KRX API Data...
Fetched 10-year data for 266370: 2184 trading days found.
[266370] Attempting Option A: KRX API Data...
[0118S0] KRX API weights are all 0.0 (overseas/synthetic). Falling back.
[0118S0] KRX Data unavailable, returning empty holdings.
[0068M0] KRX API weights are all 0.0 (overseas/synthetic). Falling back.
[0068M0] KRX Data unavailable, returning empty holdings.
[0068M0] S&P 500 ETF matched. Generating proxy holdings.
Fetched 10-year data for 498860: 292 trading days found.
[498860] Attempting Option A: KRX API Data...
[266360] KRX API successful. Found 21 holdings.
Fetched 10-year data for 117700: 2453 trading days found.
[117700] Attempting Option A: KRX API Data...
[352540] KRX API weights are all 0.0 (overseas/synthetic). Falling back.
[352540] KRX Data unavailable, returning empty holdings.
[495750] KRX API successful. Found 50 holdings.
Fetched 10-year data for 471780: 544 trading days found.
[471780] Attempting Option A: KRX API Data...
Fetched 10-year data for 322400: 1680 trading days found.
[322400] Attempting Option A: KRX API Data...
[123310] KRX API weights are all 0.0 (overseas/synthetic). Falling back.
[123310] KRX Data unavailable, returning empty holdings.
Fetched 10-year data for 0098Z0: 101 trading days found.
[0098Z0] Attempting Option A: KRX API Data...
[364990] KRX API successful. Found 11 holdings.
Fetched 10-year data for 0104H0: 96 trading days found.
[0104H0] Attempting Option A: KRX API Data...
Fetched 10-year data for 0152E0: 29 trading days found.
[0152E0] Attempting Option A: KRX API Data...
[104530] KRX API successful. Found 21 holdings.
Fetched 10-year data for 448570: 800 trading days found.
[448570] Attempting Option A: KRX API Data...
[498860] KRX API successful. Found 14 holdings.
[266370] KRX API successful. Found 47 holdings.
Fetched 10-year data for 464470: 609 trading days found.
[464470] Attempting Option A: KRX API Data...
Fetched 10-year data for 426150: 927 trading days found.
[426150] Attempting Option A: KRX API Data...
[117700] KRX API successful. Found 22 holdings.
Fetched 10-year data for 0041D0: 205 trading days found.
[0041D0] Attempting Option A: KRX API Data...
[471780] KRX API successful. Found 30 holdings.
[0104H0] KRX API successful. Found 29 holdings.
[322400] KRX API successful. Found 21 holdings.
[0152E0] KRX API successful. Found 24 holdings.
Fetched 10-year data for 278620: 2060 trading days found.
[278620] Attempting Option A: KRX API Data...
[0098Z0] KRX API successful. Found 50 holdings.
Fetched 10-year data for 410870: 1025 trading days found.
[410870] Attempting Option A: KRX API Data...
Fetched 10-year data for 476690: 482 trading days found.
[476690] Attempting Option A: KRX API Data...
Fetched 10-year data for 0113P0: 96 trading days found.
[0113P0] Attempting Option A: KRX API Data...
[448570] KRX API successful. Found 21 holdings.
Fetched 10-year data for 480310: 451 trading days found.
[480310] Attempting Option A: KRX API Data...
Fetched 10-year data for 139270: 2453 trading days found.
[139270] Attempting Option A: KRX API Data...
[464470] KRX API weights are all 0.0 (overseas/synthetic). Falling back.
[464470] KRX Data unavailable, returning empty holdings.
[426150] KRX API weights are all 0.0 (overseas/synthetic). Falling back.
[426150] KRX Data unavailable, returning empty holdings.
Fetched 10-year data for 375770: 1237 trading days found.
[375770] Attempting Option A: KRX API Data...
[0041D0] KRX API weights are all 0.0 (overseas/synthetic). Falling back.
[0041D0] KRX Data unavailable, returning empty holdings.
Fetched 10-year data for 139220: 2453 trading days found.
[139220] Attempting Option A: KRX API Data...
Fetched 10-year data for 479850: 451 trading days found.
[479850] Attempting Option A: KRX API Data...
Fetched 10-year data for 152500: 2453 trading days found.
[152500] Attempting Option A: KRX API Data...
[278620] KRX API successful. Found 20 holdings.
[476690] KRX API weights are all 0.0 (overseas/synthetic). Falling back.
[476690] KRX Data unavailable, returning empty holdings.
[0113P0] KRX API weights are all 0.0 (overseas/synthetic). Falling back.
[0113P0] KRX Data unavailable, returning empty holdings.
[410870] KRX API successful. Found 28 holdings.
[480310] KRX API weights are all 0.0 (overseas/synthetic). Falling back.
[480310] KRX Data unavailable, returning empty holdings.
Fetched 10-year data for 0046Y0: 193 trading days found.
[0046Y0] Attempting Option A: KRX API Data...
Fetched 10-year data for 486830: 390 trading days found.
[486830] Attempting Option A: KRX API Data...
Fetched 10-year data for 337140: 1541 trading days found.
[337140] Attempting Option A: KRX API Data...
[139270] KRX API successful. Found 23 holdings.
Fetched 10-year data for 475260: 507 trading days found.
[475260] Attempting Option A: KRX API Data...
Fetched 10-year data for 455660: 694 trading days found.
[455660] Attempting Option A: KRX API Data...
[479850] KRX API successful. Found 21 holdings.
Fetched 10-year data for 200030: 2453 trading days found.
[200030] Attempting Option A: KRX API Data...
[139220] KRX API successful. Found 11 holdings.
Fetched 10-year data for 407830: 1046 trading days found.
[407830] Attempting Option A: KRX API Data...
Fetched 10-year data for 174360: 2453 trading days found.
[174360] Attempting Option A: KRX API Data...
[486830] KRX API weights are all 0.0 (overseas/synthetic). Falling back.
[486830] KRX Data unavailable, returning empty holdings.
[0046Y0] KRX API weights are all 0.0 (overseas/synthetic). Falling back.
[0046Y0] KRX Data unavailable, returning empty holdings.
[475260] KRX API weights are all 0.0 (overseas/synthetic). Falling back.
[475260] KRX Data unavailable, returning empty holdings.
[455660] KRX API weights are all 0.0 (overseas/synthetic). Falling back.
[455660] KRX Data unavailable, returning empty holdings.
Fetched 10-year data for 0005G0: 265 trading days found.
[0005G0] Attempting Option A: KRX API Data...
[200030] KRX API weights are all 0.0 (overseas/synthetic). Falling back.
[200030] KRX Data unavailable, returning empty holdings.
[200030] S&P 500 ETF matched. Generating proxy holdings.
Fetched 10-year data for 491220: 351 trading days found.
[491220] Attempting Option A: KRX API Data...
Fetched 10-year data for 476070: 493 trading days found.
[476070] Attempting Option A: KRX API Data...
Fetched 10-year data for 475310: 493 trading days found.
[475310] Attempting Option A: KRX API Data...
[337140] KRX API successful. Found 50 holdings.
Fetched 10-year data for 253150: 2307 trading days found.
[253150] Attempting Option A: KRX API Data...
[407830] KRX API successful. Found 26 holdings.
Fetched 10-year data for 252710: 2312 trading days found.
[252710] Attempting Option A: KRX API Data...
Fetched 10-year data for 277640: 2078 trading days found.
[277640] Attempting Option A: KRX API Data...
[152500] KRX API successful. Found 50 holdings.
[0005G0] KRX API successful. Found 21 holdings.
[476070] KRX API weights are all 0.0 (overseas/synthetic). Falling back.
[476070] KRX Data unavailable, returning empty holdings.
Fetched 10-year data for 256750: 2280 trading days found.
[256750] Attempting Option A: KRX API Data...
[475310] KRX API successful. Found 11 holdings.
[491220] KRX API successful. Found 50 holdings.
Fetched 10-year data for 433880: 893 trading days found.
[433880] Attempting Option A: KRX API Data...
[174360] KRX API weights are all 0.0 (overseas/synthetic). Falling back.
[174360] KRX Data unavailable, returning empty holdings.
Fetched 10-year data for 253250: 2317 trading days found.
[253250] Attempting Option A: KRX API Data...
[253150] KRX API successful. Found 7 holdings.
[375770] KRX API successful. Found 50 holdings.
Fetched 10-year data for 276990: 2088 trading days found.
[276990] Attempting Option A: KRX API Data...
Fetched 10-year data for 0083S0: 145 trading days found.
[0083S0] Attempting Option A: KRX API Data...
[252710] KRX API successful. Found 4 holdings.
Fetched 10-year data for 469060: 569 trading days found.
[469060] Attempting Option A: KRX API Data...
Fetched 10-year data for 225130: 2453 trading days found.
[225130] Attempting Option A: KRX API Data...
Fetched 10-year data for 461600: 638 trading days found.
[461600] Attempting Option A: KRX API Data...
Fetched 10-year data for 461340: 638 trading days found.
[461340] Attempting Option A: KRX API Data...
[256750] KRX API weights are all 0.0 (overseas/synthetic). Falling back.
[256750] KRX Data unavailable, returning empty holdings.
[277640] KRX API successful. Found 50 holdings.
[433880] KRX API successful. Found 11 holdings.
[253250] KRX API successful. Found 4 holdings.
[0083S0] KRX API weights are all 0.0 (overseas/synthetic). Falling back.
[0083S0] KRX Data unavailable, returning empty holdings.
[276990] KRX API weights are all 0.0 (overseas/synthetic). Falling back.
[276990] KRX Data unavailable, returning empty holdings.
Fetched 10-year data for 475270: 507 trading days found.
[475270] Attempting Option A: KRX API Data...
Fetched 10-year data for 461580: 646 trading days found.
[461580] Attempting Option A: KRX API Data...
Fetched 10-year data for 453650: 714 trading days found.
[453650] Attempting Option A: KRX API Data...
[469060] KRX API weights are all 0.0 (overseas/synthetic). Falling back.
[469060] KRX Data unavailable, returning empty holdings.
Fetched 10-year data for 440650: 856 trading days found.
[440650] Attempting Option A: KRX API Data...
Fetched 10-year data for 322410: 1680 trading days found.
[322410] Attempting Option A: KRX API Data...
[225130] KRX API weights are all 0.0 (overseas/synthetic). Falling back.
[225130] KRX Data unavailable, returning empty holdings.
[461600] KRX API weights are all 0.0 (overseas/synthetic). Falling back.
[461600] KRX Data unavailable, returning empty holdings.
Fetched 10-year data for 0065G0: 170 trading days found.
[0065G0] Attempting Option A: KRX API Data...
Fetched 10-year data for 099140: 2453 trading days found.
[099140] Attempting Option A: KRX API Data...
[461340] KRX API weights are all 0.0 (overseas/synthetic). Falling back.
[461340] KRX Data unavailable, returning empty holdings.
Fetched 10-year data for 385590: 1165 trading days found.
[385590] Attempting Option A: KRX API Data...
Fetched 10-year data for 336160: 1553 trading days found.
[336160] Attempting Option A: KRX API Data...
[475270] KRX API weights are all 0.0 (overseas/synthetic). Falling back.
[475270] KRX Data unavailable, returning empty holdings.
Fetched 10-year data for 0104P0: 101 trading days found.
[0104P0] Attempting Option A: KRX API Data...
[461580] KRX API successful. Found 50 holdings.
Fetched 10-year data for 122260: 2453 trading days found.
[122260] Attempting Option A: KRX API Data...
[453650] KRX API weights are all 0.0 (overseas/synthetic). Falling back.
[453650] KRX Data unavailable, returning empty holdings.
[453650] S&P 500 ETF matched. Generating proxy holdings.
[440650] KRX API weights are all 0.0 (overseas/synthetic). Falling back.
[440650] KRX Data unavailable, returning empty holdings.
[0065G0] KRX API weights are all 0.0 (overseas/synthetic). Falling back.
[0065G0] KRX Data unavailable, returning empty holdings.
Fetched 10-year data for 0020H0: 235 trading days found.
[0020H0] Attempting Option A: KRX API Data...
Fetched 10-year data for 261140: 2238 trading days found.
[261140] Attempting Option A: KRX API Data...
[322410] KRX API successful. Found 41 holdings.
Fetched 10-year data for 438560: 846 trading days found.
[438560] Attempting Option A: KRX API Data...
Fetched 10-year data for 245360: 2378 trading days found.
[245360] Attempting Option A: KRX API Data...
[336160] KRX API weights are all 0.0 (overseas/synthetic). Falling back.
[336160] KRX Data unavailable, returning empty holdings.
[099140] KRX API weights are all 0.0 (overseas/synthetic). Falling back.
[099140] KRX Data unavailable, returning empty holdings.
Fetched 10-year data for 489290: 356 trading days found.
[489290] Attempting Option A: KRX API Data...
[0104P0] KRX API successful. Found 33 holdings.
[385590] KRX API successful. Found 36 holdings.
Fetched 10-year data for 0141T0: 46 trading days found.
[0141T0] Attempting Option A: KRX API Data...
[122260] KRX API weights are all 0.0 (overseas/synthetic). Falling back.
[122260] KRX Data unavailable, returning empty holdings.
Fetched 10-year data for 0112X0: 81 trading days found.
[0112X0] Attempting Option A: KRX API Data...
Fetched 10-year data for 428510: 923 trading days found.
[428510] Attempting Option A: KRX API Data...
Fetched 10-year data for 152380: 2453 trading days found.
[152380] Attempting Option A: KRX API Data...
[0020H0] KRX API successful. Found 32 holdings.
Fetched 10-year data for 196030: 2453 trading days found.
[196030] Attempting Option A: KRX API Data...
[438560] KRX API weights are all 0.0 (overseas/synthetic). Falling back.
[438560] KRX Data unavailable, returning empty holdings.
[261140] KRX API successful. Found 21 holdings.
Fetched 10-year data for 388280: 1153 trading days found.
[388280] Attempting Option A: KRX API Data...
[489290] KRX API weights are all 0.0 (overseas/synthetic). Falling back.
[489290] KRX Data unavailable, returning empty holdings.
Fetched 10-year data for 368190: 1297 trading days found.
[368190] Attempting Option A: KRX API Data...
[0141T0] KRX API weights are all 0.0 (overseas/synthetic). Falling back.
[0141T0] KRX Data unavailable, returning empty holdings.
Fetched 10-year data for 437070: 865 trading days found.
[437070] Attempting Option A: KRX API Data...
[245360] KRX API weights are all 0.0 (overseas/synthetic). Falling back.
[245360] KRX Data unavailable, returning empty holdings.
Fetched 10-year data for 465350: 594 trading days found.
[465350] Attempting Option A: KRX API Data...
Fetched 10-year data for 414270: 985 trading days found.
[414270] Attempting Option A: KRX API Data...
[428510] KRX API weights are all 0.0 (overseas/synthetic). Falling back.
[428510] KRX Data unavailable, returning empty holdings.
[152380] KRX API weights are all 0.0 (overseas/synthetic). Falling back.
[152380] KRX Data unavailable, returning empty holdings.
[0112X0] KRX API successful. Found 50 holdings.
[196030] KRX API weights are all 0.0 (overseas/synthetic). Falling back.
[196030] KRX Data unavailable, returning empty holdings.
Fetched 10-year data for 0040S0: 205 trading days found.
[0040S0] Attempting Option A: KRX API Data...
[388280] KRX API successful. Found 26 holdings.
Fetched 10-year data for 140950: 2453 trading days found.
[140950] Attempting Option A: KRX API Data...
Fetched 10-year data for 487130: 395 trading days found.
[487130] Attempting Option A: KRX API Data...
[465350] KRX API weights are all 0.0 (overseas/synthetic). Falling back.
[465350] KRX Data unavailable, returning empty holdings.
[368190] KRX API successful. Found 21 holdings.
[437070] KRX API weights are all 0.0 (overseas/synthetic). Falling back.
[437070] KRX Data unavailable, returning empty holdings.
Fetched 10-year data for 227540: 2453 trading days found.
[227540] Attempting Option A: KRX API Data...
Fetched 10-year data for 261060: 2253 trading days found.
[261060] Attempting Option A: KRX API Data...
[414270] KRX API successful. Found 14 holdings.
Fetched 10-year data for 276970: 2092 trading days found.
[276970] Attempting Option A: KRX API Data...
[0040S0] KRX API weights are all 0.0 (overseas/synthetic). Falling back.
[0040S0] KRX Data unavailable, returning empty holdings.
Fetched 10-year data for 0093D0: 121 trading days found.
[0093D0] Attempting Option A: KRX API Data...
Fetched 10-year data for 204450: 2453 trading days found.
[204450] Attempting Option A: KRX API Data...
Fetched 10-year data for 429760: 913 trading days found.
[429760] Attempting Option A: KRX API Data...
Fetched 10-year data for 495940: 302 trading days found.
[495940] Attempting Option A: KRX API Data...
Fetched 10-year data for 238720: 2449 trading days found.
[238720] Attempting Option A: KRX API Data...
[487130] KRX API successful. Found 33 holdings.
[227540] KRX API successful. Found 16 holdings.
Fetched 10-year data for 419430: 962 trading days found.
[419430] Attempting Option A: KRX API Data...
[276970] KRX API weights are all 0.0 (overseas/synthetic). Falling back.
[276970] KRX Data unavailable, returning empty holdings.
[276970] S&P 500 ETF matched. Generating proxy holdings.
[261060] KRX API successful. Found 50 holdings.
Fetched 10-year data for 442260: 815 trading days found.
[442260] Attempting Option A: KRX API Data...
[495940] KRX API weights are all 0.0 (overseas/synthetic). Falling back.
[495940] KRX Data unavailable, returning empty holdings.
Fetched 10-year data for 195930: 2453 trading days found.
[195930] Attempting Option A: KRX API Data...
[0093D0] KRX API successful. Found 35 holdings.
Fetched 10-year data for 117460: 2453 trading days found.
[117460] Attempting Option A: KRX API Data...
[140950] KRX API successful. Found 50 holdings.
Fetched 10-year data for 300950: 1862 trading days found.
[300950] Attempting Option A: KRX API Data...
[204450] KRX API weights are all 0.0 (overseas/synthetic). Falling back.
[204450] KRX Data unavailable, returning empty holdings.
Fetched 10-year data for 385520: 1165 trading days found.
[385520] Attempting Option A: KRX API Data...
Fetched 10-year data for 261250: 2245 trading days found.
[261250] Attempting Option A: KRX API Data...
[419430] KRX API weights are all 0.0 (overseas/synthetic). Falling back.
[419430] KRX Data unavailable, returning empty holdings.
Fetched 10-year data for 256440: 2285 trading days found.
[256440] Attempting Option A: KRX API Data...
Fetched 10-year data for 0013R0: 249 trading days found.
[0013R0] Attempting Option A: KRX API Data...
[195930] KRX API weights are all 0.0 (overseas/synthetic). Falling back.
[195930] KRX Data unavailable, returning empty holdings.
[442260] KRX API successful. Found 50 holdings.
[300950] KRX API successful. Found 16 holdings.
Fetched 10-year data for 475070: 510 trading days found.
[475070] Attempting Option A: KRX API Data...
[117460] KRX API successful. Found 39 holdings.
Fetched 10-year data for 280930: 2034 trading days found.
[280930] Attempting Option A: KRX API Data...
[261250] KRX API successful. Found 7 holdings.
Fetched 10-year data for 453950: 704 trading days found.
[453950] Attempting Option A: KRX API Data...
[385520] KRX API successful. Found 41 holdings.
[238720] KRX API weights are all 0.0 (overseas/synthetic). Falling back.
[238720] KRX Data unavailable, returning empty holdings.
[256440] KRX API weights are all 0.0 (overseas/synthetic). Falling back.
[256440] KRX Data unavailable, returning empty holdings.
Fetched 10-year data for 468630: 572 trading days found.
[468630] Attempting Option A: KRX API Data...
[0013R0] KRX API weights are all 0.0 (overseas/synthetic). Falling back.
[0013R0] KRX Data unavailable, returning empty holdings.
[429760] KRX API weights are all 0.0 (overseas/synthetic). Falling back.
[429760] KRX Data unavailable, returning empty holdings.
[429760] S&P 500 ETF matched. Generating proxy holdings.
Fetched 10-year data for 275300: 2114 trading days found.
[275300] Attempting Option A: KRX API Data...
Fetched 10-year data for 305050: 1814 trading days found.
[305050] Attempting Option A: KRX API Data...
Fetched 10-year data for 363510: 1337 trading days found.
[363510] Attempting Option A: KRX API Data...
Fetched 10-year data for 218420: 2453 trading days found.
[218420] Attempting Option A: KRX API Data...
Fetched 10-year data for 0144M0: 41 trading days found.
[0144M0] Attempting Option A: KRX API Data...
[475070] KRX API successful. Found 50 holdings.
[280930] KRX API weights are all 0.0 (overseas/synthetic). Falling back.
[280930] KRX Data unavailable, returning empty holdings.
Fetched 10-year data for 479620: 451 trading days found.
[479620] Attempting Option A: KRX API Data...
[468630] KRX API weights are all 0.0 (overseas/synthetic). Falling back.
[468630] KRX Data unavailable, returning empty holdings.
Fetched 10-year data for 0155M0: 14 trading days found.
[0155M0] Attempting Option A: KRX API Data...
[453950] KRX API weights are all 0.0 (overseas/synthetic). Falling back.
[453950] KRX Data unavailable, returning empty holdings.
Fetched 10-year data for 261120: 2245 trading days found.
[261120] Attempting Option A: KRX API Data...
Fetched 10-year data for 449780: 775 trading days found.
[449780] Attempting Option A: KRX API Data...
Fetched 10-year data for 461450: 646 trading days found.
[461450] Attempting Option A: KRX API Data...
[363510] KRX API weights are all 0.0 (overseas/synthetic). Falling back.
[363510] KRX Data unavailable, returning empty holdings.
[0144M0] KRX API weights are all 0.0 (overseas/synthetic). Falling back.
[0144M0] KRX Data unavailable, returning empty holdings.
[218420] KRX API weights are all 0.0 (overseas/synthetic). Falling back.
[218420] KRX Data unavailable, returning empty holdings.
[218420] S&P 500 ETF matched. Generating proxy holdings.
Fetched 10-year data for 360140: 1350 trading days found.
[360140] Attempting Option A: KRX API Data...
[479620] KRX API weights are all 0.0 (overseas/synthetic). Falling back.
[479620] KRX Data unavailable, returning empty holdings.
Fetched 10-year data for 147970: 2453 trading days found.
[147970] Attempting Option A: KRX API Data...
[0155M0] KRX API weights are all 0.0 (overseas/synthetic). Falling back.
[0155M0] KRX Data unavailable, returning empty holdings.
[275300] KRX API successful. Found 50 holdings.
[261120] KRX API successful. Found 4 holdings.
Fetched 10-year data for 0141S0: 46 trading days found.
[0141S0] Attempting Option A: KRX API Data...
Fetched 10-year data for 295020: 1911 trading days found.
[295020] Attempting Option A: KRX API Data...
Fetched 10-year data for 0137V0: 51 trading days found.
[0137V0] Attempting Option A: KRX API Data...
Fetched 10-year data for 0088N0: 130 trading days found.
[0088N0] Attempting Option A: KRX API Data...
Fetched 10-year data for 471460: 559 trading days found.
[471460] Attempting Option A: KRX API Data...
[461450] KRX API successful. Found 50 holdings.
Fetched 10-year data for 0047R0: 193 trading days found.
[0047R0] Attempting Option A: KRX API Data...
[295020] KRX API weights are all 0.0 (overseas/synthetic). Falling back.
[295020] KRX Data unavailable, returning empty holdings.
[0141S0] KRX API successful. Found 11 holdings.
[147970] KRX API successful. Found 31 holdings.
[0088N0] KRX API successful. Found 23 holdings.
[0137V0] KRX API weights are all 0.0 (overseas/synthetic). Falling back.
[0137V0] KRX Data unavailable, returning empty holdings.
[0137V0] S&P 500 ETF matched. Generating proxy holdings.
[471460] KRX API successful. Found 6 holdings.
Fetched 10-year data for 0150K0: 29 trading days found.
[0150K0] Attempting Option A: KRX API Data...
Fetched 10-year data for 352560: 1421 trading days found.
[352560] Attempting Option A: KRX API Data...
Fetched 10-year data for 0097L0: 116 trading days found.
[0097L0] Attempting Option A: KRX API Data...
Fetched 10-year data for 475380: 489 trading days found.
[475380] Attempting Option A: KRX API Data...
Fetched 10-year data for 241390: 2421 trading days found.
[241390] Attempting Option A: KRX API Data...
[0047R0] KRX API weights are all 0.0 (overseas/synthetic). Falling back.
[0047R0] KRX Data unavailable, returning empty holdings.
Fetched 10-year data for 139250: 2453 trading days found.
[139250] Attempting Option A: KRX API Data...
[360140] KRX API successful. Found 50 holdings.
Fetched 10-year data for 409810: 1029 trading days found.
[409810] Attempting Option A: KRX API Data...
Fetched 10-year data for 493420: 336 trading days found.
[493420] Attempting Option A: KRX API Data...
[0150K0] KRX API successful. Found 34 holdings.
[449780] KRX API weights are all 0.0 (overseas/synthetic). Falling back.
[449780] KRX Data unavailable, returning empty holdings.
[449780] S&P 500 ETF matched. Generating proxy holdings.
[475380] KRX API successful. Found 12 holdings.
[0097L0] KRX API successful. Found 27 holdings.
Fetched 10-year data for 105780: 2453 trading days found.
[105780] Attempting Option A: KRX API Data...
[241390] KRX API successful. Found 50 holdings.
Fetched 10-year data for 248270: 2367 trading days found.
[248270] Attempting Option A: KRX API Data...
Fetched 10-year data for 473490: 527 trading days found.
[473490] Attempting Option A: KRX API Data...
[352560] KRX API weights are all 0.0 (overseas/synthetic). Falling back.
[352560] KRX Data unavailable, returning empty holdings.
Fetched 10-year data for 459560: 661 trading days found.
[459560] Attempting Option A: KRX API Data...
[409810] KRX API weights are all 0.0 (overseas/synthetic). Falling back.
[409810] KRX Data unavailable, returning empty holdings.
[409810] NASDAQ ETF matched. Generating proxy holdings.
[139250] KRX API successful. Found 28 holdings.
Fetched 10-year data for 459750: 648 trading days found.
[459750] Attempting Option A: KRX API Data...
[493420] KRX API weights are all 0.0 (overseas/synthetic). Falling back.
[493420] KRX Data unavailable, returning empty holdings.
Fetched 10-year data for 477730: 437 trading days found.
[477730] Attempting Option A: KRX API Data...
Fetched 10-year data for 418670: 980 trading days found.
[418670] Attempting Option A: KRX API Data...
Fetched 10-year data for 287180: 2010 trading days found.
[287180] Attempting Option A: KRX API Data...
Fetched 10-year data for 0094M0: 116 trading days found.
[0094M0] Attempting Option A: KRX API Data...
[248270] KRX API weights are all 0.0 (overseas/synthetic). Falling back.
[248270] KRX Data unavailable, returning empty holdings.
[105780] KRX API successful. Found 29 holdings.
[473490] KRX API successful. Found 17 holdings.
[459560] KRX API successful. Found 26 holdings.
[459750] KRX API successful. Found 9 holdings.
Fetched 10-year data for 481340: 424 trading days found.
[481340] Attempting Option A: KRX API Data...
[477730] KRX API weights are all 0.0 (overseas/synthetic). Falling back.
[477730] KRX Data unavailable, returning empty holdings.
[418670] KRX API successful. Found 31 holdings.
Fetched 10-year data for 304770: 1847 trading days found.
[304770] Attempting Option A: KRX API Data...
Fetched 10-year data for 438320: 856 trading days found.
[438320] Attempting Option A: KRX API Data...
[305050] KRX API successful. Found 50 holdings.
Fetched 10-year data for 491090: 351 trading days found.
[491090] Attempting Option A: KRX API Data...
Fetched 10-year data for 0103T0: 96 trading days found.
[0103T0] Attempting Option A: KRX API Data...
[0094M0] KRX API successful. Found 50 holdings.
[287180] KRX API weights are all 0.0 (overseas/synthetic). Falling back.
[287180] KRX Data unavailable, returning empty holdings.
[287180] NASDAQ ETF matched. Generating proxy holdings.
Fetched 10-year data for 156080: 2453 trading days found.
[156080] Attempting Option A: KRX API Data...
Fetched 10-year data for 100910: 2453 trading days found.
[100910] Attempting Option A: KRX API Data...
Fetched 10-year data for 300640: 1862 trading days found.
[300640] Attempting Option A: KRX API Data...
Fetched 10-year data for 0084E0: 86 trading days found.
[0084E0] Attempting Option A: KRX API Data...
Fetched 10-year data for 245350: 2367 trading days found.
[245350] Attempting Option A: KRX API Data...
[481340] KRX API successful. Found 10 holdings.
Fetched 10-year data for 0138T0: 41 trading days found.
[0138T0] Attempting Option A: KRX API Data...
[438320] KRX API weights are all 0.0 (overseas/synthetic). Falling back.
[438320] KRX Data unavailable, returning empty holdings.
[491090] KRX API weights are all 0.0 (overseas/synthetic). Falling back.
[491090] KRX Data unavailable, returning empty holdings.
[0103T0] KRX API successful. Found 16 holdings.
Fetched 10-year data for 494410: 327 trading days found.
[494410] Attempting Option A: KRX API Data...
[0084E0] KRX API weights are all 0.0 (overseas/synthetic). Falling back.
[0084E0] KRX Data unavailable, returning empty holdings.
[300640] KRX API successful. Found 25 holdings.
Fetched 10-year data for 271050: 2134 trading days found.
[271050] Attempting Option A: KRX API Data...
Fetched 10-year data for 167860: 2453 trading days found.
[167860] Attempting Option A: KRX API Data...
Fetched 10-year data for 0023B0: 235 trading days found.
[0023B0] Attempting Option A: KRX API Data...
[245350] KRX API weights are all 0.0 (overseas/synthetic). Falling back.
[245350] KRX Data unavailable, returning empty holdings.
Fetched 10-year data for 0104G0: 96 trading days found.
[0104G0] Attempting Option A: KRX API Data...
[0138T0] KRX API weights are all 0.0 (overseas/synthetic). Falling back.
[0138T0] KRX Data unavailable, returning empty holdings.
[0138T0] S&P 500 ETF matched. Generating proxy holdings.
[304770] KRX API successful. Found 50 holdings.
[494410] KRX API weights are all 0.0 (overseas/synthetic). Falling back.
[494410] KRX Data unavailable, returning empty holdings.
[494410] S&P 500 ETF matched. Generating proxy holdings.
Fetched 10-year data for 276650: 2088 trading days found.
[276650] Attempting Option A: KRX API Data...
[100910] KRX API successful. Found 50 holdings.
[271050] KRX API weights are all 0.0 (overseas/synthetic). Falling back.
[271050] KRX Data unavailable, returning empty holdings.
Fetched 10-year data for 117680: 2453 trading days found.
[117680] Attempting Option A: KRX API Data...
[156080] KRX API successful. Found 50 holdings.
Fetched 10-year data for 0107F0: 101 trading days found.
[0107F0] Attempting Option A: KRX API Data...
Fetched 10-year data for 437350: 872 trading days found.
[437350] Attempting Option A: KRX API Data...
[167860] KRX API weights are all 0.0 (overseas/synthetic). Falling back.
[167860] KRX Data unavailable, returning empty holdings.
[0023B0] KRX API weights are all 0.0 (overseas/synthetic). Falling back.
[0023B0] KRX Data unavailable, returning empty holdings.
Fetched 10-year data for 449690: 773 trading days found.
[449690] Attempting Option A: KRX API Data...
Fetched 10-year data for 445690: 813 trading days found.
[445690] Attempting Option A: KRX API Data...
[0104G0] KRX API successful. Found 12 holdings.
Fetched 10-year data for 360150: 1350 trading days found.
[360150] Attempting Option A: KRX API Data...
Fetched 10-year data for 476260: 484 trading days found.
[476260] Attempting Option A: KRX API Data...
[276650] KRX API weights are all 0.0 (overseas/synthetic). Falling back.
[276650] KRX Data unavailable, returning empty holdings.
[0107F0] KRX API weights are all 0.0 (overseas/synthetic). Falling back.
[0107F0] KRX Data unavailable, returning empty holdings.
Fetched 10-year data for 442560: 836 trading days found.
[442560] Attempting Option A: KRX API Data...
[117680] KRX API successful. Found 21 holdings.
Fetched 10-year data for 138230: 2453 trading days found.
[138230] Attempting Option A: KRX API Data...
[449690] KRX API weights are all 0.0 (overseas/synthetic). Falling back.
[449690] KRX Data unavailable, returning empty holdings.
[437350] KRX API weights are all 0.0 (overseas/synthetic). Falling back.
[437350] KRX Data unavailable, returning empty holdings.
Fetched 10-year data for 0137W0: 51 trading days found.
[0137W0] Attempting Option A: KRX API Data...
Fetched 10-year data for 223190: 2453 trading days found.
[223190] Attempting Option A: KRX API Data...
[360150] KRX API successful. Found 6 holdings.
Fetched 10-year data for 415760: 1005 trading days found.
[415760] Attempting Option A: KRX API Data...
[445690] KRX API successful. Found 50 holdings.
Fetched 10-year data for 153270: 2453 trading days found.
[153270] Attempting Option A: KRX API Data...
[476260] KRX API successful. Found 21 holdings.
[442560] KRX API successful. Found 14 holdings.
Fetched 10-year data for 284980: 2013 trading days found.
[284980] Attempting Option A: KRX API Data...
Fetched 10-year data for 387270: 1165 trading days found.
[387270] Attempting Option A: KRX API Data...
Fetched 10-year data for 192720: 2453 trading days found.
[192720] Attempting Option A: KRX API Data...
[138230] KRX API weights are all 0.0 (overseas/synthetic). Falling back.
[138230] KRX Data unavailable, returning empty holdings.
Fetched 10-year data for 483420: 415 trading days found.
[483420] Attempting Option A: KRX API Data...
Fetched 10-year data for 415340: 1005 trading days found.
[415340] Attempting Option A: KRX API Data...
[0137W0] KRX API weights are all 0.0 (overseas/synthetic). Falling back.
[0137W0] KRX Data unavailable, returning empty holdings.
[0137W0] S&P 500 ETF matched. Generating proxy holdings.
Fetched 10-year data for 236350: 2401 trading days found.
[236350] Attempting Option A: KRX API Data...
Fetched 10-year data for 252000: 2314 trading days found.
[252000] Attempting Option A: KRX API Data...
[415760] KRX API weights are all 0.0 (overseas/synthetic). Falling back.
[415760] KRX Data unavailable, returning empty holdings.
[387270] KRX API successful. Found 17 holdings.
Fetched 10-year data for 195970: 2453 trading days found.
[195970] Attempting Option A: KRX API Data...
[483420] KRX API successful. Found 27 holdings.
[284980] KRX API successful. Found 23 holdings.
[415340] KRX API weights are all 0.0 (overseas/synthetic). Falling back.
[415340] KRX Data unavailable, returning empty holdings.
Fetched 10-year data for 474800: 512 trading days found.
[474800] Attempting Option A: KRX API Data...
Fetched 10-year data for 271060: 2134 trading days found.
[271060] Attempting Option A: KRX API Data...
[236350] KRX API weights are all 0.0 (overseas/synthetic). Falling back.
[236350] KRX Data unavailable, returning empty holdings.
Fetched 10-year data for 491830: 344 trading days found.
[491830] Attempting Option A: KRX API Data...
[192720] KRX API successful. Found 50 holdings.
Fetched 10-year data for 459790: 648 trading days found.
[459790] Attempting Option A: KRX API Data...
[153270] KRX API successful. Found 50 holdings.
Fetched 10-year data for 091220: 2453 trading days found.
[091220] Attempting Option A: KRX API Data...
[223190] KRX API successful. Found 50 holdings.
Fetched 10-year data for 472840: 527 trading days found.
[472840] Attempting Option A: KRX API Data...
[195970] KRX API weights are all 0.0 (overseas/synthetic). Falling back.
[195970] KRX Data unavailable, returning empty holdings.
Fetched 10-year data for 269420: 2153 trading days found.
[269420] Attempting Option A: KRX API Data...
Fetched 10-year data for 145850: 2453 trading days found.
[145850] Attempting Option A: KRX API Data...
[491830] KRX API weights are all 0.0 (overseas/synthetic). Falling back.
[491830] KRX Data unavailable, returning empty holdings.
[271060] KRX API successful. Found 8 holdings.
[474800] KRX API weights are all 0.0 (overseas/synthetic). Falling back.
[474800] KRX Data unavailable, returning empty holdings.
Fetched 10-year data for 275280: 2114 trading days found.
[275280] Attempting Option A: KRX API Data...
[459790] KRX API weights are all 0.0 (overseas/synthetic). Falling back.
[459790] KRX Data unavailable, returning empty holdings.
Fetched 10-year data for 272570: 2122 trading days found.
[272570] Attempting Option A: KRX API Data...
Fetched 10-year data for 275290: 2114 trading days found.
[275290] Attempting Option A: KRX API Data...
Fetched 10-year data for 483240: 307 trading days found.
[483240] Attempting Option A: KRX API Data...
Fetched 10-year data for 253290: 2311 trading days found.
[253290] Attempting Option A: KRX API Data...
[091220] KRX API successful. Found 11 holdings.
[269420] KRX API weights are all 0.0 (overseas/synthetic). Falling back.
[269420] KRX Data unavailable, returning empty holdings.
[252000] KRX API successful. Found 50 holdings.
Fetched 10-year data for 0036D0: 200 trading days found.
[0036D0] Attempting Option A: KRX API Data...
Fetched 10-year data for 407310: 1040 trading days found.
[407310] Attempting Option A: KRX API Data...
[472840] KRX API successful. Found 50 holdings.
[272570] KRX API successful. Found 9 holdings.
Fetched 10-year data for 289480: 1971 trading days found.
[289480] Attempting Option A: KRX API Data...
[483240] KRX API weights are all 0.0 (overseas/synthetic). Falling back.
[483240] KRX Data unavailable, returning empty holdings.
[483240] NASDAQ ETF matched. Generating proxy holdings.
Fetched 10-year data for 0089B0: 126 trading days found.
[0089B0] Attempting Option A: KRX API Data...
Fetched 10-year data for 483570: 424 trading days found.
[483570] Attempting Option A: KRX API Data...
Fetched 10-year data for 385600: 1165 trading days found.
[385600] Attempting Option A: KRX API Data...
[0036D0] KRX API weights are all 0.0 (overseas/synthetic). Falling back.
[0036D0] KRX Data unavailable, returning empty holdings.
[407310] KRX API successful. Found 11 holdings.
[253290] KRX API successful. Found 50 holdings.
Fetched 10-year data for 460660: 648 trading days found.
[460660] Attempting Option A: KRX API Data...
Fetched 10-year data for 442090: 838 trading days found.
[442090] Attempting Option A: KRX API Data...
[275290] KRX API successful. Found 50 holdings.
[0089B0] KRX API weights are all 0.0 (overseas/synthetic). Falling back.
[0089B0] KRX Data unavailable, returning empty holdings.
[0089B0] NASDAQ ETF matched. Generating proxy holdings.
Fetched 10-year data for 169950: 2453 trading days found.
[169950] Attempting Option A: KRX API Data...
[483570] KRX API weights are all 0.0 (overseas/synthetic). Falling back.
[483570] KRX Data unavailable, returning empty holdings.
[483570] S&P 500 ETF matched. Generating proxy holdings.
[275280] KRX API successful. Found 50 holdings.
Fetched 10-year data for 465660: 589 trading days found.
[465660] Attempting Option A: KRX API Data...
Fetched 10-year data for 0067Y0: 170 trading days found.
[0067Y0] Attempting Option A: KRX API Data...
[385600] KRX API successful. Found 50 holdings.
Fetched 10-year data for 450190: 773 trading days found.
[450190] Attempting Option A: KRX API Data...
[145850] KRX API successful. Found 50 holdings.
Fetched 10-year data for 277540: 2084 trading days found.
[277540] Attempting Option A: KRX API Data...
Fetched 10-year data for 387280: 1165 trading days found.
[387280] Attempting Option A: KRX API Data...
[460660] KRX API weights are all 0.0 (overseas/synthetic). Falling back.
[460660] KRX Data unavailable, returning empty holdings.
Fetched 10-year data for 332620: 1599 trading days found.
[332620] Attempting Option A: KRX API Data...
[442090] KRX API successful. Found 32 holdings.
[289480] KRX API successful. Found 50 holdings.
Fetched 10-year data for 391670: 1135 trading days found.
[391670] Attempting Option A: KRX API Data...
Fetched 10-year data for 463300: 618 trading days found.
[463300] Attempting Option A: KRX API Data...
[169950] KRX API weights are all 0.0 (overseas/synthetic). Falling back.
[169950] KRX Data unavailable, returning empty holdings.
[465660] KRX API weights are all 0.0 (overseas/synthetic). Falling back.
[465660] KRX Data unavailable, returning empty holdings.
[0067Y0] KRX API weights are all 0.0 (overseas/synthetic). Falling back.
[0067Y0] KRX Data unavailable, returning empty holdings.
Fetched 10-year data for 417630: 990 trading days found.
[417630] Attempting Option A: KRX API Data...
[450190] KRX API weights are all 0.0 (overseas/synthetic). Falling back.
[450190] KRX Data unavailable, returning empty holdings.
Fetched 10-year data for 438900: 860 trading days found.
[438900] Attempting Option A: KRX API Data...
Fetched 10-year data for 102960: 2453 trading days found.
[102960] Attempting Option A: KRX API Data...
Fetched 10-year data for 446690: 747 trading days found.
[446690] Attempting Option A: KRX API Data...
[387280] KRX API successful. Found 25 holdings.
[277540] KRX API successful. Found 50 holdings.
Fetched 10-year data for 404260: 1058 trading days found.
[404260] Attempting Option A: KRX API Data...
[332620] KRX API weights are all 0.0 (overseas/synthetic). Falling back.
[332620] KRX Data unavailable, returning empty holdings.
[391670] KRX API successful. Found 12 holdings.
Fetched 10-year data for 496120: 318 trading days found.
[496120] Attempting Option A: KRX API Data...
Fetched 10-year data for 282000: 2034 trading days found.
[282000] Attempting Option A: KRX API Data...
Fetched 10-year data for 489000: 370 trading days found.
[489000] Attempting Option A: KRX API Data...
[417630] KRX API successful. Found 32 holdings.
Fetched 10-year data for 497780: 292 trading days found.
[497780] Attempting Option A: KRX API Data...
[438900] KRX API successful. Found 16 holdings.
[463300] KRX API weights are all 0.0 (overseas/synthetic). Falling back.
[463300] KRX Data unavailable, returning empty holdings.
[446690] KRX API successful. Found 36 holdings.
[102960] KRX API successful. Found 37 holdings.
[404260] KRX API successful. Found 30 holdings.
Fetched 10-year data for 183700: 2453 trading days found.
[183700] Attempting Option A: KRX API Data...
Fetched 10-year data for 376410: 1237 trading days found.
[376410] Attempting Option A: KRX API Data...
[282000] KRX API weights are all 0.0 (overseas/synthetic). Falling back.
[282000] KRX Data unavailable, returning empty holdings.
[496120] KRX API successful. Found 50 holdings.
Fetched 10-year data for 396510: 1110 trading days found.
[396510] Attempting Option A: KRX API Data...
Fetched 10-year data for 469050: 569 trading days found.
[469050] Attempting Option A: KRX API Data...
Fetched 10-year data for 292500: 1943 trading days found.
[292500] Attempting Option A: KRX API Data...
[497780] KRX API weights are all 0.0 (overseas/synthetic). Falling back.
[497780] KRX Data unavailable, returning empty holdings.
[489000] KRX API weights are all 0.0 (overseas/synthetic). Falling back.
[489000] KRX Data unavailable, returning empty holdings.
Fetched 10-year data for 491510: 344 trading days found.
[491510] Attempting Option A: KRX API Data...
Fetched 10-year data for 371150: 1271 trading days found.
[371150] Attempting Option A: KRX API Data...
Fetched 10-year data for 185680: 2453 trading days found.
[185680] Attempting Option A: KRX API Data...
Fetched 10-year data for 448490: 795 trading days found.
[448490] Attempting Option A: KRX API Data...
Fetched 10-year data for 469790: 564 trading days found.
[469790] Attempting Option A: KRX API Data...
[469050] KRX API weights are all 0.0 (overseas/synthetic). Falling back.
[469050] KRX Data unavailable, returning empty holdings.
[396510] KRX API weights are all 0.0 (overseas/synthetic). Falling back.
[396510] KRX Data unavailable, returning empty holdings.
Fetched 10-year data for 292160: 1943 trading days found.
[292160] Attempting Option A: KRX API Data...
[185680] KRX API weights are all 0.0 (overseas/synthetic). Falling back.
[185680] KRX Data unavailable, returning empty holdings.
[448490] KRX API weights are all 0.0 (overseas/synthetic). Falling back.
[448490] KRX Data unavailable, returning empty holdings.
[491510] KRX API successful. Found 50 holdings.
Fetched 10-year data for 411540: 1029 trading days found.
[411540] Attempting Option A: KRX API Data...
[469790] KRX API successful. Found 11 holdings.
[371150] KRX API weights are all 0.0 (overseas/synthetic). Falling back.
[371150] KRX Data unavailable, returning empty holdings.
Fetched 10-year data for 0047P0: 193 trading days found.
[0047P0] Attempting Option A: KRX API Data...
Fetched 10-year data for 226980: 2453 trading days found.
[226980] Attempting Option A: KRX API Data...
Fetched 10-year data for 0015F0: 254 trading days found.
[0015F0] Attempting Option A: KRX API Data...
Fetched 10-year data for 453820: 691 trading days found.
[453820] Attempting Option A: KRX API Data...
Fetched 10-year data for 433220: 895 trading days found.
[433220] Attempting Option A: KRX API Data...
[411540] KRX API successful. Found 11 holdings.
[183700] KRX API successful. Found 50 holdings.
Fetched 10-year data for 457690: 666 trading days found.
[457690] Attempting Option A: KRX API Data...
[0015F0] KRX API successful. Found 8 holdings.
[292500] KRX API successful. Found 50 holdings.
[453820] KRX API weights are all 0.0 (overseas/synthetic). Falling back.
[453820] KRX Data unavailable, returning empty holdings.
[0047P0] KRX API weights are all 0.0 (overseas/synthetic). Falling back.
[0047P0] KRX Data unavailable, returning empty holdings.
[433220] KRX API successful. Found 31 holdings.
Fetched 10-year data for 419650: 985 trading days found.
[419650] Attempting Option A: KRX API Data...
Fetched 10-year data for 464920: 602 trading days found.
[464920] Attempting Option A: KRX API Data...
Fetched 10-year data for 138530: 2453 trading days found.
[138530] Attempting Option A: KRX API Data...
Fetched 10-year data for 159800: 2453 trading days found.
[159800] Attempting Option A: KRX API Data...
Fetched 10-year data for 250730: 2339 trading days found.
[250730] Attempting Option A: KRX API Data...
Fetched 10-year data for 364690: 1323 trading days found.
[364690] Attempting Option A: KRX API Data...
[226980] KRX API successful. Found 50 holdings.
[457690] KRX API weights are all 0.0 (overseas/synthetic). Falling back.
[457690] KRX Data unavailable, returning empty holdings.
[376410] KRX API successful. Found 50 holdings.
[419650] KRX API successful. Found 25 holdings.
[464920] KRX API weights are all 0.0 (overseas/synthetic). Falling back.
[464920] KRX Data unavailable, returning empty holdings.
Fetched 10-year data for 266410: 2184 trading days found.
[266410] Attempting Option A: KRX API Data...
Fetched 10-year data for 0153X0: 19 trading days found.
[0153X0] Attempting Option A: KRX API Data...
[292160] KRX API successful. Found 50 holdings.
Fetched 10-year data for 0051A0: 188 trading days found.
[0051A0] Attempting Option A: KRX API Data...
Fetched 10-year data for 371450: 1277 trading days found.
[371450] Attempting Option A: KRX API Data...
Fetched 10-year data for 0049K0: 193 trading days found.
[0049K0] Attempting Option A: KRX API Data...
[138530] KRX API successful. Found 21 holdings.
Fetched 10-year data for 140710: 2453 trading days found.
[140710] Attempting Option A: KRX API Data...
[250730] KRX API weights are all 0.0 (overseas/synthetic). Falling back.
[250730] KRX Data unavailable, returning empty holdings.
Fetched 10-year data for 219390: 2453 trading days found.
[219390] Attempting Option A: KRX API Data...
Fetched 10-year data for 375760: 1237 trading days found.
[375760] Attempting Option A: KRX API Data...
[0153X0] KRX API weights are all 0.0 (overseas/synthetic). Falling back.
[0153X0] KRX Data unavailable, returning empty holdings.
[0051A0] KRX API weights are all 0.0 (overseas/synthetic). Falling back.
[0051A0] KRX Data unavailable, returning empty holdings.
[266410] KRX API successful. Found 37 holdings.
[159800] KRX API successful. Found 50 holdings.
Fetched 10-year data for 440340: 851 trading days found.
[440340] Attempting Option A: KRX API Data...
Fetched 10-year data for 498050: 302 trading days found.
[498050] Attempting Option A: KRX API Data...
[371450] KRX API weights are all 0.0 (overseas/synthetic). Falling back.
[371450] KRX Data unavailable, returning empty holdings.
[0049K0] KRX API weights are all 0.0 (overseas/synthetic). Falling back.
[0049K0] KRX Data unavailable, returning empty holdings.
[364690] KRX API successful. Found 50 holdings.
Fetched 10-year data for 407820: 1046 trading days found.
[407820] Attempting Option A: KRX API Data...
[140710] KRX API successful. Found 14 holdings.
[219390] KRX API weights are all 0.0 (overseas/synthetic). Falling back.
[219390] KRX Data unavailable, returning empty holdings.
Fetched 10-year data for 337150: 1541 trading days found.
[337150] Attempting Option A: KRX API Data...
Fetched 10-year data for 289040: 1973 trading days found.
[289040] Attempting Option A: KRX API Data...
Fetched 10-year data for 130680: 2453 trading days found.
[130680] Attempting Option A: KRX API Data...
Fetched 10-year data for 213630: 2453 trading days found.
[213630] Attempting Option A: KRX API Data...
Fetched 10-year data for 337120: 1541 trading days found.
[337120] Attempting Option A: KRX API Data...
[498050] KRX API successful. Found 25 holdings.
Fetched 10-year data for 108590: 2453 trading days found.
[108590] Attempting Option A: KRX API Data...
[407820] KRX API successful. Found 28 holdings.
[440340] KRX API weights are all 0.0 (overseas/synthetic). Falling back.
[440340] KRX Data unavailable, returning empty holdings.
Fetched 10-year data for 445910: 820 trading days found.
[445910] Attempting Option A: KRX API Data...
Fetched 10-year data for 291130: 1954 trading days found.
[291130] Attempting Option A: KRX API Data...
[130680] KRX API weights are all 0.0 (overseas/synthetic). Falling back.
[130680] KRX Data unavailable, returning empty holdings.
Fetched 10-year data for 0094X0: 116 trading days found.
[0094X0] Attempting Option A: KRX API Data...
[213630] KRX API weights are all 0.0 (overseas/synthetic). Falling back.
[213630] KRX Data unavailable, returning empty holdings.
Fetched 10-year data for 289250: 1973 trading days found.
[289250] Attempting Option A: KRX API Data...
[289040] KRX API successful. Found 50 holdings.
Fetched 10-year data for 468370: 572 trading days found.
[468370] Attempting Option A: KRX API Data...
[445910] KRX API successful. Found 31 holdings.
[291130] KRX API weights are all 0.0 (overseas/synthetic). Falling back.
[291130] KRX Data unavailable, returning empty holdings.
[337150] KRX API successful. Found 50 holdings.
[0094X0] KRX API weights are all 0.0 (overseas/synthetic). Falling back.
[0094X0] KRX Data unavailable, returning empty holdings.
Fetched 10-year data for 477490: 470 trading days found.
[477490] Attempting Option A: KRX API Data...
Fetched 10-year data for 0115C0: 86 trading days found.
[0115C0] Attempting Option A: KRX API Data...
Fetched 10-year data for 289260: 1973 trading days found.
[289260] Attempting Option A: KRX API Data...
Fetched 10-year data for 449580: 775 trading days found.
[449580] Attempting Option A: KRX API Data...
Fetched 10-year data for 446700: 810 trading days found.
[446700] Attempting Option A: KRX API Data...
[375760] KRX API successful. Found 50 holdings.
[337120] KRX API successful. Found 50 holdings.
[468370] KRX API weights are all 0.0 (overseas/synthetic). Falling back.
[468370] KRX Data unavailable, returning empty holdings.
Fetched 10-year data for 453630: 714 trading days found.
[453630] Attempting Option A: KRX API Data...
[108590] KRX API successful. Found 50 holdings.
[289250] KRX API successful. Found 50 holdings.
Fetched 10-year data for 276000: 2099 trading days found.
[276000] Attempting Option A: KRX API Data...
[477490] KRX API successful. Found 14 holdings.
Fetched 10-year data for 0028X0: 183 trading days found.
[0028X0] Attempting Option A: KRX API Data...
[0115C0] KRX API weights are all 0.0 (overseas/synthetic). Falling back.
[0115C0] KRX Data unavailable, returning empty holdings.
Fetched 10-year data for 104520: 2453 trading days found.
[104520] Attempting Option A: KRX API Data...
[449580] KRX API weights are all 0.0 (overseas/synthetic). Falling back.
[449580] KRX Data unavailable, returning empty holdings.
Fetched 10-year data for 453010: 719 trading days found.
[453010] Attempting Option A: KRX API Data...
Fetched 10-year data for 447660: 790 trading days found.
[447660] Attempting Option A: KRX API Data...
Fetched 10-year data for 354350: 1422 trading days found.
[354350] Attempting Option A: KRX API Data...
[289260] KRX API successful. Found 39 holdings.
[446700] KRX API successful. Found 24 holdings.
Fetched 10-year data for 400570: 1077 trading days found.
[400570] Attempting Option A: KRX API Data...
[453630] KRX API weights are all 0.0 (overseas/synthetic). Falling back.
[453630] KRX Data unavailable, returning empty holdings.
[453630] S&P 500 ETF matched. Generating proxy holdings.
Fetched 10-year data for 494420: 327 trading days found.
[494420] Attempting Option A: KRX API Data...
[276000] KRX API weights are all 0.0 (overseas/synthetic). Falling back.
[276000] KRX Data unavailable, returning empty holdings.
[0028X0] KRX API weights are all 0.0 (overseas/synthetic). Falling back.
[0028X0] KRX Data unavailable, returning empty holdings.
Fetched 10-year data for 300610: 1862 trading days found.
[300610] Attempting Option A: KRX API Data...
Fetched 10-year data for 239660: 2436 trading days found.
[239660] Attempting Option A: KRX API Data...
Fetched 10-year data for 0001P0: 282 trading days found.
[0001P0] Attempting Option A: KRX API Data...
[453010] KRX API weights are all 0.0 (overseas/synthetic). Falling back.
[453010] KRX Data unavailable, returning empty holdings.
Fetched 10-year data for 0133E0: 14 trading days found.
[0133E0] Attempting Option A: KRX API Data...
[354350] KRX API weights are all 0.0 (overseas/synthetic). Falling back.
[354350] KRX Data unavailable, returning empty holdings.
[400570] KRX API weights are all 0.0 (overseas/synthetic). Falling back.
[400570] KRX Data unavailable, returning empty holdings.
[447660] KRX API successful. Found 11 holdings.
Fetched 10-year data for 0090B0: 121 trading days found.
[0090B0] Attempting Option A: KRX API Data...
Fetched 10-year data for 422260: 957 trading days found.
[422260] Attempting Option A: KRX API Data...
Fetched 10-year data for 417450: 985 trading days found.
[417450] Attempting Option A: KRX API Data...
[104520] KRX API successful. Found 41 holdings.
Fetched 10-year data for 0021D0: 235 trading days found.
[0021D0] Attempting Option A: KRX API Data...
[494420] KRX API weights are all 0.0 (overseas/synthetic). Falling back.
[494420] KRX Data unavailable, returning empty holdings.
[0133E0] KRX API weights are all 0.0 (overseas/synthetic). Falling back.
[0133E0] KRX Data unavailable, returning empty holdings.
[0001P0] KRX API successful. Found 25 holdings.
Fetched 10-year data for 461900: 633 trading days found.
[461900] Attempting Option A: KRX API Data...
[300610] KRX API successful. Found 18 holdings.
[239660] KRX API successful. Found 12 holdings.
Fetched 10-year data for 367740: 1305 trading days found.
[367740] Attempting Option A: KRX API Data...
Fetched 10-year data for 225060: 2453 trading days found.
[225060] Attempting Option A: KRX API Data...
Fetched 10-year data for 195920: 2453 trading days found.
[195920] Attempting Option A: KRX API Data...
[0090B0] KRX API successful. Found 11 holdings.
[417450] KRX API successful. Found 29 holdings.
[422260] KRX API successful. Found 18 holdings.
Fetched 10-year data for 229720: 2453 trading days found.
[229720] Attempting Option A: KRX API Data...
[0021D0] KRX API successful. Found 9 holdings.
Fetched 10-year data for 461910: 633 trading days found.
[461910] Attempting Option A: KRX API Data...
Fetched 10-year data for 304760: 1847 trading days found.
[304760] Attempting Option A: KRX API Data...
Fetched 10-year data for 281990: 2039 trading days found.
[281990] Attempting Option A: KRX API Data...
[461900] KRX API weights are all 0.0 (overseas/synthetic). Falling back.
[461900] KRX Data unavailable, returning empty holdings.
Fetched 10-year data for 474920: 512 trading days found.
[474920] Attempting Option A: KRX API Data...
Fetched 10-year data for 183710: 2453 trading days found.
[183710] Attempting Option A: KRX API Data...
[225060] KRX API weights are all 0.0 (overseas/synthetic). Falling back.
[225060] KRX Data unavailable, returning empty holdings.
[367740] KRX API successful. Found 29 holdings.
[195920] KRX API weights are all 0.0 (overseas/synthetic). Falling back.
[195920] KRX Data unavailable, returning empty holdings.
Fetched 10-year data for 381560: 1200 trading days found.
[381560] Attempting Option A: KRX API Data...
Fetched 10-year data for 464610: 609 trading days found.
[464610] Attempting Option A: KRX API Data...
Fetched 10-year data for 265690: 2189 trading days found.
[265690] Attempting Option A: KRX API Data...
[461910] KRX API weights are all 0.0 (overseas/synthetic). Falling back.
[461910] KRX Data unavailable, returning empty holdings.
Fetched 10-year data for 0105D0: 101 trading days found.
[0105D0] Attempting Option A: KRX API Data...
[229720] KRX API successful. Found 31 holdings.
Fetched 10-year data for 227830: 2453 trading days found.
[227830] Attempting Option A: KRX API Data...
[474920] KRX API weights are all 0.0 (overseas/synthetic). Falling back.
[474920] KRX Data unavailable, returning empty holdings.
[381560] KRX API successful. Found 31 holdings.
Fetched 10-year data for 442550: 836 trading days found.
[442550] Attempting Option A: KRX API Data...
[464610] KRX API successful. Found 15 holdings.
Fetched 10-year data for 0086C0: 140 trading days found.
[0086C0] Attempting Option A: KRX API Data...
[265690] KRX API weights are all 0.0 (overseas/synthetic). Falling back.
[265690] KRX Data unavailable, returning empty holdings.
[281990] KRX API successful. Found 50 holdings.
Fetched 10-year data for 464600: 609 trading days found.
[464600] Attempting Option A: KRX API Data...
Fetched 10-year data for 463640: 623 trading days found.
[463640] Attempting Option A: KRX API Data...
Fetched 10-year data for 404120: 1058 trading days found.
[404120] Attempting Option A: KRX API Data...
[0105D0] KRX API successful. Found 16 holdings.
Fetched 10-year data for 0008E0: 265 trading days found.
[0008E0] Attempting Option A: KRX API Data...
Fetched 10-year data for 0000H0: 215 trading days found.
[0000H0] Attempting Option A: KRX API Data...
[442550] KRX API successful. Found 15 holdings.
[0086C0] KRX API successful. Found 12 holdings.
Fetched 10-year data for 469160: 574 trading days found.
[469160] Attempting Option A: KRX API Data...
[463640] KRX API weights are all 0.0 (overseas/synthetic). Falling back.
[463640] KRX Data unavailable, returning empty holdings.
[463640] S&P 500 ETF matched. Generating proxy holdings.
Fetched 10-year data for 413930: 1011 trading days found.
[413930] Attempting Option A: KRX API Data...
[464600] KRX API successful. Found 21 holdings.
[404120] KRX API successful. Found 24 holdings.
[227830] KRX API successful. Found 50 holdings.
Fetched 10-year data for 140580: 2453 trading days found.
[140580] Attempting Option A: KRX API Data...
[0008E0] KRX API weights are all 0.0 (overseas/synthetic). Falling back.
[0008E0] KRX Data unavailable, returning empty holdings.
Fetched 10-year data for 0113G0: 71 trading days found.
[0113G0] Attempting Option A: KRX API Data...
[183710] KRX API successful. Found 50 holdings.
Fetched 10-year data for 472720: 532 trading days found.
[472720] Attempting Option A: KRX API Data...
[304760] KRX API successful. Found 50 holdings.
[0000H0] KRX API weights are all 0.0 (overseas/synthetic). Falling back.
[0000H0] KRX Data unavailable, returning empty holdings.
Fetched 10-year data for 494180: 322 trading days found.
[494180] Attempting Option A: KRX API Data...
Fetched 10-year data for 416090: 1005 trading days found.
[416090] Attempting Option A: KRX API Data...
Fetched 10-year data for 371870: 1271 trading days found.
[371870] Attempting Option A: KRX API Data...
[469160] KRX API weights are all 0.0 (overseas/synthetic). Falling back.
[469160] KRX Data unavailable, returning empty holdings.
Fetched 10-year data for 332610: 1599 trading days found.
[332610] Attempting Option A: KRX API Data...
Fetched 10-year data for 483330: 415 trading days found.
[483330] Attempting Option A: KRX API Data...
[413930] KRX API successful. Found 50 holdings.
Fetched 10-year data for 292050: 1943 trading days found.
[292050] Attempting Option A: KRX API Data...
[0113G0] KRX API weights are all 0.0 (overseas/synthetic). Falling back.
[0113G0] KRX Data unavailable, returning empty holdings.
Fetched 10-year data for 0013P0: 249 trading days found.
[0013P0] Attempting Option A: KRX API Data...
[494180] KRX API successful. Found 36 holdings.
[472720] KRX API successful. Found 41 holdings.
Fetched 10-year data for 0018Z0: 235 trading days found.
[0018Z0] Attempting Option A: KRX API Data...
Fetched 10-year data for 419420: 962 trading days found.
[419420] Attempting Option A: KRX API Data...
[416090] KRX API weights are all 0.0 (overseas/synthetic). Falling back.
[416090] KRX Data unavailable, returning empty holdings.
[140580] KRX API successful. Found 42 holdings.
Fetched 10-year data for 432840: 909 trading days found.
[432840] Attempting Option A: KRX API Data...
[371870] KRX API weights are all 0.0 (overseas/synthetic). Falling back.
[371870] KRX Data unavailable, returning empty holdings.
[332610] KRX API weights are all 0.0 (overseas/synthetic). Falling back.
[332610] KRX Data unavailable, returning empty holdings.
[483330] KRX API weights are all 0.0 (overseas/synthetic). Falling back.
[483330] KRX Data unavailable, returning empty holdings.
Fetched 10-year data for 0094L0: 116 trading days found.
[0094L0] Attempting Option A: KRX API Data...
Fetched 10-year data for 290080: 1961 trading days found.
[290080] Attempting Option A: KRX API Data...
Fetched 10-year data for 482030: 433 trading days found.
[482030] Attempting Option A: KRX API Data...
[0013P0] KRX API weights are all 0.0 (overseas/synthetic). Falling back.
[0013P0] KRX Data unavailable, returning empty holdings.
[292050] KRX API successful. Found 50 holdings.
Fetched 10-year data for 404650: 1058 trading days found.
[404650] Attempting Option A: KRX API Data...
Fetched 10-year data for 354240: 1417 trading days found.
[354240] Attempting Option A: KRX API Data...
[0018Z0] KRX API weights are all 0.0 (overseas/synthetic). Falling back.
[0018Z0] KRX Data unavailable, returning empty holdings.
Fetched 10-year data for 131890: 2453 trading days found.
[131890] Attempting Option A: KRX API Data...
Fetched 10-year data for 457700: 666 trading days found.
[457700] Attempting Option A: KRX API Data...
Fetched 10-year data for 301400: 1875 trading days found.
[301400] Attempting Option A: KRX API Data...
[0094L0] KRX API weights are all 0.0 (overseas/synthetic). Falling back.
[0094L0] KRX Data unavailable, returning empty holdings.
[419420] KRX API weights are all 0.0 (overseas/synthetic). Falling back.
[419420] KRX Data unavailable, returning empty holdings.
[419420] NASDAQ ETF matched. Generating proxy holdings.
Fetched 10-year data for 280320: 2051 trading days found.
[280320] Attempting Option A: KRX API Data...
Fetched 10-year data for 266390: 2184 trading days found.
[266390] Attempting Option A: KRX API Data...
[482030] KRX API successful. Found 37 holdings.
[354240] KRX API weights are all 0.0 (overseas/synthetic). Falling back.
[354240] KRX Data unavailable, returning empty holdings.
[290080] KRX API successful. Found 50 holdings.
[404650] KRX API successful. Found 30 holdings.
Fetched 10-year data for 234310: 2453 trading days found.
[234310] Attempting Option A: KRX API Data...
[457700] KRX API weights are all 0.0 (overseas/synthetic). Falling back.
[457700] KRX Data unavailable, returning empty holdings.
[131890] KRX API successful. Found 17 holdings.
Fetched 10-year data for 496130: 318 trading days found.
[496130] Attempting Option A: KRX API Data...
Fetched 10-year data for 487950: 385 trading days found.
[487950] Attempting Option A: KRX API Data...
[280320] KRX API weights are all 0.0 (overseas/synthetic). Falling back.
[280320] KRX Data unavailable, returning empty holdings.
Fetched 10-year data for 452440: 733 trading days found.
[452440] Attempting Option A: KRX API Data...
Fetched 10-year data for 485810: 400 trading days found.
[485810] Attempting Option A: KRX API Data...
[301400] KRX API successful. Found 50 holdings.
Fetched 10-year data for 451600: 743 trading days found.
[451600] Attempting Option A: KRX API Data...
[266390] KRX API successful. Found 39 holdings.
[432840] KRX API weights are all 0.0 (overseas/synthetic). Falling back.
[432840] KRX Data unavailable, returning empty holdings.
[432840] S&P 500 ETF matched. Generating proxy holdings.
Fetched 10-year data for 453660: 714 trading days found.
[453660] Attempting Option A: KRX API Data...
Fetched 10-year data for 0021C0: 235 trading days found.
[0021C0] Attempting Option A: KRX API Data...
[496130] KRX API successful. Found 40 holdings.
[234310] KRX API successful. Found 50 holdings.
Fetched 10-year data for 435040: 895 trading days found.
[435040] Attempting Option A: KRX API Data...
Fetched 10-year data for 0087F0: 140 trading days found.
[0087F0] Attempting Option A: KRX API Data...
[487950] KRX API weights are all 0.0 (overseas/synthetic). Falling back.
[487950] KRX Data unavailable, returning empty holdings.
[452440] KRX API successful. Found 29 holdings.
Fetched 10-year data for 385710: 1165 trading days found.
[385710] Attempting Option A: KRX API Data...
Fetched 10-year data for 176950: 2453 trading days found.
[176950] Attempting Option A: KRX API Data...
Fetched 10-year data for 228820: 2453 trading days found.
[228820] Attempting Option A: KRX API Data...
[451600] KRX API weights are all 0.0 (overseas/synthetic). Falling back.
[451600] KRX Data unavailable, returning empty holdings.
[485810] KRX API successful. Found 32 holdings.
Fetched 10-year data for 395760: 1117 trading days found.
[395760] Attempting Option A: KRX API Data...
Fetched 10-year data for 117690: 2453 trading days found.
[117690] Attempting Option A: KRX API Data...
[453660] KRX API weights are all 0.0 (overseas/synthetic). Falling back.
[453660] KRX Data unavailable, returning empty holdings.
[453660] S&P 500 ETF matched. Generating proxy holdings.
Fetched 10-year data for 310080: 1777 trading days found.
[310080] Attempting Option A: KRX API Data...
[0021C0] KRX API successful. Found 9 holdings.
[435040] KRX API weights are all 0.0 (overseas/synthetic). Falling back.
[435040] KRX Data unavailable, returning empty holdings.
Fetched 10-year data for 465670: 589 trading days found.
[465670] Attempting Option A: KRX API Data...
[0087F0] KRX API weights are all 0.0 (overseas/synthetic). Falling back.
[0087F0] KRX Data unavailable, returning empty holdings.
Fetched 10-year data for 269370: 2153 trading days found.
[269370] Attempting Option A: KRX API Data...
[176950] KRX API weights are all 0.0 (overseas/synthetic). Falling back.
[176950] KRX Data unavailable, returning empty holdings.
Fetched 10-year data for 456250: 689 trading days found.
[456250] Attempting Option A: KRX API Data...
Fetched 10-year data for 280920: 2051 trading days found.
[280920] Attempting Option A: KRX API Data...
[385710] KRX API successful. Found 29 holdings.
[228820] KRX API successful. Found 31 holdings.
[117690] KRX API weights are all 0.0 (overseas/synthetic). Falling back.
[117690] KRX Data unavailable, returning empty holdings.
Fetched 10-year data for 0138D0: 46 trading days found.
[0138D0] Attempting Option A: KRX API Data...
[269370] KRX API weights are all 0.0 (overseas/synthetic). Falling back.
[269370] KRX Data unavailable, returning empty holdings.
[465670] KRX API weights are all 0.0 (overseas/synthetic). Falling back.
[465670] KRX Data unavailable, returning empty holdings.
Fetched 10-year data for 0127V0: 71 trading days found.
[0127V0] Attempting Option A: KRX API Data...
Fetched 10-year data for 484890: 405 trading days found.
[484890] Attempting Option A: KRX API Data...
[456250] KRX API weights are all 0.0 (overseas/synthetic). Falling back.
[456250] KRX Data unavailable, returning empty holdings.
[395760] KRX API successful. Found 50 holdings.
Fetched 10-year data for 137610: 2453 trading days found.
[137610] Attempting Option A: KRX API Data...
Fetched 10-year data for 373490: 1265 trading days found.
[373490] Attempting Option A: KRX API Data...
[280920] KRX API successful. Found 31 holdings.
Fetched 10-year data for 326230: 1641 trading days found.
[326230] Attempting Option A: KRX API Data...
Fetched 10-year data for 285690: 2010 trading days found.
[285690] Attempting Option A: KRX API Data...
Fetched 10-year data for 0153P0: 24 trading days found.
[0153P0] Attempting Option A: KRX API Data...
[310080] KRX API weights are all 0.0 (overseas/synthetic). Falling back.
[310080] KRX Data unavailable, returning empty holdings.
[0138D0] KRX API successful. Found 20 holdings.
Fetched 10-year data for 428560: 923 trading days found.
[428560] Attempting Option A: KRX API Data...
[0127V0] KRX API weights are all 0.0 (overseas/synthetic). Falling back.
[0127V0] KRX Data unavailable, returning empty holdings.
[0127V0] S&P 500 ETF matched. Generating proxy holdings.
[484890] KRX API weights are all 0.0 (overseas/synthetic). Falling back.
[484890] KRX Data unavailable, returning empty holdings.
Fetched 10-year data for 251590: 2338 trading days found.
[251590] Attempting Option A: KRX API Data...
Fetched 10-year data for 411860: 1020 trading days found.
[411860] Attempting Option A: KRX API Data...
[137610] KRX API successful. Found 9 holdings.
[326230] KRX API successful. Found 50 holdings.
Fetched 10-year data for 0127T0: 71 trading days found.
[0127T0] Attempting Option A: KRX API Data...
Fetched 10-year data for 395280: 1117 trading days found.
[395280] Attempting Option A: KRX API Data...
[373490] KRX API successful. Found 37 holdings.
[0153P0] KRX API successful. Found 14 holdings.
Fetched 10-year data for 463690: 623 trading days found.
[463690] Attempting Option A: KRX API Data...
[428560] KRX API weights are all 0.0 (overseas/synthetic). Falling back.
[428560] KRX Data unavailable, returning empty holdings.
Fetched 10-year data for 114460: 2453 trading days found.
[114460] Attempting Option A: KRX API Data...
Fetched 10-year data for 292770: 1929 trading days found.
[292770] Attempting Option A: KRX API Data...
Fetched 10-year data for 215620: 2453 trading days found.
[215620] Attempting Option A: KRX API Data...
Fetched 10-year data for 395150: 1117 trading days found.
[395150] Attempting Option A: KRX API Data...
[411860] KRX API weights are all 0.0 (overseas/synthetic). Falling back.
[411860] KRX Data unavailable, returning empty holdings.
[285690] KRX API successful. Found 50 holdings.
[251590] KRX API successful. Found 50 holdings.
[0127T0] KRX API weights are all 0.0 (overseas/synthetic). Falling back.
[0127T0] KRX Data unavailable, returning empty holdings.
[0127T0] S&P 500 ETF matched. Generating proxy holdings.
[395280] KRX API successful. Found 16 holdings.
Fetched 10-year data for 487910: 351 trading days found.
[487910] Attempting Option A: KRX API Data...
Fetched 10-year data for 453060: 719 trading days found.
[453060] Attempting Option A: KRX API Data...
[463690] KRX API weights are all 0.0 (overseas/synthetic). Falling back.
[463690] KRX Data unavailable, returning empty holdings.
[463690] S&P 500 ETF matched. Generating proxy holdings.
Fetched 10-year data for 244620: 2401 trading days found.
[244620] Attempting Option A: KRX API Data...
[114460] KRX API weights are all 0.0 (overseas/synthetic). Falling back.
[114460] KRX Data unavailable, returning empty holdings.
[292770] KRX API weights are all 0.0 (overseas/synthetic). Falling back.
[292770] KRX Data unavailable, returning empty holdings.
Fetched 10-year data for 0120J0: 56 trading days found.
[0120J0] Attempting Option A: KRX API Data...
Fetched 10-year data for 0047N0: 193 trading days found.
[0047N0] Attempting Option A: KRX API Data...
[395150] KRX API successful. Found 18 holdings.
Fetched 10-year data for 261110: 2245 trading days found.
[261110] Attempting Option A: KRX API Data...
Fetched 10-year data for 250780: 2339 trading days found.
[250780] Attempting Option A: KRX API Data...
[215620] KRX API successful. Found 50 holdings.
Fetched 10-year data for 379790: 1195 trading days found.
[379790] Attempting Option A: KRX API Data...
[487910] KRX API weights are all 0.0 (overseas/synthetic). Falling back.
[487910] KRX Data unavailable, returning empty holdings.
Fetched 10-year data for 449680: 773 trading days found.
[449680] Attempting Option A: KRX API Data...
[453060] KRX API weights are all 0.0 (overseas/synthetic). Falling back.
[453060] KRX Data unavailable, returning empty holdings.
Fetched 10-year data for 451150: 748 trading days found.
[451150] Attempting Option A: KRX API Data...
Fetched 10-year data for 0102X0: 101 trading days found.
[0102X0] Attempting Option A: KRX API Data...
[0120J0] KRX API successful. Found 16 holdings.
Fetched 10-year data for 0093B0: 121 trading days found.
[0093B0] Attempting Option A: KRX API Data...
[0047N0] KRX API weights are all 0.0 (overseas/synthetic). Falling back.
[0047N0] KRX Data unavailable, returning empty holdings.
Fetched 10-year data for 0127R0: 61 trading days found.
[0127R0] Attempting Option A: KRX API Data...
[261110] KRX API successful. Found 5 holdings.
[244620] KRX API successful. Found 50 holdings.
[250780] KRX API weights are all 0.0 (overseas/synthetic). Falling back.
[250780] KRX Data unavailable, returning empty holdings.
Fetched 10-year data for 253280: 2311 trading days found.
[253280] Attempting Option A: KRX API Data...
Fetched 10-year data for 430500: 913 trading days found.
[430500] Attempting Option A: KRX API Data...
[449680] KRX API weights are all 0.0 (overseas/synthetic). Falling back.
[449680] KRX Data unavailable, returning empty holdings.
Fetched 10-year data for 466810: 572 trading days found.
[466810] Attempting Option A: KRX API Data...
[379790] KRX API weights are all 0.0 (overseas/synthetic). Falling back.
[379790] KRX Data unavailable, returning empty holdings.
[0102X0] KRX API weights are all 0.0 (overseas/synthetic). Falling back.
[0102X0] KRX Data unavailable, returning empty holdings.
Fetched 10-year data for 269530: 2153 trading days found.
[269530] Attempting Option A: KRX API Data...
[451150] KRX API successful. Found 30 holdings.
[0093B0] KRX API weights are all 0.0 (overseas/synthetic). Falling back.
[0093B0] KRX Data unavailable, returning empty holdings.
Fetched 10-year data for 237440: 2453 trading days found.
[237440] Attempting Option A: KRX API Data...
[0127R0] KRX API weights are all 0.0 (overseas/synthetic). Falling back.
[0127R0] KRX Data unavailable, returning empty holdings.
Fetched 10-year data for 0073X0: 160 trading days found.
[0073X0] Attempting Option A: KRX API Data...
Fetched 10-year data for 230480: 2453 trading days found.
[230480] Attempting Option A: KRX API Data...
Fetched 10-year data for 399580: 1064 trading days found.
[399580] Attempting Option A: KRX API Data...
Fetched 10-year data for 480460: 441 trading days found.
[480460] Attempting Option A: KRX API Data...
Fetched 10-year data for 279540: 2051 trading days found.
[279540] Attempting Option A: KRX API Data...
[430500] KRX API weights are all 0.0 (overseas/synthetic). Falling back.
[430500] KRX Data unavailable, returning empty holdings.
[253280] KRX API successful. Found 44 holdings.
[466810] KRX API successful. Found 13 holdings.
Fetched 10-year data for 105010: 2453 trading days found.
[105010] Attempting Option A: KRX API Data...
[0073X0] KRX API weights are all 0.0 (overseas/synthetic). Falling back.
[0073X0] KRX Data unavailable, returning empty holdings.
Fetched 10-year data for 460270: 653 trading days found.
[460270] Attempting Option A: KRX API Data...
[399580] KRX API successful. Found 50 holdings.
[480460] KRX API successful. Found 12 holdings.
Fetched 10-year data for 0002C0: 244 trading days found.
[0002C0] Attempting Option A: KRX API Data...
[269530] KRX API weights are all 0.0 (overseas/synthetic). Falling back.
[269530] KRX Data unavailable, returning empty holdings.
Fetched 10-year data for 181480: 2453 trading days found.
[181480] Attempting Option A: KRX API Data...
[230480] KRX API successful. Found 4 holdings.
[237440] KRX API successful. Found 49 holdings.
Fetched 10-year data for 375270: 1253 trading days found.
[375270] Attempting Option A: KRX API Data...
Fetched 10-year data for 341850: 1414 trading days found.
[341850] Attempting Option A: KRX API Data...
Fetched 10-year data for 0053M0: 145 trading days found.
[0053M0] Attempting Option A: KRX API Data...
Fetched 10-year data for 380340: 1200 trading days found.
[380340] Attempting Option A: KRX API Data...
Fetched 10-year data for 0082F0: 140 trading days found.
[0082F0] Attempting Option A: KRX API Data...
[279540] KRX API successful. Found 50 holdings.
[460270] KRX API successful. Found 4 holdings.
[105010] KRX API weights are all 0.0 (overseas/synthetic). Falling back.
[105010] KRX Data unavailable, returning empty holdings.
[0002C0] KRX API weights are all 0.0 (overseas/synthetic). Falling back.
[0002C0] KRX Data unavailable, returning empty holdings.
[181480] KRX API weights are all 0.0 (overseas/synthetic). Falling back.
[181480] KRX Data unavailable, returning empty holdings.
Fetched 10-year data for 457930: 653 trading days found.
[457930] Attempting Option A: KRX API Data...
Fetched 10-year data for 424460: 942 trading days found.
[424460] Attempting Option A: KRX API Data...
[375270] KRX API weights are all 0.0 (overseas/synthetic). Falling back.
[375270] KRX Data unavailable, returning empty holdings.
Fetched 10-year data for 225800: 2453 trading days found.
[225800] Attempting Option A: KRX API Data...
[341850] KRX API successful. Found 19 holdings.
Fetched 10-year data for 139290: 2453 trading days found.
[139290] Attempting Option A: KRX API Data...
Fetched 10-year data for 166400: 2453 trading days found.
[166400] Attempting Option A: KRX API Data...
[0053M0] KRX API successful. Found 21 holdings.
Fetched 10-year data for 140570: 2453 trading days found.
[140570] Attempting Option A: KRX API Data...
[0082F0] KRX API weights are all 0.0 (overseas/synthetic). Falling back.
[0082F0] KRX Data unavailable, returning empty holdings.
[380340] KRX API successful. Found 16 holdings.
Fetched 10-year data for 487920: 351 trading days found.
[487920] Attempting Option A: KRX API Data...
Fetched 10-year data for 0004G0: 265 trading days found.
[0004G0] Attempting Option A: KRX API Data...
Fetched 10-year data for 494340: 327 trading days found.
[494340] Attempting Option A: KRX API Data...
Fetched 10-year data for 368680: 1297 trading days found.
[368680] Attempting Option A: KRX API Data...
[424460] KRX API weights are all 0.0 (overseas/synthetic). Falling back.
[424460] KRX Data unavailable, returning empty holdings.
[457930] KRX API successful. Found 43 holdings.
[225800] KRX API successful. Found 4 holdings.
Fetched 10-year data for 0154H0: 19 trading days found.
[0154H0] Attempting Option A: KRX API Data...
Fetched 10-year data for 483020: 424 trading days found.
[483020] Attempting Option A: KRX API Data...
Fetched 10-year data for 429740: 918 trading days found.
[429740] Attempting Option A: KRX API Data...
[487920] KRX API weights are all 0.0 (overseas/synthetic). Falling back.
[487920] KRX Data unavailable, returning empty holdings.
[0004G0] KRX API weights are all 0.0 (overseas/synthetic). Falling back.
[0004G0] KRX Data unavailable, returning empty holdings.
[494340] KRX API weights are all 0.0 (overseas/synthetic). Falling back.
[494340] KRX Data unavailable, returning empty holdings.
[139290] KRX API successful. Found 28 holdings.
Fetched 10-year data for 270800: 2116 trading days found.
[270800] Attempting Option A: KRX API Data...
Fetched 10-year data for 488290: 375 trading days found.
[488290] Attempting Option A: KRX API Data...
[140570] KRX API successful. Found 50 holdings.
[368680] KRX API successful. Found 21 holdings.
[0154H0] KRX API weights are all 0.0 (overseas/synthetic). Falling back.
[0154H0] KRX Data unavailable, returning empty holdings.
Fetched 10-year data for 0084D0: 145 trading days found.
[0084D0] Attempting Option A: KRX API Data...
Fetched 10-year data for 450180: 773 trading days found.
[450180] Attempting Option A: KRX API Data...
Fetched 10-year data for 489860: 361 trading days found.
[489860] Attempting Option A: KRX API Data...
Fetched 10-year data for 433250: 889 trading days found.
[433250] Attempting Option A: KRX API Data...
Fetched 10-year data for 497510: 307 trading days found.
[497510] Attempting Option A: KRX API Data...
[483020] KRX API successful. Found 26 holdings.
[429740] KRX API successful. Found 16 holdings.
Fetched 10-year data for 451670: 738 trading days found.
[451670] Attempting Option A: KRX API Data...
Fetched 10-year data for 391600: 1113 trading days found.
[391600] Attempting Option A: KRX API Data...
[488290] KRX API weights are all 0.0 (overseas/synthetic). Falling back.
[488290] KRX Data unavailable, returning empty holdings.
Fetched 10-year data for 497520: 307 trading days found.
[497520] Attempting Option A: KRX API Data...
[450180] KRX API weights are all 0.0 (overseas/synthetic). Falling back.
[450180] KRX Data unavailable, returning empty holdings.
[0084D0] KRX API weights are all 0.0 (overseas/synthetic). Falling back.
[0084D0] KRX Data unavailable, returning empty holdings.
[270800] KRX API successful. Found 50 holdings.
[489860] KRX API successful. Found 50 holdings.
Fetched 10-year data for 390400: 1139 trading days found.
[390400] Attempting Option A: KRX API Data...
[497510] KRX API weights are all 0.0 (overseas/synthetic). Falling back.
[497510] KRX Data unavailable, returning empty holdings.
Fetched 10-year data for 243890: 2401 trading days found.
[243890] Attempting Option A: KRX API Data...
Fetched 10-year data for 0005C0: 270 trading days found.
[0005C0] Attempting Option A: KRX API Data...
[166400] KRX API successful. Found 50 holdings.
Fetched 10-year data for 429010: 923 trading days found.
[429010] Attempting Option A: KRX API Data...
Fetched 10-year data for 381570: 1200 trading days found.
[381570] Attempting Option A: KRX API Data...
[451670] KRX API weights are all 0.0 (overseas/synthetic). Falling back.
[451670] KRX Data unavailable, returning empty holdings.
[433250] KRX API successful. Found 40 holdings.
Fetched 10-year data for 0036Z0: 205 trading days found.
[0036Z0] Attempting Option A: KRX API Data...
Fetched 10-year data for 494210: 332 trading days found.
[494210] Attempting Option A: KRX API Data...
[497520] KRX API successful. Found 17 holdings.
Fetched 10-year data for 438740: 860 trading days found.
[438740] Attempting Option A: KRX API Data...
[391600] KRX API weights are all 0.0 (overseas/synthetic). Falling back.
[391600] KRX Data unavailable, returning empty holdings.
Fetched 10-year data for 0131A0: 61 trading days found.
[0131A0] Attempting Option A: KRX API Data...
Fetched 10-year data for 435550: 893 trading days found.
[435550] Attempting Option A: KRX API Data...
[0005C0] KRX API weights are all 0.0 (overseas/synthetic). Falling back.
[0005C0] KRX Data unavailable, returning empty holdings.
[0005C0] S&P 500 ETF matched. Generating proxy holdings.
[243890] KRX API successful. Found 29 holdings.
[381570] KRX API successful. Found 21 holdings.
Fetched 10-year data for 404540: 1058 trading days found.
[404540] Attempting Option A: KRX API Data...
[0036Z0] KRX API weights are all 0.0 (overseas/synthetic). Falling back.
[0036Z0] KRX Data unavailable, returning empty holdings.
[390400] KRX API weights are all 0.0 (overseas/synthetic). Falling back.
[390400] KRX Data unavailable, returning empty holdings.
[429010] KRX API weights are all 0.0 (overseas/synthetic). Falling back.
[429010] KRX Data unavailable, returning empty holdings.
[429010] NASDAQ ETF matched. Generating proxy holdings.
Fetched 10-year data for 217780: 2453 trading days found.
[217780] Attempting Option A: KRX API Data...
[494210] KRX API weights are all 0.0 (overseas/synthetic). Falling back.
[494210] KRX Data unavailable, returning empty holdings.
Fetched 10-year data for 139240: 2453 trading days found.
[139240] Attempting Option A: KRX API Data...
Fetched 10-year data for 499150: 297 trading days found.
[499150] Attempting Option A: KRX API Data...
Fetched 10-year data for 429980: 905 trading days found.
[429980] Attempting Option A: KRX API Data...
Fetched 10-year data for 462340: 628 trading days found.
[462340] Attempting Option A: KRX API Data...
Fetched 10-year data for 435540: 893 trading days found.
[435540] Attempting Option A: KRX API Data...
[0131A0] KRX API weights are all 0.0 (overseas/synthetic). Falling back.
[0131A0] KRX Data unavailable, returning empty holdings.
[435550] KRX API successful. Found 22 holdings.
Fetched 10-year data for 182490: 2453 trading days found.
[182490] Attempting Option A: KRX API Data...
Fetched 10-year data for 291630: 1949 trading days found.
[291630] Attempting Option A: KRX API Data...
[438740] KRX API successful. Found 50 holdings.
[404540] KRX API successful. Found 30 holdings.
[499150] KRX API weights are all 0.0 (overseas/synthetic). Falling back.
[499150] KRX Data unavailable, returning empty holdings.
[499150] S&P 500 ETF matched. Generating proxy holdings.
[139240] KRX API successful. Found 11 holdings.
Fetched 10-year data for 291890: 1944 trading days found.
[291890] Attempting Option A: KRX API Data...
[217780] KRX API weights are all 0.0 (overseas/synthetic). Falling back.
[217780] KRX Data unavailable, returning empty holdings.
[462340] KRX API successful. Found 31 holdings.
Fetched 10-year data for 227570: 2453 trading days found.
[227570] Attempting Option A: KRX API Data...
[435540] KRX API successful. Found 22 holdings.
Fetched 10-year data for 0132D0: 61 trading days found.
[0132D0] Attempting Option A: KRX API Data...
[429980] KRX API successful. Found 50 holdings.
[182490] KRX API weights are all 0.0 (overseas/synthetic). Falling back.
[182490] KRX Data unavailable, returning empty holdings.
Fetched 10-year data for 244670: 2401 trading days found.
[244670] Attempting Option A: KRX API Data...
Fetched 10-year data for 402460: 1070 trading days found.
[402460] Attempting Option A: KRX API Data...
Fetched 10-year data for 0078V0: 145 trading days found.
[0078V0] Attempting Option A: KRX API Data...
Fetched 10-year data for 413220: 1020 trading days found.
[413220] Attempting Option A: KRX API Data...
[291630] KRX API successful. Found 4 holdings.
Fetched 10-year data for 219900: 2453 trading days found.
[219900] Attempting Option A: KRX API Data...
Fetched 10-year data for 435530: 893 trading days found.
[435530] Attempting Option A: KRX API Data...
Fetched 10-year data for 316300: 1736 trading days found.
[316300] Attempting Option A: KRX API Data...
[291890] KRX API weights are all 0.0 (overseas/synthetic). Falling back.
[291890] KRX Data unavailable, returning empty holdings.
[0132D0] KRX API successful. Found 27 holdings.
Fetched 10-year data for 488480: 366 trading days found.
[488480] Attempting Option A: KRX API Data...
Fetched 10-year data for 488200: 385 trading days found.
[488200] Attempting Option A: KRX API Data...
[227570] KRX API successful. Found 50 holdings.
[0078V0] KRX API weights are all 0.0 (overseas/synthetic). Falling back.
[0078V0] KRX Data unavailable, returning empty holdings.
[402460] KRX API successful. Found 31 holdings.
[244670] KRX API successful. Found 47 holdings.
[413220] KRX API weights are all 0.0 (overseas/synthetic). Falling back.
[413220] KRX Data unavailable, returning empty holdings.
Fetched 10-year data for 315270: 1746 trading days found.
[315270] Attempting Option A: KRX API Data...
[219900] KRX API successful. Found 6 holdings.
Fetched 10-year data for 256450: 2280 trading days found.
[256450] Attempting Option A: KRX API Data...
[435530] KRX API successful. Found 22 holdings.
Fetched 10-year data for 334690: 1576 trading days found.
[334690] Attempting Option A: KRX API Data...
[316300] KRX API weights are all 0.0 (overseas/synthetic). Falling back.
[316300] KRX Data unavailable, returning empty holdings.
Fetched 10-year data for 189400: 2453 trading days found.
[189400] Attempting Option A: KRX API Data...
Fetched 10-year data for 395750: 1117 trading days found.
[395750] Attempting Option A: KRX API Data...
[488480] KRX API weights are all 0.0 (overseas/synthetic). Falling back.
[488480] KRX Data unavailable, returning empty holdings.
Fetched 10-year data for 306530: 1823 trading days found.
[306530] Attempting Option A: KRX API Data...
[488200] KRX API successful. Found 16 holdings.
Fetched 10-year data for 295000: 1911 trading days found.
[295000] Attempting Option A: KRX API Data...
Fetched 10-year data for 307510: 1791 trading days found.
[307510] Attempting Option A: KRX API Data...
Fetched 10-year data for 217770: 2453 trading days found.
[217770] Attempting Option A: KRX API Data...
Fetched 10-year data for 314700: 1760 trading days found.
[314700] Attempting Option A: KRX API Data...
[256450] KRX API weights are all 0.0 (overseas/synthetic). Falling back.
[256450] KRX Data unavailable, returning empty holdings.
[315270] KRX API successful. Found 11 holdings.
[334690] KRX API successful. Found 6 holdings.
Fetched 10-year data for 267440: 2167 trading days found.
[267440] Attempting Option A: KRX API Data...
[189400] KRX API successful. Found 5 holdings.
Fetched 10-year data for 304670: 1827 trading days found.
[304670] Attempting Option A: KRX API Data...
Fetched 10-year data for 437370: 872 trading days found.
[437370] Attempting Option A: KRX API Data...
[306530] KRX API successful. Found 5 holdings.
Fetched 10-year data for 456200: 681 trading days found.
[456200] Attempting Option A: KRX API Data...
[295000] KRX API weights are all 0.0 (overseas/synthetic). Falling back.
[295000] KRX Data unavailable, returning empty holdings.
[217770] KRX API weights are all 0.0 (overseas/synthetic). Falling back.
[217770] KRX Data unavailable, returning empty holdings.
Fetched 10-year data for 407300: 1040 trading days found.
[407300] Attempting Option A: KRX API Data...
Fetched 10-year data for 0015E0: 254 trading days found.
[0015E0] Attempting Option A: KRX API Data...
[314700] KRX API successful. Found 15 holdings.
[307510] KRX API successful. Found 50 holdings.
[267440] KRX API successful. Found 8 holdings.
Fetched 10-year data for 474390: 512 trading days found.
[474390] Attempting Option A: KRX API Data...
[304670] KRX API weights are all 0.0 (overseas/synthetic). Falling back.
[304670] KRX Data unavailable, returning empty holdings.
Fetched 10-year data for 174350: 2453 trading days found.
[174350] Attempting Option A: KRX API Data...
[437370] KRX API weights are all 0.0 (overseas/synthetic). Falling back.
[437370] KRX Data unavailable, returning empty holdings.
Fetched 10-year data for 400590: 1077 trading days found.
[400590] Attempting Option A: KRX API Data...
Fetched 10-year data for 138920: 2453 trading days found.
[138920] Attempting Option A: KRX API Data...
[395750] KRX API successful. Found 50 holdings.
Fetched 10-year data for 261920: 2244 trading days found.
[261920] Attempting Option A: KRX API Data...
Fetched 10-year data for 427120: 923 trading days found.
[427120] Attempting Option A: KRX API Data...
[456200] KRX API successful. Found 4 holdings.
[407300] KRX API successful. Found 16 holdings.
[0015E0] KRX API successful. Found 8 holdings.
Fetched 10-year data for 469530: 557 trading days found.
[469530] Attempting Option A: KRX API Data...
Fetched 10-year data for 483030: 424 trading days found.
[483030] Attempting Option A: KRX API Data...
Fetched 10-year data for 220130: 2453 trading days found.
[220130] Attempting Option A: KRX API Data...
[474390] KRX API weights are all 0.0 (overseas/synthetic). Falling back.
[474390] KRX Data unavailable, returning empty holdings.
Fetched 10-year data for 476000: 484 trading days found.
[476000] Attempting Option A: KRX API Data...
Fetched 10-year data for 289670: 1973 trading days found.
[289670] Attempting Option A: KRX API Data...
[400590] KRX API weights are all 0.0 (overseas/synthetic). Falling back.
[400590] KRX Data unavailable, returning empty holdings.
[138920] KRX API weights are all 0.0 (overseas/synthetic). Falling back.
[138920] KRX Data unavailable, returning empty holdings.
[174350] KRX API successful. Found 41 holdings.
Fetched 10-year data for 0128D0: 66 trading days found.
[0128D0] Attempting Option A: KRX API Data...
[469530] KRX API weights are all 0.0 (overseas/synthetic). Falling back.
[469530] KRX Data unavailable, returning empty holdings.
[427120] KRX API successful. Found 19 holdings.
[261920] KRX API weights are all 0.0 (overseas/synthetic). Falling back.
[261920] KRX Data unavailable, returning empty holdings.
[483030] KRX API weights are all 0.0 (overseas/synthetic). Falling back.
[483030] KRX Data unavailable, returning empty holdings.
Fetched 10-year data for 490330: 356 trading days found.
[490330] Attempting Option A: KRX API Data...
[220130] KRX API weights are all 0.0 (overseas/synthetic). Falling back.
[220130] KRX Data unavailable, returning empty holdings.
[476000] KRX API successful. Found 19 holdings.
Fetched 10-year data for 267490: 2167 trading days found.
[267490] Attempting Option A: KRX API Data...
Fetched 10-year data for 432600: 905 trading days found.
[432600] Attempting Option A: KRX API Data...
[289670] KRX API weights are all 0.0 (overseas/synthetic). Falling back.
[289670] KRX Data unavailable, returning empty holdings.
Fetched 10-year data for 225030: 2453 trading days found.
[225030] Attempting Option A: KRX API Data...
Fetched 10-year data for 0114X0: 86 trading days found.
[0114X0] Attempting Option A: KRX API Data...
[0128D0] KRX API weights are all 0.0 (overseas/synthetic). Falling back.
[0128D0] KRX Data unavailable, returning empty holdings.
Fetched 10-year data for 244660: 2401 trading days found.
[244660] Attempting Option A: KRX API Data...
Fetched 10-year data for 321410: 1651 trading days found.
[321410] Attempting Option A: KRX API Data...
Fetched 10-year data for 476310: 484 trading days found.
[476310] Attempting Option A: KRX API Data...
Fetched 10-year data for 267450: 2167 trading days found.
[267450] Attempting Option A: KRX API Data...
[490330] KRX API weights are all 0.0 (overseas/synthetic). Falling back.
[490330] KRX Data unavailable, returning empty holdings.
Fetched 10-year data for 397420: 1096 trading days found.
[397420] Attempting Option A: KRX API Data...
[432600] KRX API weights are all 0.0 (overseas/synthetic). Falling back.
[432600] KRX Data unavailable, returning empty holdings.
[267490] KRX API successful. Found 9 holdings.
Fetched 10-year data for 498610: 220 trading days found.
[498610] Attempting Option A: KRX API Data...
[0114X0] KRX API weights are all 0.0 (overseas/synthetic). Falling back.
[0114X0] KRX Data unavailable, returning empty holdings.
Fetched 10-year data for 460280: 648 trading days found.
[460280] Attempting Option A: KRX API Data...
[225030] KRX API weights are all 0.0 (overseas/synthetic). Falling back.
[225030] KRX Data unavailable, returning empty holdings.
[225030] S&P 500 ETF matched. Generating proxy holdings.
Fetched 10-year data for 252420: 2312 trading days found.
[252420] Attempting Option A: KRX API Data...
[476310] KRX API weights are all 0.0 (overseas/synthetic). Falling back.
[476310] KRX Data unavailable, returning empty holdings.
[321410] KRX API weights are all 0.0 (overseas/synthetic). Falling back.
[321410] KRX Data unavailable, returning empty holdings.
Fetched 10-year data for 226380: 2453 trading days found.
[226380] Attempting Option A: KRX API Data...
[267450] KRX API successful. Found 8 holdings.
Fetched 10-year data for 227560: 2453 trading days found.
[227560] Attempting Option A: KRX API Data...
[397420] KRX API weights are all 0.0 (overseas/synthetic). Falling back.
[397420] KRX Data unavailable, returning empty holdings.
Fetched 10-year data for 400580: 1077 trading days found.
[400580] Attempting Option A: KRX API Data...
[244660] KRX API successful. Found 48 holdings.
[498610] KRX API weights are all 0.0 (overseas/synthetic). Falling back.
[498610] KRX Data unavailable, returning empty holdings.
Fetched 10-year data for 401590: 1077 trading days found.
[401590] Attempting Option A: KRX API Data...
Fetched 10-year data for 277650: 2078 trading days found.
[277650] Attempting Option A: KRX API Data...
[460280] KRX API successful. Found 42 holdings.
Fetched 10-year data for 205720: 2453 trading days found.
[205720] Attempting Option A: KRX API Data...
Fetched 10-year data for 266550: 2184 trading days found.
[266550] Attempting Option A: KRX API Data...
[252420] KRX API successful. Found 6 holdings.
Fetched 10-year data for 373790: 1265 trading days found.
[373790] Attempting Option A: KRX API Data...
Fetched 10-year data for 225050: 2453 trading days found.
[225050] Attempting Option A: KRX API Data...
[400580] KRX API weights are all 0.0 (overseas/synthetic). Falling back.
[400580] KRX Data unavailable, returning empty holdings.
[401590] KRX API weights are all 0.0 (overseas/synthetic). Falling back.
[401590] KRX Data unavailable, returning empty holdings.
[226380] KRX API successful. Found 50 holdings.
[227560] KRX API successful. Found 28 holdings.
Fetched 10-year data for 394350: 1125 trading days found.
[394350] Attempting Option A: KRX API Data...
Fetched 10-year data for 0015K0: 249 trading days found.
[0015K0] Attempting Option A: KRX API Data...
Fetched 10-year data for 0010E0: 249 trading days found.
[0010E0] Attempting Option A: KRX API Data...
[205720] KRX API weights are all 0.0 (overseas/synthetic). Falling back.
[205720] KRX Data unavailable, returning empty holdings.
[225050] KRX API successful. Found 5 holdings.
Fetched 10-year data for 0050E0: 188 trading days found.
[0050E0] Attempting Option A: KRX API Data...
[373790] KRX API weights are all 0.0 (overseas/synthetic). Falling back.
[373790] KRX Data unavailable, returning empty holdings.
[373790] NASDAQ ETF matched. Generating proxy holdings.
[266550] KRX API successful. Found 50 holdings.
[394350] KRX API weights are all 0.0 (overseas/synthetic). Falling back.
[394350] KRX Data unavailable, returning empty holdings.
Fetched 10-year data for 491630: 327 trading days found.
[491630] Attempting Option A: KRX API Data...
Fetched 10-year data for 145670: 2453 trading days found.
[145670] Attempting Option A: KRX API Data...
[0015K0] KRX API weights are all 0.0 (overseas/synthetic). Falling back.
[0015K0] KRX Data unavailable, returning empty holdings.
Fetched 10-year data for 238670: 2453 trading days found.
[238670] Attempting Option A: KRX API Data...
Fetched 10-year data for 488210: 385 trading days found.
[488210] Attempting Option A: KRX API Data...
[0010E0] KRX API weights are all 0.0 (overseas/synthetic). Falling back.
[0010E0] KRX Data unavailable, returning empty holdings.
Fetched 10-year data for 0079X0: 150 trading days found.
[0079X0] Attempting Option A: KRX API Data...
Fetched 10-year data for 291680: 1944 trading days found.
[291680] Attempting Option A: KRX API Data...
[277650] KRX API successful. Found 50 holdings.
Fetched 10-year data for 454180: 704 trading days found.
[454180] Attempting Option A: KRX API Data...
Fetched 10-year data for 227550: 2453 trading days found.
[227550] Attempting Option A: KRX API Data...
[491630] KRX API weights are all 0.0 (overseas/synthetic). Falling back.
[491630] KRX Data unavailable, returning empty holdings.
[0050E0] KRX API weights are all 0.0 (overseas/synthetic). Falling back.
[0050E0] KRX Data unavailable, returning empty holdings.
Fetched 10-year data for 470310: 549 trading days found.
[470310] Attempting Option A: KRX API Data...
[145670] KRX API successful. Found 5 holdings.
Fetched 10-year data for 252410: 2317 trading days found.
[252410] Attempting Option A: KRX API Data...
Fetched 10-year data for 426330: 937 trading days found.
[426330] Attempting Option A: KRX API Data...
[488210] KRX API successful. Found 16 holdings.
[0079X0] KRX API weights are all 0.0 (overseas/synthetic). Falling back.
[0079X0] KRX Data unavailable, returning empty holdings.
[238670] KRX API successful. Found 50 holdings.
Fetched 10-year data for 280940: 2034 trading days found.
[280940] Attempting Option A: KRX API Data...
Fetched 10-year data for 489010: 370 trading days found.
[489010] Attempting Option A: KRX API Data...
Fetched 10-year data for 441330: 838 trading days found.
[441330] Attempting Option A: KRX API Data...
[291680] KRX API weights are all 0.0 (overseas/synthetic). Falling back.
[291680] KRX Data unavailable, returning empty holdings.
[454180] KRX API weights are all 0.0 (overseas/synthetic). Falling back.
[454180] KRX Data unavailable, returning empty holdings.
Fetched 10-year data for 412560: 1025 trading days found.
[412560] Attempting Option A: KRX API Data...
[227550] KRX API successful. Found 21 holdings.
[470310] KRX API successful. Found 28 holdings.
Fetched 10-year data for 253230: 2312 trading days found.
[253230] Attempting Option A: KRX API Data...
[252410] KRX API successful. Found 4 holdings.
Fetched 10-year data for 253160: 2312 trading days found.
[253160] Attempting Option A: KRX API Data...
[426330] KRX API weights are all 0.0 (overseas/synthetic). Falling back.
[426330] KRX Data unavailable, returning empty holdings.
[280940] KRX API weights are all 0.0 (overseas/synthetic). Falling back.
[280940] KRX Data unavailable, returning empty holdings.
Fetched 10-year data for 291620: 1949 trading days found.
[291620] Attempting Option A: KRX API Data...
Fetched 10-year data for 465620: 594 trading days found.
[465620] Attempting Option A: KRX API Data...
[489010] KRX API weights are all 0.0 (overseas/synthetic). Falling back.
[489010] KRX Data unavailable, returning empty holdings.
Fetched 10-year data for 253240: 2317 trading days found.
[253240] Attempting Option A: KRX API Data...
Fetched 10-year data for 472350: 534 trading days found.
[472350] Attempting Option A: KRX API Data...
[412560] KRX API successful. Found 17 holdings.
Fetched 10-year data for 275750: 2099 trading days found.
[275750] Attempting Option A: KRX API Data...
[441330] KRX API weights are all 0.0 (overseas/synthetic). Falling back.
[441330] KRX Data unavailable, returning empty holdings.
[253230] KRX API successful. Found 4 holdings.
[253160] KRX API successful. Found 5 holdings.
Fetched 10-year data for 334700: 1576 trading days found.
[334700] Attempting Option A: KRX API Data...
Fetched 10-year data for 306520: 1823 trading days found.
[306520] Attempting Option A: KRX API Data...
[291620] KRX API weights are all 0.0 (overseas/synthetic). Falling back.
[291620] KRX Data unavailable, returning empty holdings.
[465620] KRX API weights are all 0.0 (overseas/synthetic). Falling back.
[465620] KRX Data unavailable, returning empty holdings.
Fetched 10-year data for 301410: 1871 trading days found.
[301410] Attempting Option A: KRX API Data...
[253240] KRX API successful. Found 4 holdings.
[472350] KRX API weights are all 0.0 (overseas/synthetic). Falling back.
[472350] KRX Data unavailable, returning empty holdings.
[275750] KRX API weights are all 0.0 (overseas/synthetic). Falling back.
[275750] KRX Data unavailable, returning empty holdings.
[334700] KRX API successful. Found 5 holdings.
[306520] KRX API weights are all 0.0 (overseas/synthetic). Falling back.
[306520] KRX Data unavailable, returning empty holdings.
[301410] KRX API successful. Found 4 holdings.
Harvester closed.
[2026-02-25 21:04:45.743920] ETF DB sync completed.
