0 verbose cli /Users/chanhojung/.nvm/versions/node/v24.13.0/bin/node /Users/chanhojung/.nvm/versions/node/v24.13.0/bin/npm
1 info using npm@11.6.2
2 info using node@v24.13.0
3 silly config load:file:/Users/chanhojung/.nvm/versions/node/v24.13.0/lib/node_modules/npm/npmrc
4 silly config load:file:/Users/chanhojung/ETF_One/dashboard/.npmrc
5 silly config load:file:/Users/chanhojung/.npmrc
6 silly config load:file:/Users/chanhojung/.nvm/versions/node/v24.13.0/etc/npmrc
7 verbose title npm install
8 verbose argv "install"
9 verbose logfile logs-max:10 dir:/Users/chanhojung/ETF_One/.npm-cache/_logs/2026-02-22T10_23_27_223Z-
10 verbose logfile /Users/chanhojung/ETF_One/.npm-cache/_logs/2026-02-22T10_23_27_223Z-debug-0.log
11 silly logfile done cleaning log files
12 silly packumentCache heap:4496293888 maxSize:1124073472 maxEntrySize:562036736
13 silly idealTree buildDeps
14 silly fetch manifest next@16.1.6
15 silly packumentCache full:https://registry.npmjs.org/next cache-miss
16 http fetch GET 200 https://registry.npmjs.org/next 103ms (cache revalidated)
17 silly packumentCache full:https://registry.npmjs.org/next set size:29209751 disposed:false
18 silly fetch manifest @opentelemetry/api@^1.1.0
19 silly packumentCache full:https://registry.npmjs.org/@opentelemetry%2fapi cache-miss
20 http fetch GET 200 https://registry.npmjs.org/@opentelemetry%2fapi 71ms (cache revalidated)
21 silly packumentCache full:https://registry.npmjs.org/@opentelemetry%2fapi set size:455567 disposed:false
22 silly fetch manifest @playwright/test@^1.51.1
23 silly packumentCache full:https://registry.npmjs.org/@playwright%2ftest cache-miss
24 http fetch GET 200 https://registry.npmjs.org/@playwright%2ftest 72ms (cache revalidated)
25 silly packumentCache full:https://registry.npmjs.org/@playwright%2ftest set size:8790673 disposed:false
26 silly fetch manifest babel-plugin-react-compiler@*
27 silly packumentCache full:https://registry.npmjs.org/babel-plugin-react-compiler cache-miss
28 http fetch GET 200 https://registry.npmjs.org/babel-plugin-react-compiler 25ms (cache revalidated)
29 silly packumentCache full:https://registry.npmjs.org/babel-plugin-react-compiler set size:1247589 disposed:false
30 silly fetch manifest react@19.2.3
31 silly packumentCache full:https://registry.npmjs.org/react cache-miss
32 http fetch GET 200 https://registry.npmjs.org/react 32ms (cache revalidated)
33 silly packumentCache full:https://registry.npmjs.org/react set size:6508025 disposed:false
34 silly fetch manifest react-dom@19.2.3
35 silly packumentCache full:https://registry.npmjs.org/react-dom cache-miss
36 http fetch GET 200 https://registry.npmjs.org/react-dom 48ms (cache revalidated)
37 silly packumentCache full:https://registry.npmjs.org/react-dom set size:8624335 disposed:false
38 silly fetch manifest sass@^1.3.0
39 silly packumentCache full:https://registry.npmjs.org/sass cache-miss
40 http fetch GET 200 https://registry.npmjs.org/sass 32ms (cache revalidated)
41 silly packumentCache full:https://registry.npmjs.org/sass set size:722061 disposed:false
42 silly fetch manifest @tailwindcss/postcss@^4
43 silly packumentCache full:https://registry.npmjs.org/@tailwindcss%2fpostcss cache-miss
44 http fetch GET 200 https://registry.npmjs.org/@tailwindcss%2fpostcss 204ms (cache revalidated)
45 silly packumentCache full:https://registry.npmjs.org/@tailwindcss%2fpostcss set size:2002299 disposed:false
46 silly fetch manifest @types/node@^20
47 silly packumentCache full:https://registry.npmjs.org/@types%2fnode cache-miss
48 http fetch GET 200 https://registry.npmjs.org/@types%2fnode 47ms (cache revalidated)
49 silly packumentCache full:https://registry.npmjs.org/@types%2fnode set size:10864169 disposed:false
50 silly fetch manifest @types/react@^19
51 silly packumentCache full:https://registry.npmjs.org/@types%2freact cache-miss
52 http fetch GET 200 https://registry.npmjs.org/@types%2freact 31ms (cache revalidated)
53 silly packumentCache full:https://registry.npmjs.org/@types%2freact set size:2588986 disposed:false
54 silly fetch manifest @types/react-dom@^19
55 silly packumentCache full:https://registry.npmjs.org/@types%2freact-dom cache-miss
56 http fetch GET 200 https://registry.npmjs.org/@types%2freact-dom 43ms (cache revalidated)
57 silly packumentCache full:https://registry.npmjs.org/@types%2freact-dom set size:429026 disposed:false
58 silly fetch manifest eslint@^9
59 silly packumentCache full:https://registry.npmjs.org/eslint cache-miss
60 http fetch GET 200 https://registry.npmjs.org/eslint 28ms (cache revalidated)
61 silly packumentCache full:https://registry.npmjs.org/eslint set size:1942719 disposed:false
62 silly fetch manifest jiti@*
63 silly packumentCache full:https://registry.npmjs.org/jiti cache-miss
64 http fetch GET 200 https://registry.npmjs.org/jiti 23ms (cache revalidated)
65 silly packumentCache full:https://registry.npmjs.org/jiti set size:382310 disposed:false
66 silly fetch manifest eslint-config-next@16.1.6
67 silly packumentCache full:https://registry.npmjs.org/eslint-config-next cache-miss
68 http fetch GET 200 https://registry.npmjs.org/eslint-config-next 28ms (cache revalidated)
69 silly packumentCache full:https://registry.npmjs.org/eslint-config-next set size:6322201 disposed:false
70 silly fetch manifest typescript@^5
71 silly packumentCache full:https://registry.npmjs.org/typescript cache-miss
72 http fetch GET 200 https://registry.npmjs.org/typescript 44ms (cache revalidated)
73 silly packumentCache full:https://registry.npmjs.org/typescript set size:15276399 disposed:false
74 silly fetch manifest tailwindcss@^4
75 silly packumentCache full:https://registry.npmjs.org/tailwindcss cache-miss
76 http fetch GET 200 https://registry.npmjs.org/tailwindcss 46ms (cache revalidated)
77 silly packumentCache full:https://registry.npmjs.org/tailwindcss set size:10206660 disposed:false
78 silly placeDep ROOT @tailwindcss/postcss@4.2.0 OK for: dashboard@0.1.0 want: ^4
79 silly placeDep ROOT @types/node@20.19.33 OK for: dashboard@0.1.0 want: ^20
80 silly placeDep ROOT @types/react@19.2.14 OK for: dashboard@0.1.0 want: ^19
81 silly placeDep ROOT @types/react-dom@19.2.3 OK for: dashboard@0.1.0 want: ^19
82 silly placeDep ROOT eslint@9.39.3 OK for: dashboard@0.1.0 want: ^9
83 silly placeDep ROOT eslint-config-next@16.1.6 OK for: dashboard@0.1.0 want: 16.1.6
84 silly placeDep ROOT next@16.1.6 OK for: dashboard@0.1.0 want: 16.1.6
85 silly placeDep ROOT react@19.2.3 OK for: next@16.1.6 want: ^18.2.0 || 19.0.0-rc-de68d2f4-20241204 || ^19.0.0
86 silly placeDep ROOT react-dom@19.2.3 OK for: next@16.1.6 want: ^18.2.0 || 19.0.0-rc-de68d2f4-20241204 || ^19.0.0
87 silly placeDep ROOT tailwindcss@4.2.0 OK for: dashboard@0.1.0 want: ^4
88 silly placeDep ROOT typescript@5.9.3 OK for: dashboard@0.1.0 want: ^5
89 silly fetch manifest postcss@^8.5.6
90 silly packumentCache full:https://registry.npmjs.org/postcss cache-miss
91 silly fetch manifest tailwindcss@4.2.0
92 silly packumentCache full:https://registry.npmjs.org/tailwindcss cache-miss
93 silly fetch manifest @alloc/quick-lru@^5.2.0
94 silly packumentCache full:https://registry.npmjs.org/@alloc%2fquick-lru cache-miss
95 silly fetch manifest @tailwindcss/node@4.2.0
96 silly packumentCache full:https://registry.npmjs.org/@tailwindcss%2fnode cache-miss
97 silly fetch manifest @tailwindcss/oxide@4.2.0
98 silly packumentCache full:https://registry.npmjs.org/@tailwindcss%2foxide cache-miss
99 silly fetch manifest undici-types@~6.21.0
100 silly packumentCache full:https://registry.npmjs.org/undici-types cache-miss
101 silly fetch manifest csstype@^3.2.2
102 silly packumentCache full:https://registry.npmjs.org/csstype cache-miss
103 http cache https://registry.npmjs.org/tailwindcss 17ms (cache hit)
104 silly packumentCache full:https://registry.npmjs.org/tailwindcss set size:10206660 disposed:false
105 silly fetch manifest ajv@^6.12.4
106 silly packumentCache full:https://registry.npmjs.org/ajv cache-miss
107 http fetch GET 200 https://registry.npmjs.org/undici-types 43ms (cache revalidated)
108 silly packumentCache full:https://registry.npmjs.org/undici-types set size:171546 disposed:false
109 silly fetch manifest chalk@^4.0.0
110 silly packumentCache full:https://registry.npmjs.org/chalk cache-miss
111 http fetch GET 200 https://registry.npmjs.org/ajv 31ms (cache revalidated)
112 silly packumentCache full:https://registry.npmjs.org/ajv set size:1120197 disposed:false
113 silly fetch manifest debug@^4.3.2
114 silly packumentCache full:https://registry.npmjs.org/debug cache-miss
115 http fetch GET 200 https://registry.npmjs.org/postcss 84ms (cache revalidated)
116 silly packumentCache full:https://registry.npmjs.org/postcss set size:696248 disposed:false
117 silly fetch manifest espree@^10.4.0
118 silly packumentCache full:https://registry.npmjs.org/espree cache-miss
119 http fetch GET 200 https://registry.npmjs.org/csstype 94ms (cache revalidated)
120 silly packumentCache full:https://registry.npmjs.org/csstype set size:274189 disposed:false
121 silly fetch manifest ignore@^5.2.0
122 silly packumentCache full:https://registry.npmjs.org/ignore cache-miss
123 http fetch GET 200 https://registry.npmjs.org/@alloc%2fquick-lru 95ms (cache revalidated)
124 silly packumentCache full:https://registry.npmjs.org/@alloc%2fquick-lru set size:7269 disposed:false
125 silly fetch manifest esquery@^1.5.0
126 silly packumentCache full:https://registry.npmjs.org/esquery cache-miss
127 http fetch GET 200 https://registry.npmjs.org/debug 23ms (cache revalidated)
128 silly packumentCache full:https://registry.npmjs.org/debug set size:195840 disposed:false
129 silly fetch manifest esutils@^2.0.2
130 silly packumentCache full:https://registry.npmjs.org/esutils cache-miss
131 http fetch GET 200 https://registry.npmjs.org/@tailwindcss%2foxide 103ms (cache revalidated)
132 silly packumentCache full:https://registry.npmjs.org/@tailwindcss%2foxide set size:4067167 disposed:false
133 silly fetch manifest find-up@^5.0.0
134 silly packumentCache full:https://registry.npmjs.org/find-up cache-miss
135 http fetch GET 200 https://registry.npmjs.org/@tailwindcss%2fnode 120ms (cache revalidated)
136 silly packumentCache full:https://registry.npmjs.org/@tailwindcss%2fnode set size:1872634 disposed:false
137 silly fetch manifest is-glob@^4.0.0
138 silly packumentCache full:https://registry.npmjs.org/is-glob cache-miss
139 http fetch GET 200 https://registry.npmjs.org/espree 41ms (cache revalidated)
140 silly packumentCache full:https://registry.npmjs.org/espree set size:323320 disposed:false
141 silly fetch manifest minimatch@^3.1.2
142 silly packumentCache full:https://registry.npmjs.org/minimatch cache-miss
143 http fetch GET 200 https://registry.npmjs.org/ignore 34ms (cache revalidated)
144 silly packumentCache full:https://registry.npmjs.org/ignore set size:237380 disposed:false
145 silly fetch manifest @eslint/js@9.39.3
146 silly packumentCache full:https://registry.npmjs.org/@eslint%2fjs cache-miss
147 http fetch GET 200 https://registry.npmjs.org/esquery 34ms (cache revalidated)
148 silly packumentCache full:https://registry.npmjs.org/esquery set size:48888 disposed:false
149 silly fetch manifest optionator@^0.9.3
150 silly packumentCache full:https://registry.npmjs.org/optionator cache-miss
151 http fetch GET 200 https://registry.npmjs.org/esutils 40ms (cache revalidated)
152 silly packumentCache full:https://registry.npmjs.org/esutils set size:29522 disposed:false
153 silly fetch manifest cross-spawn@^7.0.6
154 silly packumentCache full:https://registry.npmjs.org/cross-spawn cache-miss
155 http fetch GET 200 https://registry.npmjs.org/chalk 101ms (cache revalidated)
156 silly packumentCache full:https://registry.npmjs.org/chalk set size:117861 disposed:false
157 silly fetch manifest glob-parent@^6.0.2
158 silly packumentCache full:https://registry.npmjs.org/glob-parent cache-miss
159 http fetch GET 200 https://registry.npmjs.org/is-glob 30ms (cache revalidated)
160 silly packumentCache full:https://registry.npmjs.org/is-glob set size:40530 disposed:false
161 silly fetch manifest imurmurhash@^0.1.4
162 silly packumentCache full:https://registry.npmjs.org/imurmurhash cache-miss
163 http fetch GET 200 https://registry.npmjs.org/optionator 26ms (cache revalidated)
164 silly packumentCache full:https://registry.npmjs.org/optionator set size:49651 disposed:false
165 silly fetch manifest @eslint/core@^0.17.0
166 silly packumentCache full:https://registry.npmjs.org/@eslint%2fcore cache-miss
167 http fetch GET 200 https://registry.npmjs.org/find-up 44ms (cache revalidated)
168 silly packumentCache full:https://registry.npmjs.org/find-up set size:42620 disposed:false
169 silly fetch manifest eslint-scope@^8.4.0
170 silly packumentCache full:https://registry.npmjs.org/eslint-scope cache-miss
171 http fetch GET 200 https://registry.npmjs.org/cross-spawn 21ms (cache revalidated)
172 silly packumentCache full:https://registry.npmjs.org/cross-spawn set size:109066 disposed:false
173 silly fetch manifest lodash.merge@^4.6.2
174 silly packumentCache full:https://registry.npmjs.org/lodash.merge cache-miss
175 http fetch GET 200 https://registry.npmjs.org/minimatch 37ms (cache revalidated)
176 silly packumentCache full:https://registry.npmjs.org/minimatch set size:313826 disposed:false
177 silly fetch manifest @humanfs/node@^0.16.6
178 silly packumentCache full:https://registry.npmjs.org/@humanfs%2fnode cache-miss
179 http fetch GET 200 https://registry.npmjs.org/glob-parent 23ms (cache revalidated)
180 silly packumentCache full:https://registry.npmjs.org/glob-parent set size:42445 disposed:false
181 silly fetch manifest @types/estree@^1.0.6
182 silly packumentCache full:https://registry.npmjs.org/@types%2festree cache-miss
183 http fetch GET 200 https://registry.npmjs.org/@eslint%2fjs 44ms (cache revalidated)
184 silly packumentCache full:https://registry.npmjs.org/@eslint%2fjs set size:138411 disposed:false
185 silly fetch manifest fast-deep-equal@^3.1.3
186 silly packumentCache full:https://registry.npmjs.org/fast-deep-equal cache-miss
187 http fetch GET 200 https://registry.npmjs.org/imurmurhash 25ms (cache revalidated)
188 silly packumentCache full:https://registry.npmjs.org/imurmurhash set size:35819 disposed:false
189 silly fetch manifest natural-compare@^1.4.0
190 silly packumentCache full:https://registry.npmjs.org/natural-compare cache-miss
191 http fetch GET 200 https://registry.npmjs.org/eslint-scope 28ms (cache revalidated)
192 silly packumentCache full:https://registry.npmjs.org/eslint-scope set size:96445 disposed:false
193 silly fetch manifest @eslint/eslintrc@^3.3.1
194 silly packumentCache full:https://registry.npmjs.org/@eslint%2feslintrc cache-miss
195 http fetch GET 200 https://registry.npmjs.org/lodash.merge 24ms (cache revalidated)
196 silly packumentCache full:https://registry.npmjs.org/lodash.merge set size:78575 disposed:false
197 silly fetch manifest file-entry-cache@^8.0.0
198 silly packumentCache full:https://registry.npmjs.org/file-entry-cache cache-miss
199 http fetch GET 200 https://registry.npmjs.org/@types%2festree 31ms (cache revalidated)
200 silly packumentCache full:https://registry.npmjs.org/@types%2festree set size:74091 disposed:false
201 silly fetch manifest @eslint/plugin-kit@^0.4.1
202 silly packumentCache full:https://registry.npmjs.org/@eslint%2fplugin-kit cache-miss
203 http fetch GET 200 https://registry.npmjs.org/@humanfs%2fnode 39ms (cache revalidated)
204 silly packumentCache full:https://registry.npmjs.org/@humanfs%2fnode set size:37704 disposed:false
205 silly fetch manifest eslint-visitor-keys@^4.2.1
206 silly packumentCache full:https://registry.npmjs.org/eslint-visitor-keys cache-miss
207 http fetch GET 200 https://registry.npmjs.org/fast-deep-equal 32ms (cache revalidated)
208 silly packumentCache full:https://registry.npmjs.org/fast-deep-equal set size:48634 disposed:false
209 silly fetch manifest @eslint/config-array@^0.21.1
210 silly packumentCache full:https://registry.npmjs.org/@eslint%2fconfig-array cache-miss
211 http fetch GET 200 https://registry.npmjs.org/natural-compare 28ms (cache revalidated)
212 silly packumentCache full:https://registry.npmjs.org/natural-compare set size:7852 disposed:false
213 silly fetch manifest @humanwhocodes/retry@^0.4.2
214 silly packumentCache full:https://registry.npmjs.org/@humanwhocodes%2fretry cache-miss
215 http fetch GET 200 https://registry.npmjs.org/file-entry-cache 29ms (cache revalidated)
216 silly packumentCache full:https://registry.npmjs.org/file-entry-cache set size:151480 disposed:false
217 silly fetch manifest escape-string-regexp@^4.0.0
218 silly packumentCache full:https://registry.npmjs.org/escape-string-regexp cache-miss
219 http fetch GET 200 https://registry.npmjs.org/@eslint%2fcore 61ms (cache revalidated)
220 silly packumentCache full:https://registry.npmjs.org/@eslint%2fcore set size:51452 disposed:false
221 silly fetch manifest @eslint/config-helpers@^0.4.2
222 silly packumentCache full:https://registry.npmjs.org/@eslint%2fconfig-helpers cache-miss
223 http fetch GET 200 https://registry.npmjs.org/@eslint%2feslintrc 34ms (cache revalidated)
224 silly packumentCache full:https://registry.npmjs.org/@eslint%2feslintrc set size:163118 disposed:false
225 silly fetch manifest @eslint-community/regexpp@^4.12.1
226 silly packumentCache full:https://registry.npmjs.org/@eslint-community%2fregexpp cache-miss
227 http fetch GET 200 https://registry.npmjs.org/@eslint%2fplugin-kit 38ms (cache revalidated)
228 silly packumentCache full:https://registry.npmjs.org/@eslint%2fplugin-kit set size:65206 disposed:false
229 silly fetch manifest @eslint-community/eslint-utils@^4.8.0
230 silly packumentCache full:https://registry.npmjs.org/@eslint-community%2feslint-utils cache-miss
231 http fetch GET 200 https://registry.npmjs.org/@eslint%2fconfig-array 37ms (cache revalidated)
232 silly packumentCache full:https://registry.npmjs.org/@eslint%2fconfig-array set size:62322 disposed:false
233 silly fetch manifest @humanwhocodes/module-importer@^1.0.1
234 silly packumentCache full:https://registry.npmjs.org/@humanwhocodes%2fmodule-importer cache-miss
235 http fetch GET 200 https://registry.npmjs.org/escape-string-regexp 27ms (cache revalidated)
236 silly packumentCache full:https://registry.npmjs.org/escape-string-regexp set size:22244 disposed:false
237 silly fetch manifest json-stable-stringify-without-jsonify@^1.0.1
238 silly packumentCache full:https://registry.npmjs.org/json-stable-stringify-without-jsonify cache-miss
239 http fetch GET 200 https://registry.npmjs.org/@humanwhocodes%2fretry 44ms (cache revalidated)
240 silly packumentCache full:https://registry.npmjs.org/@humanwhocodes%2fretry set size:42348 disposed:false
241 silly fetch manifest globals@16.4.0
242 silly packumentCache full:https://registry.npmjs.org/globals cache-miss
243 http fetch GET 200 https://registry.npmjs.org/@eslint%2fconfig-helpers 36ms (cache revalidated)
244 silly packumentCache full:https://registry.npmjs.org/@eslint%2fconfig-helpers set size:39934 disposed:false
245 silly fetch manifest typescript-eslint@^8.46.0
246 silly packumentCache full:https://registry.npmjs.org/typescript-eslint cache-miss
247 http fetch GET 200 https://registry.npmjs.org/eslint-visitor-keys 52ms (cache revalidated)
248 silly packumentCache full:https://registry.npmjs.org/eslint-visitor-keys set size:69949 disposed:false
249 silly fetch manifest eslint-plugin-react@^7.37.0
250 silly packumentCache full:https://registry.npmjs.org/eslint-plugin-react cache-miss
251 http fetch GET 200 https://registry.npmjs.org/@eslint-community%2fregexpp 47ms (cache revalidated)
252 silly packumentCache full:https://registry.npmjs.org/@eslint-community%2fregexpp set size:106609 disposed:false
253 silly fetch manifest eslint-plugin-import@^2.32.0
254 silly packumentCache full:https://registry.npmjs.org/eslint-plugin-import cache-miss
255 http fetch GET 200 https://registry.npmjs.org/json-stable-stringify-without-jsonify 28ms (cache revalidated)
256 silly packumentCache full:https://registry.npmjs.org/json-stable-stringify-without-jsonify set size:5808 disposed:false
257 silly fetch manifest eslint-plugin-jsx-a11y@^6.10.0
258 silly packumentCache full:https://registry.npmjs.org/eslint-plugin-jsx-a11y cache-miss
259 http fetch GET 200 https://registry.npmjs.org/typescript-eslint 26ms (cache revalidated)
260 silly packumentCache full:https://registry.npmjs.org/typescript-eslint set size:3593900 disposed:false
261 silly fetch manifest @next/eslint-plugin-next@16.1.6
262 silly packumentCache full:https://registry.npmjs.org/@next%2feslint-plugin-next cache-miss
263 http fetch GET 200 https://registry.npmjs.org/globals 38ms (cache revalidated)
264 silly packumentCache full:https://registry.npmjs.org/globals set size:304921 disposed:false
265 silly fetch manifest eslint-plugin-react-hooks@^7.0.0
266 silly packumentCache full:https://registry.npmjs.org/eslint-plugin-react-hooks cache-miss
267 http fetch GET 200 https://registry.npmjs.org/@humanwhocodes%2fmodule-importer 51ms (cache revalidated)
268 silly packumentCache full:https://registry.npmjs.org/@humanwhocodes%2fmodule-importer set size:9516 disposed:false
269 silly fetch manifest eslint-import-resolver-node@^0.3.6
270 silly packumentCache full:https://registry.npmjs.org/eslint-import-resolver-node cache-miss
271 http fetch GET 200 https://registry.npmjs.org/@eslint-community%2feslint-utils 56ms (cache revalidated)
272 silly packumentCache full:https://registry.npmjs.org/@eslint-community%2feslint-utils set size:93301 disposed:false
273 silly fetch manifest eslint-import-resolver-typescript@^3.5.2
274 silly packumentCache full:https://registry.npmjs.org/eslint-import-resolver-typescript cache-miss
275 http fetch GET 200 https://registry.npmjs.org/eslint-plugin-import 28ms (cache revalidated)
276 silly packumentCache full:https://registry.npmjs.org/eslint-plugin-import set size:484928 disposed:false
277 silly fetch manifest postcss@8.4.31
278 silly packumentCache full:https://registry.npmjs.org/postcss cache-hit
279 silly fetch manifest @next/env@16.1.6
280 silly packumentCache full:https://registry.npmjs.org/@next%2fenv cache-miss
281 http fetch GET 200 https://registry.npmjs.org/eslint-plugin-react 40ms (cache revalidated)
282 silly packumentCache full:https://registry.npmjs.org/eslint-plugin-react set size:646827 disposed:false
283 silly fetch manifest styled-jsx@5.1.6
284 silly packumentCache full:https://registry.npmjs.org/styled-jsx cache-miss
285 http fetch GET 200 https://registry.npmjs.org/eslint-plugin-jsx-a11y 35ms (cache revalidated)
286 silly packumentCache full:https://registry.npmjs.org/eslint-plugin-jsx-a11y set size:280052 disposed:false
287 silly fetch manifest @swc/helpers@0.5.15
288 silly packumentCache full:https://registry.npmjs.org/@swc%2fhelpers cache-miss
289 http fetch GET 200 https://registry.npmjs.org/eslint-import-resolver-node 40ms (cache revalidated)
290 silly packumentCache full:https://registry.npmjs.org/eslint-import-resolver-node set size:35202 disposed:false
291 silly fetch manifest caniuse-lite@^1.0.30001579
292 silly packumentCache full:https://registry.npmjs.org/caniuse-lite cache-miss
293 http fetch GET 200 https://registry.npmjs.org/styled-jsx 38ms (cache revalidated)
294 silly packumentCache full:https://registry.npmjs.org/styled-jsx set size:436113 disposed:false
295 silly fetch manifest baseline-browser-mapping@^2.8.3
296 silly packumentCache full:https://registry.npmjs.org/baseline-browser-mapping cache-miss
297 http fetch GET 200 https://registry.npmjs.org/eslint-import-resolver-typescript 48ms (cache revalidated)
298 silly packumentCache full:https://registry.npmjs.org/eslint-import-resolver-typescript set size:334387 disposed:false
299 silly fetch manifest sharp@^0.34.4
300 silly packumentCache full:https://registry.npmjs.org/sharp cache-miss
301 http fetch GET 200 https://registry.npmjs.org/@next%2fenv 54ms (cache revalidated)
302 silly packumentCache full:https://registry.npmjs.org/@next%2fenv set size:6945220 disposed:false
303 silly fetch manifest @next/swc-darwin-x64@16.1.6
304 silly packumentCache full:https://registry.npmjs.org/@next%2fswc-darwin-x64 cache-miss
305 http fetch GET 200 https://registry.npmjs.org/@next%2feslint-plugin-next 83ms (cache revalidated)
306 silly packumentCache full:https://registry.npmjs.org/@next%2feslint-plugin-next set size:6486281 disposed:false
307 silly fetch manifest @next/swc-darwin-arm64@16.1.6
308 silly packumentCache full:https://registry.npmjs.org/@next%2fswc-darwin-arm64 cache-miss
309 http fetch GET 200 https://registry.npmjs.org/@swc%2fhelpers 82ms (cache revalidated)
310 silly packumentCache full:https://registry.npmjs.org/@swc%2fhelpers set size:655395 disposed:false
311 silly fetch manifest @next/swc-linux-x64-gnu@16.1.6
312 silly packumentCache full:https://registry.npmjs.org/@next%2fswc-linux-x64-gnu cache-miss
313 http fetch GET 200 https://registry.npmjs.org/caniuse-lite 64ms (cache revalidated)
314 silly packumentCache full:https://registry.npmjs.org/caniuse-lite set size:2256678 disposed:false
315 silly fetch manifest @next/swc-linux-x64-musl@16.1.6
316 silly packumentCache full:https://registry.npmjs.org/@next%2fswc-linux-x64-musl cache-miss
317 http fetch GET 200 https://registry.npmjs.org/baseline-browser-mapping 64ms (cache revalidated)
318 silly packumentCache full:https://registry.npmjs.org/baseline-browser-mapping set size:393828 disposed:false
319 silly fetch manifest @next/swc-win32-x64-msvc@16.1.6
320 silly packumentCache full:https://registry.npmjs.org/@next%2fswc-win32-x64-msvc cache-miss
321 http fetch GET 200 https://registry.npmjs.org/eslint-plugin-react-hooks 120ms (cache revalidated)
322 silly packumentCache full:https://registry.npmjs.org/eslint-plugin-react-hooks set size:7169509 disposed:false
323 silly fetch manifest @next/swc-linux-arm64-gnu@16.1.6
324 silly packumentCache full:https://registry.npmjs.org/@next%2fswc-linux-arm64-gnu cache-miss
325 http fetch GET 200 https://registry.npmjs.org/sharp 91ms (cache revalidated)
326 silly packumentCache full:https://registry.npmjs.org/sharp set size:1034463 disposed:false
327 silly fetch manifest @next/swc-linux-arm64-musl@16.1.6
328 silly packumentCache full:https://registry.npmjs.org/@next%2fswc-linux-arm64-musl cache-miss
329 http fetch GET 200 https://registry.npmjs.org/@next%2fswc-linux-x64-musl 68ms (cache revalidated)
330 silly packumentCache full:https://registry.npmjs.org/@next%2fswc-linux-x64-musl set size:4802875 disposed:false
331 silly fetch manifest @next/swc-win32-arm64-msvc@16.1.6
332 silly packumentCache full:https://registry.npmjs.org/@next%2fswc-win32-arm64-msvc cache-miss
333 http fetch GET 200 https://registry.npmjs.org/@next%2fswc-darwin-x64 125ms (cache revalidated)
334 silly packumentCache full:https://registry.npmjs.org/@next%2fswc-darwin-x64 set size:4946228 disposed:false
335 silly fetch manifest scheduler@^0.27.0
336 silly packumentCache full:https://registry.npmjs.org/scheduler cache-miss
337 http fetch GET 200 https://registry.npmjs.org/@next%2fswc-linux-arm64-musl 76ms (cache revalidated)
338 silly packumentCache full:https://registry.npmjs.org/@next%2fswc-linux-arm64-musl set size:4865327 disposed:false
339 http fetch GET 200 https://registry.npmjs.org/@next%2fswc-linux-x64-gnu 135ms (cache revalidated)
340 silly packumentCache full:https://registry.npmjs.org/@next%2fswc-linux-x64-gnu set size:5046436 disposed:false
341 http fetch GET 200 https://registry.npmjs.org/@next%2fswc-linux-arm64-gnu 116ms (cache revalidated)
342 silly packumentCache full:https://registry.npmjs.org/@next%2fswc-linux-arm64-gnu set size:4848483 disposed:false
343 http fetch GET 200 https://registry.npmjs.org/@next%2fswc-win32-x64-msvc 158ms (cache revalidated)
344 silly packumentCache full:https://registry.npmjs.org/@next%2fswc-win32-x64-msvc set size:5019775 disposed:false
345 http fetch GET 200 https://registry.npmjs.org/@next%2fswc-darwin-arm64 198ms (cache revalidated)
346 silly packumentCache full:https://registry.npmjs.org/@next%2fswc-darwin-arm64 set size:5000588 disposed:false
347 http fetch GET 200 https://registry.npmjs.org/@next%2fswc-win32-arm64-msvc 118ms (cache revalidated)
348 silly packumentCache full:https://registry.npmjs.org/@next%2fswc-win32-arm64-msvc set size:4831554 disposed:false
349 http fetch GET 200 https://registry.npmjs.org/scheduler 141ms (cache revalidated)
350 silly packumentCache full:https://registry.npmjs.org/scheduler set size:5403080 disposed:false
351 silly placeDep ROOT @alloc/quick-lru@5.2.0 OK for: @tailwindcss/postcss@4.2.0 want: ^5.2.0
352 silly placeDep ROOT @tailwindcss/node@4.2.0 OK for: @tailwindcss/postcss@4.2.0 want: 4.2.0
353 silly placeDep ROOT @tailwindcss/oxide@4.2.0 OK for: @tailwindcss/postcss@4.2.0 want: 4.2.0
354 silly placeDep ROOT postcss@8.5.6 OK for: @tailwindcss/postcss@4.2.0 want: ^8.5.6
355 silly fetch manifest jiti@^2.6.1
356 silly packumentCache full:https://registry.npmjs.org/jiti cache-hit
357 silly fetch manifest lightningcss@1.31.1
358 silly packumentCache full:https://registry.npmjs.org/lightningcss cache-miss
359 silly fetch manifest magic-string@^0.30.21
360 silly packumentCache full:https://registry.npmjs.org/magic-string cache-miss
361 silly fetch manifest source-map-js@^1.2.1
362 silly packumentCache full:https://registry.npmjs.org/source-map-js cache-miss
363 silly fetch manifest enhanced-resolve@^5.19.0
364 silly packumentCache full:https://registry.npmjs.org/enhanced-resolve cache-miss
365 silly fetch manifest @jridgewell/remapping@^2.3.5
366 silly packumentCache full:https://registry.npmjs.org/@jridgewell%2fremapping cache-miss
367 silly fetch manifest @tailwindcss/oxide-darwin-x64@4.2.0
368 silly packumentCache full:https://registry.npmjs.org/@tailwindcss%2foxide-darwin-x64 cache-miss
369 silly fetch manifest @tailwindcss/oxide-freebsd-x64@4.2.0
370 silly packumentCache full:https://registry.npmjs.org/@tailwindcss%2foxide-freebsd-x64 cache-miss
371 http fetch GET 200 https://registry.npmjs.org/source-map-js 25ms (cache revalidated)
372 silly packumentCache full:https://registry.npmjs.org/source-map-js set size:62640 disposed:false
373 silly fetch manifest @tailwindcss/oxide-wasm32-wasi@4.2.0
374 silly packumentCache full:https://registry.npmjs.org/@tailwindcss%2foxide-wasm32-wasi cache-miss
375 http fetch GET 200 https://registry.npmjs.org/lightningcss 28ms (cache revalidated)
376 silly packumentCache full:https://registry.npmjs.org/lightningcss set size:182441 disposed:false
377 silly fetch manifest @tailwindcss/oxide-darwin-arm64@4.2.0
378 silly packumentCache full:https://registry.npmjs.org/@tailwindcss%2foxide-darwin-arm64 cache-miss
379 http fetch GET 200 https://registry.npmjs.org/enhanced-resolve 36ms (cache revalidated)
380 silly packumentCache full:https://registry.npmjs.org/enhanced-resolve set size:349613 disposed:false
381 silly fetch manifest @tailwindcss/oxide-android-arm64@4.2.0
382 silly packumentCache full:https://registry.npmjs.org/@tailwindcss%2foxide-android-arm64 cache-miss
383 http fetch GET 200 https://registry.npmjs.org/magic-string 40ms (cache revalidated)
384 silly packumentCache full:https://registry.npmjs.org/magic-string set size:331817 disposed:false
385 silly fetch manifest @tailwindcss/oxide-linux-x64-gnu@4.2.0
386 silly packumentCache full:https://registry.npmjs.org/@tailwindcss%2foxide-linux-x64-gnu cache-miss
387 http fetch GET 200 https://registry.npmjs.org/@tailwindcss%2foxide-freebsd-x64 46ms (cache revalidated)
388 silly packumentCache full:https://registry.npmjs.org/@tailwindcss%2foxide-freebsd-x64 set size:2575035 disposed:false
389 silly fetch manifest @tailwindcss/oxide-linux-x64-musl@4.2.0
390 silly packumentCache full:https://registry.npmjs.org/@tailwindcss%2foxide-linux-x64-musl cache-miss
391 http fetch GET 200 https://registry.npmjs.org/@jridgewell%2fremapping 55ms (cache revalidated)
392 silly packumentCache full:https://registry.npmjs.org/@jridgewell%2fremapping set size:23809 disposed:false
393 silly fetch manifest @tailwindcss/oxide-win32-x64-msvc@4.2.0
394 silly packumentCache full:https://registry.npmjs.org/@tailwindcss%2foxide-win32-x64-msvc cache-miss
395 http fetch GET 200 https://registry.npmjs.org/@tailwindcss%2foxide-darwin-x64 58ms (cache revalidated)
396 silly packumentCache full:https://registry.npmjs.org/@tailwindcss%2foxide-darwin-x64 set size:2562229 disposed:false
397 silly fetch manifest @tailwindcss/oxide-linux-arm64-gnu@4.2.0
398 silly packumentCache full:https://registry.npmjs.org/@tailwindcss%2foxide-linux-arm64-gnu cache-miss
399 http fetch GET 200 https://registry.npmjs.org/@tailwindcss%2foxide-darwin-arm64 43ms (cache revalidated)
400 silly packumentCache full:https://registry.npmjs.org/@tailwindcss%2foxide-darwin-arm64 set size:2594459 disposed:false
401 silly fetch manifest @tailwindcss/oxide-linux-arm64-musl@4.2.0
402 silly packumentCache full:https://registry.npmjs.org/@tailwindcss%2foxide-linux-arm64-musl cache-miss
403 http fetch GET 200 https://registry.npmjs.org/@tailwindcss%2foxide-wasm32-wasi 55ms (cache revalidated)
404 silly packumentCache full:https://registry.npmjs.org/@tailwindcss%2foxide-wasm32-wasi set size:1117227 disposed:false
405 silly fetch manifest @tailwindcss/oxide-win32-arm64-msvc@4.2.0
406 silly packumentCache full:https://registry.npmjs.org/@tailwindcss%2foxide-win32-arm64-msvc cache-miss
407 http fetch GET 200 https://registry.npmjs.org/@tailwindcss%2foxide-android-arm64 50ms (cache revalidated)
408 silly packumentCache full:https://registry.npmjs.org/@tailwindcss%2foxide-android-arm64 set size:1733467 disposed:false
409 silly fetch manifest @tailwindcss/oxide-linux-arm-gnueabihf@4.2.0
410 silly packumentCache full:https://registry.npmjs.org/@tailwindcss%2foxide-linux-arm-gnueabihf cache-miss
411 http fetch GET 200 https://registry.npmjs.org/@tailwindcss%2foxide-linux-x64-gnu 53ms (cache revalidated)
412 silly packumentCache full:https://registry.npmjs.org/@tailwindcss%2foxide-linux-x64-gnu set size:2614825 disposed:false
413 silly fetch manifest nanoid@^3.3.11
414 silly packumentCache full:https://registry.npmjs.org/nanoid cache-miss
415 http fetch GET 200 https://registry.npmjs.org/@tailwindcss%2foxide-win32-x64-msvc 50ms (cache revalidated)
416 silly packumentCache full:https://registry.npmjs.org/@tailwindcss%2foxide-win32-x64-msvc set size:2597937 disposed:false
417 silly fetch manifest picocolors@^1.1.1
418 silly packumentCache full:https://registry.npmjs.org/picocolors cache-miss
419 http fetch GET 200 https://registry.npmjs.org/@tailwindcss%2foxide-linux-x64-musl 68ms (cache revalidated)
420 silly packumentCache full:https://registry.npmjs.org/@tailwindcss%2foxide-linux-x64-musl set size:2622403 disposed:false
421 http fetch GET 200 https://registry.npmjs.org/@tailwindcss%2foxide-linux-arm64-gnu 65ms (cache revalidated)
422 silly packumentCache full:https://registry.npmjs.org/@tailwindcss%2foxide-linux-arm64-gnu set size:2638153 disposed:false
423 http fetch GET 200 https://registry.npmjs.org/@tailwindcss%2foxide-linux-arm64-musl 60ms (cache revalidated)
424 silly packumentCache full:https://registry.npmjs.org/@tailwindcss%2foxide-linux-arm64-musl set size:2647987 disposed:false
425 http fetch GET 200 https://registry.npmjs.org/picocolors 33ms (cache revalidated)
426 silly packumentCache full:https://registry.npmjs.org/picocolors set size:16648 disposed:false
427 http fetch GET 200 https://registry.npmjs.org/@tailwindcss%2foxide-linux-arm-gnueabihf 57ms (cache revalidated)
428 silly packumentCache full:https://registry.npmjs.org/@tailwindcss%2foxide-linux-arm-gnueabihf set size:2660363 disposed:false
429 http fetch GET 200 https://registry.npmjs.org/nanoid 53ms (cache revalidated)
430 silly packumentCache full:https://registry.npmjs.org/nanoid set size:298419 disposed:false
431 http fetch GET 200 https://registry.npmjs.org/@tailwindcss%2foxide-win32-arm64-msvc 73ms (cache revalidated)
432 silly packumentCache full:https://registry.npmjs.org/@tailwindcss%2foxide-win32-arm64-msvc set size:1705779 disposed:false
433 silly placeDep ROOT @jridgewell/remapping@2.3.5 OK for: @tailwindcss/node@4.2.0 want: ^2.3.5
434 silly placeDep ROOT enhanced-resolve@5.19.0 OK for: @tailwindcss/node@4.2.0 want: ^5.19.0
435 silly placeDep ROOT jiti@2.6.1 OK for: @tailwindcss/node@4.2.0 want: ^2.6.1
436 silly placeDep ROOT lightningcss@1.31.1 OK for: @tailwindcss/node@4.2.0 want: 1.31.1
437 silly placeDep ROOT magic-string@0.30.21 OK for: @tailwindcss/node@4.2.0 want: ^0.30.21
438 silly placeDep ROOT source-map-js@1.2.1 OK for: @tailwindcss/node@4.2.0 want: ^1.2.1
439 silly fetch manifest @jridgewell/gen-mapping@^0.3.5
440 silly packumentCache full:https://registry.npmjs.org/@jridgewell%2fgen-mapping cache-miss
441 silly fetch manifest @jridgewell/trace-mapping@^0.3.24
442 silly packumentCache full:https://registry.npmjs.org/@jridgewell%2ftrace-mapping cache-miss
443 silly fetch manifest graceful-fs@^4.2.4
444 silly packumentCache full:https://registry.npmjs.org/graceful-fs cache-miss
445 silly fetch manifest tapable@^2.3.0
446 silly packumentCache full:https://registry.npmjs.org/tapable cache-miss
447 silly fetch manifest detect-libc@^2.0.3
448 silly packumentCache full:https://registry.npmjs.org/detect-libc cache-miss
449 silly fetch manifest lightningcss-darwin-x64@1.31.1
450 silly packumentCache full:https://registry.npmjs.org/lightningcss-darwin-x64 cache-miss
451 silly fetch manifest lightningcss-linux-x64-gnu@1.31.1
452 silly packumentCache full:https://registry.npmjs.org/lightningcss-linux-x64-gnu cache-miss
453 http fetch GET 200 https://registry.npmjs.org/detect-libc 24ms (cache revalidated)
454 silly packumentCache full:https://registry.npmjs.org/detect-libc set size:47861 disposed:false
455 silly fetch manifest lightningcss-win32-x64-msvc@1.31.1
456 silly packumentCache full:https://registry.npmjs.org/lightningcss-win32-x64-msvc cache-miss
457 http fetch GET 200 https://registry.npmjs.org/graceful-fs 25ms (cache revalidated)
458 silly packumentCache full:https://registry.npmjs.org/graceful-fs set size:124285 disposed:false
459 silly fetch manifest lightningcss-win32-arm64-msvc@1.31.1
460 silly packumentCache full:https://registry.npmjs.org/lightningcss-win32-arm64-msvc cache-miss
461 http fetch GET 200 https://registry.npmjs.org/tapable 28ms (cache revalidated)
462 silly packumentCache full:https://registry.npmjs.org/tapable set size:110375 disposed:false
463 silly fetch manifest lightningcss-darwin-arm64@1.31.1
464 silly packumentCache full:https://registry.npmjs.org/lightningcss-darwin-arm64 cache-miss
465 http fetch GET 200 https://registry.npmjs.org/lightningcss-linux-x64-gnu 30ms (cache revalidated)
466 silly packumentCache full:https://registry.npmjs.org/lightningcss-linux-x64-gnu set size:78391 disposed:false
467 silly fetch manifest lightningcss-linux-arm64-gnu@1.31.1
468 silly packumentCache full:https://registry.npmjs.org/lightningcss-linux-arm64-gnu cache-miss
469 http fetch GET 200 https://registry.npmjs.org/@jridgewell%2fgen-mapping 33ms (cache revalidated)
470 silly packumentCache full:https://registry.npmjs.org/@jridgewell%2fgen-mapping set size:80719 disposed:false
471 silly fetch manifest lightningcss-linux-arm-gnueabihf@1.31.1
472 silly packumentCache full:https://registry.npmjs.org/lightningcss-linux-arm-gnueabihf cache-miss
473 http fetch GET 200 https://registry.npmjs.org/lightningcss-darwin-x64 38ms (cache revalidated)
474 silly packumentCache full:https://registry.npmjs.org/lightningcss-darwin-x64 set size:77015 disposed:false
475 silly fetch manifest lightningcss-linux-arm64-musl@1.31.1
476 silly packumentCache full:https://registry.npmjs.org/lightningcss-linux-arm64-musl cache-miss
477 http fetch GET 200 https://registry.npmjs.org/@jridgewell%2ftrace-mapping 40ms (cache revalidated)
478 silly packumentCache full:https://registry.npmjs.org/@jridgewell%2ftrace-mapping set size:170909 disposed:false
479 silly fetch manifest lightningcss-linux-x64-musl@1.31.1
480 silly packumentCache full:https://registry.npmjs.org/lightningcss-linux-x64-musl cache-miss
481 http fetch GET 200 https://registry.npmjs.org/lightningcss-win32-arm64-msvc 20ms (cache revalidated)
482 silly packumentCache full:https://registry.npmjs.org/lightningcss-win32-arm64-msvc set size:24914 disposed:false
483 silly fetch manifest lightningcss-freebsd-x64@1.31.1
484 silly packumentCache full:https://registry.npmjs.org/lightningcss-freebsd-x64 cache-miss
485 http fetch GET 200 https://registry.npmjs.org/lightningcss-darwin-arm64 24ms (cache revalidated)
486 silly packumentCache full:https://registry.npmjs.org/lightningcss-darwin-arm64 set size:77583 disposed:false
487 silly fetch manifest lightningcss-android-arm64@1.31.1
488 silly packumentCache full:https://registry.npmjs.org/lightningcss-android-arm64 cache-miss
489 http fetch GET 200 https://registry.npmjs.org/lightningcss-linux-arm64-gnu 32ms (cache revalidated)
490 silly packumentCache full:https://registry.npmjs.org/lightningcss-linux-arm64-gnu set size:78941 disposed:false
491 silly fetch manifest @jridgewell/sourcemap-codec@^1.5.5
492 silly packumentCache full:https://registry.npmjs.org/@jridgewell%2fsourcemap-codec cache-miss
493 http fetch GET 200 https://registry.npmjs.org/lightningcss-win32-x64-msvc 38ms (cache revalidated)
494 silly packumentCache full:https://registry.npmjs.org/lightningcss-win32-x64-msvc set size:77943 disposed:false
495 http fetch GET 200 https://registry.npmjs.org/lightningcss-linux-arm-gnueabihf 30ms (cache revalidated)
496 silly packumentCache full:https://registry.npmjs.org/lightningcss-linux-arm-gnueabihf set size:79171 disposed:false
497 http fetch GET 200 https://registry.npmjs.org/lightningcss-linux-x64-musl 25ms (cache revalidated)
498 silly packumentCache full:https://registry.npmjs.org/lightningcss-linux-x64-musl set size:78594 disposed:false
499 http fetch GET 200 https://registry.npmjs.org/lightningcss-linux-arm64-musl 31ms (cache revalidated)
500 silly packumentCache full:https://registry.npmjs.org/lightningcss-linux-arm64-musl set size:79156 disposed:false
501 http fetch GET 200 https://registry.npmjs.org/lightningcss-freebsd-x64 25ms (cache revalidated)
502 silly packumentCache full:https://registry.npmjs.org/lightningcss-freebsd-x64 set size:41190 disposed:false
503 http fetch GET 200 https://registry.npmjs.org/lightningcss-android-arm64 39ms (cache revalidated)
504 silly packumentCache full:https://registry.npmjs.org/lightningcss-android-arm64 set size:5971 disposed:false
505 http fetch GET 200 https://registry.npmjs.org/@jridgewell%2fsourcemap-codec 37ms (cache revalidated)
506 silly packumentCache full:https://registry.npmjs.org/@jridgewell%2fsourcemap-codec set size:59275 disposed:false
507 silly placeDep ROOT @jridgewell/gen-mapping@0.3.13 OK for: @jridgewell/remapping@2.3.5 want: ^0.3.5
508 silly placeDep ROOT @jridgewell/trace-mapping@0.3.31 OK for: @jridgewell/remapping@2.3.5 want: ^0.3.24
509 silly fetch manifest @jridgewell/sourcemap-codec@^1.5.0
510 silly packumentCache full:https://registry.npmjs.org/@jridgewell%2fsourcemap-codec cache-hit
511 silly fetch manifest @jridgewell/resolve-uri@^3.1.0
512 silly packumentCache full:https://registry.npmjs.org/@jridgewell%2fresolve-uri cache-miss
513 silly fetch manifest @jridgewell/sourcemap-codec@^1.4.14
514 silly packumentCache full:https://registry.npmjs.org/@jridgewell%2fsourcemap-codec cache-hit
515 http fetch GET 200 https://registry.npmjs.org/@jridgewell%2fresolve-uri 38ms (cache revalidated)
516 silly packumentCache full:https://registry.npmjs.org/@jridgewell%2fresolve-uri set size:57361 disposed:false
517 silly placeDep ROOT @jridgewell/sourcemap-codec@1.5.5 OK for: @jridgewell/gen-mapping@0.3.13 want: ^1.5.0
518 silly placeDep ROOT @jridgewell/resolve-uri@3.1.2 OK for: @jridgewell/trace-mapping@0.3.31 want: ^3.1.0
519 silly placeDep ROOT @tailwindcss/oxide-android-arm64@4.2.0 OK for: @tailwindcss/oxide@4.2.0 want: 4.2.0
520 silly placeDep ROOT @tailwindcss/oxide-darwin-arm64@4.2.0 OK for: @tailwindcss/oxide@4.2.0 want: 4.2.0
521 silly placeDep ROOT @tailwindcss/oxide-darwin-x64@4.2.0 OK for: @tailwindcss/oxide@4.2.0 want: 4.2.0
522 silly placeDep ROOT @tailwindcss/oxide-freebsd-x64@4.2.0 OK for: @tailwindcss/oxide@4.2.0 want: 4.2.0
523 silly placeDep ROOT @tailwindcss/oxide-linux-arm-gnueabihf@4.2.0 OK for: @tailwindcss/oxide@4.2.0 want: 4.2.0
524 silly placeDep ROOT @tailwindcss/oxide-linux-arm64-gnu@4.2.0 OK for: @tailwindcss/oxide@4.2.0 want: 4.2.0
525 silly placeDep ROOT @tailwindcss/oxide-linux-arm64-musl@4.2.0 OK for: @tailwindcss/oxide@4.2.0 want: 4.2.0
526 silly placeDep ROOT @tailwindcss/oxide-linux-x64-gnu@4.2.0 OK for: @tailwindcss/oxide@4.2.0 want: 4.2.0
527 silly placeDep ROOT @tailwindcss/oxide-linux-x64-musl@4.2.0 OK for: @tailwindcss/oxide@4.2.0 want: 4.2.0
528 silly placeDep ROOT @tailwindcss/oxide-wasm32-wasi@4.2.0 OK for: @tailwindcss/oxide@4.2.0 want: 4.2.0
529 silly placeDep ROOT @tailwindcss/oxide-win32-arm64-msvc@4.2.0 OK for: @tailwindcss/oxide@4.2.0 want: 4.2.0
530 silly placeDep ROOT @tailwindcss/oxide-win32-x64-msvc@4.2.0 OK for: @tailwindcss/oxide@4.2.0 want: 4.2.0
531 silly placeDep ROOT undici-types@6.21.0 OK for: @types/node@20.19.33 want: ~6.21.0
532 silly placeDep ROOT csstype@3.2.3 OK for: @types/react@19.2.14 want: ^3.2.2
533 silly placeDep ROOT graceful-fs@4.2.11 OK for: enhanced-resolve@5.19.0 want: ^4.2.4
534 silly placeDep ROOT tapable@2.3.0 OK for: enhanced-resolve@5.19.0 want: ^2.3.0
535 silly fetch manifest eslint@^6.0.0 || ^7.0.0 || >=8.0.0
536 silly packumentCache full:https://registry.npmjs.org/eslint cache-miss
537 http cache https://registry.npmjs.org/eslint 3ms (cache hit)
538 silly packumentCache full:https://registry.npmjs.org/eslint set size:1942719 disposed:false
539 silly placeDep ROOT @eslint-community/eslint-utils@4.9.1 OK for: eslint@9.39.3 want: ^4.8.0
540 silly placeDep ROOT @eslint-community/regexpp@4.12.2 OK for: eslint@9.39.3 want: ^4.12.1
541 silly placeDep ROOT @eslint/config-array@0.21.1 OK for: eslint@9.39.3 want: ^0.21.1
542 silly placeDep ROOT @eslint/config-helpers@0.4.2 OK for: eslint@9.39.3 want: ^0.4.2
543 silly placeDep ROOT @eslint/core@0.17.0 OK for: eslint@9.39.3 want: ^0.17.0
544 silly placeDep ROOT @eslint/eslintrc@3.3.3 OK for: eslint@9.39.3 want: ^3.3.1
545 silly placeDep ROOT @eslint/js@9.39.3 OK for: eslint@9.39.3 want: 9.39.3
546 silly placeDep ROOT @eslint/plugin-kit@0.4.1 OK for: eslint@9.39.3 want: ^0.4.1
547 silly placeDep ROOT @humanfs/node@0.16.7 OK for: eslint@9.39.3 want: ^0.16.6
548 silly placeDep ROOT @humanwhocodes/module-importer@1.0.1 OK for: eslint@9.39.3 want: ^1.0.1
549 silly placeDep ROOT @humanwhocodes/retry@0.4.3 OK for: eslint@9.39.3 want: ^0.4.2
550 silly placeDep ROOT @types/estree@1.0.8 OK for: eslint@9.39.3 want: ^1.0.6
551 silly placeDep ROOT ajv@6.14.0 OK for: eslint@9.39.3 want: ^6.12.4
552 silly placeDep ROOT chalk@4.1.2 OK for: eslint@9.39.3 want: ^4.0.0
553 silly placeDep ROOT cross-spawn@7.0.6 OK for: eslint@9.39.3 want: ^7.0.6
554 silly placeDep ROOT debug@4.4.3 OK for: eslint@9.39.3 want: ^4.3.2
555 silly placeDep ROOT escape-string-regexp@4.0.0 OK for: eslint@9.39.3 want: ^4.0.0
556 silly placeDep ROOT eslint-scope@8.4.0 OK for: eslint@9.39.3 want: ^8.4.0
557 silly placeDep ROOT eslint-visitor-keys@4.2.1 OK for: eslint@9.39.3 want: ^4.2.1
558 silly placeDep ROOT espree@10.4.0 OK for: eslint@9.39.3 want: ^10.4.0
559 silly placeDep ROOT esquery@1.7.0 OK for: eslint@9.39.3 want: ^1.5.0
560 silly placeDep ROOT esutils@2.0.3 OK for: eslint@9.39.3 want: ^2.0.2
561 silly placeDep ROOT fast-deep-equal@3.1.3 OK for: eslint@9.39.3 want: ^3.1.3
562 silly placeDep ROOT file-entry-cache@8.0.0 OK for: eslint@9.39.3 want: ^8.0.0
563 silly placeDep ROOT find-up@5.0.0 OK for: eslint@9.39.3 want: ^5.0.0
564 silly placeDep ROOT glob-parent@6.0.2 OK for: eslint@9.39.3 want: ^6.0.2
565 silly placeDep ROOT ignore@5.3.2 OK for: eslint@9.39.3 want: ^5.2.0
566 silly placeDep ROOT imurmurhash@0.1.4 OK for: eslint@9.39.3 want: ^0.1.4
567 silly placeDep ROOT is-glob@4.0.3 OK for: eslint@9.39.3 want: ^4.0.0
568 silly placeDep ROOT json-stable-stringify-without-jsonify@1.0.1 OK for: eslint@9.39.3 want: ^1.0.1
569 silly placeDep ROOT lodash.merge@4.6.2 OK for: eslint@9.39.3 want: ^4.6.2
570 silly placeDep ROOT minimatch@3.1.3 OK for: eslint@9.39.3 want: ^3.1.2
571 silly placeDep ROOT natural-compare@1.4.0 OK for: eslint@9.39.3 want: ^1.4.0
572 silly placeDep ROOT optionator@0.9.4 OK for: eslint@9.39.3 want: ^0.9.3
573 silly fetch manifest eslint-visitor-keys@^3.4.3
574 silly packumentCache full:https://registry.npmjs.org/eslint-visitor-keys cache-hit
575 silly fetch manifest debug@^4.3.1
576 silly packumentCache full:https://registry.npmjs.org/debug cache-hit
577 silly fetch manifest @eslint/object-schema@^2.1.7
578 silly packumentCache full:https://registry.npmjs.org/@eslint%2fobject-schema cache-miss
579 silly fetch manifest @types/json-schema@^7.0.15
580 silly packumentCache full:https://registry.npmjs.org/@types%2fjson-schema cache-miss
581 silly fetch manifest espree@^10.0.1
582 silly packumentCache full:https://registry.npmjs.org/espree cache-hit
583 silly fetch manifest globals@^14.0.0
584 silly packumentCache full:https://registry.npmjs.org/globals cache-hit
585 silly fetch manifest import-fresh@^3.2.1
586 silly packumentCache full:https://registry.npmjs.org/import-fresh cache-miss
587 silly fetch manifest js-yaml@^4.1.1
588 silly packumentCache full:https://registry.npmjs.org/js-yaml cache-miss
589 silly fetch manifest strip-json-comments@^3.1.1
590 silly packumentCache full:https://registry.npmjs.org/strip-json-comments cache-miss
591 silly fetch manifest levn@^0.4.1
592 silly packumentCache full:https://registry.npmjs.org/levn cache-miss
593 silly fetch manifest @humanwhocodes/retry@^0.4.0
594 silly packumentCache full:https://registry.npmjs.org/@humanwhocodes%2fretry cache-hit
595 silly fetch manifest @humanfs/core@^0.19.1
596 silly packumentCache full:https://registry.npmjs.org/@humanfs%2fcore cache-miss
597 http fetch GET 200 https://registry.npmjs.org/levn 31ms (cache revalidated)
598 silly packumentCache full:https://registry.npmjs.org/levn set size:28223 disposed:false
599 silly fetch manifest fast-deep-equal@^3.1.1
600 silly packumentCache full:https://registry.npmjs.org/fast-deep-equal cache-hit
601 silly fetch manifest fast-json-stable-stringify@^2.0.0
602 silly packumentCache full:https://registry.npmjs.org/fast-json-stable-stringify cache-miss
603 http fetch GET 200 https://registry.npmjs.org/strip-json-comments 32ms (cache revalidated)
604 silly packumentCache full:https://registry.npmjs.org/strip-json-comments set size:43569 disposed:false
605 silly fetch manifest json-schema-traverse@^0.4.1
606 silly packumentCache full:https://registry.npmjs.org/json-schema-traverse cache-miss
607 http fetch GET 200 https://registry.npmjs.org/@humanfs%2fcore 40ms (cache revalidated)
608 silly packumentCache full:https://registry.npmjs.org/@humanfs%2fcore set size:35472 disposed:false
609 silly fetch manifest uri-js@^4.2.2
610 silly packumentCache full:https://registry.npmjs.org/uri-js cache-miss
611 http fetch GET 200 https://registry.npmjs.org/@types%2fjson-schema 42ms (cache revalidated)
612 silly packumentCache full:https://registry.npmjs.org/@types%2fjson-schema set size:44704 disposed:false
613 silly fetch manifest ansi-styles@^4.1.0
614 silly packumentCache full:https://registry.npmjs.org/ansi-styles cache-miss
615 http fetch GET 200 https://registry.npmjs.org/import-fresh 57ms (cache revalidated)
616 silly packumentCache full:https://registry.npmjs.org/import-fresh set size:21461 disposed:false
617 silly fetch manifest supports-color@^7.1.0
618 silly packumentCache full:https://registry.npmjs.org/supports-color cache-miss
619 http fetch GET 200 https://registry.npmjs.org/fast-json-stable-stringify 27ms (cache revalidated)
620 silly packumentCache full:https://registry.npmjs.org/fast-json-stable-stringify set size:11337 disposed:false
621 silly fetch manifest which@^2.0.1
622 silly packumentCache full:https://registry.npmjs.org/which cache-miss
623 http fetch GET 200 https://registry.npmjs.org/json-schema-traverse 28ms (cache revalidated)
624 silly packumentCache full:https://registry.npmjs.org/json-schema-traverse set size:23537 disposed:false
625 silly fetch manifest path-key@^3.1.0
626 silly packumentCache full:https://registry.npmjs.org/path-key cache-miss
627 http fetch GET 200 https://registry.npmjs.org/uri-js 25ms (cache revalidated)
628 silly packumentCache full:https://registry.npmjs.org/uri-js set size:42559 disposed:false
629 silly fetch manifest shebang-command@^2.0.0
630 silly packumentCache full:https://registry.npmjs.org/shebang-command cache-miss
631 http fetch GET 200 https://registry.npmjs.org/ansi-styles 26ms (cache revalidated)
632 silly packumentCache full:https://registry.npmjs.org/ansi-styles set size:63233 disposed:false
633 silly fetch manifest ms@^2.1.3
634 silly packumentCache full:https://registry.npmjs.org/ms cache-miss
635 http fetch GET 200 https://registry.npmjs.org/js-yaml 72ms (cache revalidated)
636 silly packumentCache full:https://registry.npmjs.org/js-yaml set size:152232 disposed:false
637 silly fetch manifest esrecurse@^4.3.0
638 silly packumentCache full:https://registry.npmjs.org/esrecurse cache-miss
639 http fetch GET 200 https://registry.npmjs.org/supports-color 21ms (cache revalidated)
640 silly packumentCache full:https://registry.npmjs.org/supports-color set size:118680 disposed:false
641 silly fetch manifest estraverse@^5.2.0
642 silly packumentCache full:https://registry.npmjs.org/estraverse cache-miss
643 http fetch GET 200 https://registry.npmjs.org/which 21ms (cache revalidated)
644 silly packumentCache full:https://registry.npmjs.org/which set size:67805 disposed:false
645 silly fetch manifest acorn@^8.15.0
646 silly packumentCache full:https://registry.npmjs.org/acorn cache-miss
647 http fetch GET 200 https://registry.npmjs.org/path-key 26ms (cache revalidated)
648 silly packumentCache full:https://registry.npmjs.org/path-key set size:16975 disposed:false
649 silly fetch manifest acorn-jsx@^5.3.2
650 silly packumentCache full:https://registry.npmjs.org/acorn-jsx cache-miss
651 http fetch GET 200 https://registry.npmjs.org/shebang-command 28ms (cache revalidated)
652 silly packumentCache full:https://registry.npmjs.org/shebang-command set size:8525 disposed:false
653 silly fetch manifest estraverse@^5.1.0
654 silly packumentCache full:https://registry.npmjs.org/estraverse cache-miss
655 http fetch GET 200 https://registry.npmjs.org/ms 33ms (cache revalidated)
656 silly packumentCache full:https://registry.npmjs.org/ms set size:92208 disposed:false
657 silly fetch manifest flat-cache@^4.0.0
658 silly packumentCache full:https://registry.npmjs.org/flat-cache cache-miss
659 http fetch GET 200 https://registry.npmjs.org/acorn 23ms (cache revalidated)
660 silly packumentCache full:https://registry.npmjs.org/acorn set size:379626 disposed:false
661 silly fetch manifest locate-path@^6.0.0
662 silly packumentCache full:https://registry.npmjs.org/locate-path cache-miss
663 http fetch GET 200 https://registry.npmjs.org/estraverse 28ms (cache revalidated)
664 silly packumentCache full:https://registry.npmjs.org/estraverse set size:62412 disposed:false
665 silly fetch manifest path-exists@^4.0.0
666 silly packumentCache full:https://registry.npmjs.org/path-exists cache-miss
667 http fetch GET 200 https://registry.npmjs.org/acorn-jsx 28ms (cache revalidated)
668 silly packumentCache full:https://registry.npmjs.org/acorn-jsx set size:71068 disposed:false
669 silly fetch manifest is-glob@^4.0.3
670 silly packumentCache full:https://registry.npmjs.org/is-glob cache-hit
671 silly fetch manifest is-extglob@^2.1.1
672 silly packumentCache full:https://registry.npmjs.org/is-extglob cache-miss
673 http fetch GET 200 https://registry.npmjs.org/estraverse 22ms (cache revalidated)
674 silly packumentCache full:https://registry.npmjs.org/estraverse set size:62412 disposed:false
675 silly packumentCache full:https://registry.npmjs.org/estraverse dispose
676 silly fetch manifest brace-expansion@^1.1.7
677 silly packumentCache full:https://registry.npmjs.org/brace-expansion cache-miss
678 http fetch GET 200 https://registry.npmjs.org/flat-cache 23ms (cache revalidated)
679 silly packumentCache full:https://registry.npmjs.org/flat-cache set size:164041 disposed:false
680 silly fetch manifest prelude-ls@^1.2.1
681 silly packumentCache full:https://registry.npmjs.org/prelude-ls cache-miss
682 http fetch GET 200 https://registry.npmjs.org/esrecurse 54ms (cache revalidated)
683 silly packumentCache full:https://registry.npmjs.org/esrecurse set size:29005 disposed:false
684 silly fetch manifest deep-is@^0.1.3
685 silly packumentCache full:https://registry.npmjs.org/deep-is cache-miss
686 http fetch GET 200 https://registry.npmjs.org/locate-path 29ms (cache revalidated)
687 silly packumentCache full:https://registry.npmjs.org/locate-path set size:31329 disposed:false
688 silly fetch manifest word-wrap@^1.2.5
689 silly packumentCache full:https://registry.npmjs.org/word-wrap cache-miss
690 http fetch GET 200 https://registry.npmjs.org/is-extglob 22ms (cache revalidated)
691 silly packumentCache full:https://registry.npmjs.org/is-extglob set size:11766 disposed:false
692 silly fetch manifest type-check@^0.4.0
693 silly packumentCache full:https://registry.npmjs.org/type-check cache-miss
694 http fetch GET 200 https://registry.npmjs.org/path-exists 30ms (cache revalidated)
695 silly packumentCache full:https://registry.npmjs.org/path-exists set size:13704 disposed:false
696 silly fetch manifest fast-levenshtein@^2.0.6
697 silly packumentCache full:https://registry.npmjs.org/fast-levenshtein cache-miss
698 http fetch GET 200 https://registry.npmjs.org/brace-expansion 32ms (cache revalidated)
699 silly packumentCache full:https://registry.npmjs.org/brace-expansion set size:51042 disposed:false
700 http fetch GET 200 https://registry.npmjs.org/prelude-ls 30ms (cache revalidated)
701 silly packumentCache full:https://registry.npmjs.org/prelude-ls set size:25777 disposed:false
702 http fetch GET 200 https://registry.npmjs.org/word-wrap 23ms (cache revalidated)
703 silly packumentCache full:https://registry.npmjs.org/word-wrap set size:37835 disposed:false
704 http fetch GET 200 https://registry.npmjs.org/deep-is 33ms (cache revalidated)
705 silly packumentCache full:https://registry.npmjs.org/deep-is set size:10205 disposed:false
706 http fetch GET 200 https://registry.npmjs.org/fast-levenshtein 28ms (cache revalidated)
707 silly packumentCache full:https://registry.npmjs.org/fast-levenshtein set size:39317 disposed:false
708 http fetch GET 200 https://registry.npmjs.org/type-check 34ms (cache revalidated)
709 silly packumentCache full:https://registry.npmjs.org/type-check set size:21221 disposed:false
710 http fetch GET 200 https://registry.npmjs.org/@eslint%2fobject-schema 196ms (cache revalidated)
711 silly packumentCache full:https://registry.npmjs.org/@eslint%2fobject-schema set size:29255 disposed:false
712 silly placeDep node_modules/@eslint-community/eslint-utils eslint-visitor-keys@3.4.3 OK for: @eslint-community/eslint-utils@4.9.1 want: ^3.4.3
713 silly placeDep ROOT @eslint/object-schema@2.1.7 OK for: @eslint/config-array@0.21.1 want: ^2.1.7
714 silly placeDep ROOT @types/json-schema@7.0.15 OK for: @eslint/core@0.17.0 want: ^7.0.15
715 silly placeDep ROOT globals@14.0.0 OK for: @eslint/eslintrc@3.3.3 want: ^14.0.0
716 silly placeDep ROOT import-fresh@3.3.1 OK for: @eslint/eslintrc@3.3.3 want: ^3.2.1
717 silly placeDep ROOT js-yaml@4.1.1 OK for: @eslint/eslintrc@3.3.3 want: ^4.1.1
718 silly placeDep ROOT strip-json-comments@3.1.1 OK for: @eslint/eslintrc@3.3.3 want: ^3.1.1
719 silly fetch manifest parent-module@^1.0.0
720 silly packumentCache full:https://registry.npmjs.org/parent-module cache-miss
721 silly fetch manifest resolve-from@^4.0.0
722 silly packumentCache full:https://registry.npmjs.org/resolve-from cache-miss
723 silly fetch manifest argparse@^2.0.1
724 silly packumentCache full:https://registry.npmjs.org/argparse cache-miss
725 http fetch GET 200 https://registry.npmjs.org/argparse 30ms (cache revalidated)
726 silly packumentCache full:https://registry.npmjs.org/argparse set size:49266 disposed:false
727 http fetch GET 200 https://registry.npmjs.org/resolve-from 34ms (cache revalidated)
728 silly packumentCache full:https://registry.npmjs.org/resolve-from set size:12911 disposed:false
729 http fetch GET 200 https://registry.npmjs.org/parent-module 538ms (cache revalidated)
730 silly packumentCache full:https://registry.npmjs.org/parent-module set size:18255 disposed:false
731 silly placeDep ROOT levn@0.4.1 OK for: @eslint/plugin-kit@0.4.1 want: ^0.4.1
732 silly fetch manifest type-check@~0.4.0
733 silly packumentCache full:https://registry.npmjs.org/type-check cache-hit
734 silly placeDep ROOT @humanfs/core@0.19.1 OK for: @humanfs/node@0.16.7 want: ^0.19.1
735 silly placeDep ROOT fast-json-stable-stringify@2.1.0 OK for: ajv@6.14.0 want: ^2.0.0
736 silly placeDep ROOT json-schema-traverse@0.4.1 OK for: ajv@6.14.0 want: ^0.4.1
737 silly placeDep ROOT uri-js@4.4.1 OK for: ajv@6.14.0 want: ^4.2.2
738 silly fetch manifest punycode@^2.1.0
739 silly packumentCache full:https://registry.npmjs.org/punycode cache-miss
740 http fetch GET 200 https://registry.npmjs.org/punycode 55ms (cache revalidated)
741 silly packumentCache full:https://registry.npmjs.org/punycode set size:61302 disposed:false
742 silly placeDep ROOT ansi-styles@4.3.0 OK for: chalk@4.1.2 want: ^4.1.0
743 silly placeDep ROOT supports-color@7.2.0 OK for: chalk@4.1.2 want: ^7.1.0
744 silly fetch manifest color-convert@^2.0.1
745 silly packumentCache full:https://registry.npmjs.org/color-convert cache-miss
746 silly fetch manifest has-flag@^4.0.0
747 silly packumentCache full:https://registry.npmjs.org/has-flag cache-miss
748 http fetch GET 200 https://registry.npmjs.org/color-convert 21ms (cache revalidated)
749 silly packumentCache full:https://registry.npmjs.org/color-convert set size:72663 disposed:false
750 http fetch GET 200 https://registry.npmjs.org/has-flag 24ms (cache revalidated)
751 silly packumentCache full:https://registry.npmjs.org/has-flag set size:15180 disposed:false
752 silly placeDep ROOT color-convert@2.0.1 OK for: ansi-styles@4.3.0 want: ^2.0.1
753 silly fetch manifest color-name@~1.1.4
754 silly packumentCache full:https://registry.npmjs.org/color-name cache-miss
755 http fetch GET 200 https://registry.npmjs.org/color-name 41ms (cache revalidated)
756 silly packumentCache full:https://registry.npmjs.org/color-name set size:19467 disposed:false
757 silly placeDep ROOT color-name@1.1.4 OK for: color-convert@2.0.1 want: ~1.1.4
758 silly placeDep ROOT path-key@3.1.1 OK for: cross-spawn@7.0.6 want: ^3.1.0
759 silly placeDep ROOT shebang-command@2.0.0 OK for: cross-spawn@7.0.6 want: ^2.0.0
760 silly placeDep ROOT which@2.0.2 OK for: cross-spawn@7.0.6 want: ^2.0.1
761 silly fetch manifest shebang-regex@^3.0.0
762 silly packumentCache full:https://registry.npmjs.org/shebang-regex cache-miss
763 silly fetch manifest isexe@^2.0.0
764 silly packumentCache full:https://registry.npmjs.org/isexe cache-miss
765 http fetch GET 200 https://registry.npmjs.org/shebang-regex 24ms (cache revalidated)
766 silly packumentCache full:https://registry.npmjs.org/shebang-regex set size:9763 disposed:false
767 http fetch GET 200 https://registry.npmjs.org/isexe 24ms (cache revalidated)
768 silly packumentCache full:https://registry.npmjs.org/isexe set size:31756 disposed:false
769 silly placeDep ROOT ms@2.1.3 OK for: debug@4.4.3 want: ^2.1.3
770 silly fetch manifest eslint@>=9.0.0
771 silly packumentCache full:https://registry.npmjs.org/eslint cache-miss
772 http cache https://registry.npmjs.org/eslint 3ms (cache hit)
773 silly packumentCache full:https://registry.npmjs.org/eslint set size:1942719 disposed:false
774 silly fetch manifest typescript@>=3.3.1
775 silly packumentCache full:https://registry.npmjs.org/typescript cache-miss
776 http cache https://registry.npmjs.org/typescript 27ms (cache hit)
777 silly packumentCache full:https://registry.npmjs.org/typescript set size:15276399 disposed:false
778 silly fetch manifest eslint@^3 || ^4 || ^5 || ^6 || ^7 || ^8 || ^9.7
779 silly packumentCache full:https://registry.npmjs.org/eslint cache-miss
780 http cache https://registry.npmjs.org/eslint 3ms (cache hit)
781 silly packumentCache full:https://registry.npmjs.org/eslint set size:1942719 disposed:false
782 silly fetch manifest eslint@^2 || ^3 || ^4 || ^5 || ^6 || ^7.2.0 || ^8 || ^9
783 silly packumentCache full:https://registry.npmjs.org/eslint cache-miss
784 http cache https://registry.npmjs.org/eslint 2ms (cache hit)
785 silly packumentCache full:https://registry.npmjs.org/eslint set size:1942719 disposed:false
786 silly fetch manifest eslint@^3 || ^4 || ^5 || ^6 || ^7 || ^8 || ^9
787 silly packumentCache full:https://registry.npmjs.org/eslint cache-miss
788 http cache https://registry.npmjs.org/eslint 2ms (cache hit)
789 silly packumentCache full:https://registry.npmjs.org/eslint set size:1942719 disposed:false
790 silly fetch manifest eslint@^3.0.0 || ^4.0.0 || ^5.0.0 || ^6.0.0 || ^7.0.0 || ^8.0.0-0 || ^9.0.0
791 silly packumentCache full:https://registry.npmjs.org/eslint cache-miss
792 http cache https://registry.npmjs.org/eslint 3ms (cache hit)
793 silly packumentCache full:https://registry.npmjs.org/eslint set size:1942719 disposed:false
794 silly fetch manifest eslint-plugin-import-x@*
795 silly packumentCache full:https://registry.npmjs.org/eslint-plugin-import-x cache-miss
796 http fetch GET 200 https://registry.npmjs.org/eslint-plugin-import-x 33ms (cache revalidated)
797 silly packumentCache full:https://registry.npmjs.org/eslint-plugin-import-x set size:270464 disposed:false
798 silly fetch manifest @typescript-eslint/utils@^8.0.0
799 silly packumentCache full:https://registry.npmjs.org/@typescript-eslint%2futils cache-miss
800 http fetch GET 200 https://registry.npmjs.org/@typescript-eslint%2futils 79ms (cache revalidated)
801 silly packumentCache full:https://registry.npmjs.org/@typescript-eslint%2futils set size:9727323 disposed:false
802 silly placeDep ROOT @next/eslint-plugin-next@16.1.6 OK for: eslint-config-next@16.1.6 want: 16.1.6
803 silly placeDep ROOT eslint-import-resolver-node@0.3.9 OK for: eslint-config-next@16.1.6 want: ^0.3.6
804 silly placeDep ROOT eslint-import-resolver-typescript@3.10.1 OK for: eslint-config-next@16.1.6 want: ^3.5.2
805 silly placeDep ROOT eslint-plugin-import@2.32.0 OK for: eslint-config-next@16.1.6 want: ^2.32.0
806 silly placeDep ROOT eslint-plugin-jsx-a11y@6.10.2 OK for: eslint-config-next@16.1.6 want: ^6.10.0
807 silly placeDep ROOT eslint-plugin-react@7.37.5 OK for: eslint-config-next@16.1.6 want: ^7.37.0
808 silly placeDep ROOT eslint-plugin-react-hooks@7.0.1 OK for: eslint-config-next@16.1.6 want: ^7.0.0
809 silly placeDep node_modules/eslint-config-next globals@16.4.0 OK for: eslint-config-next@16.1.6 want: 16.4.0
810 silly placeDep ROOT typescript-eslint@8.56.0 OK for: eslint-config-next@16.1.6 want: ^8.46.0
811 silly fetch manifest fast-glob@3.3.1
812 silly packumentCache full:https://registry.npmjs.org/fast-glob cache-miss
813 silly fetch manifest debug@^3.2.7
814 silly packumentCache full:https://registry.npmjs.org/debug cache-hit
815 silly fetch manifest is-core-module@^2.13.0
816 silly packumentCache full:https://registry.npmjs.org/is-core-module cache-miss
817 silly fetch manifest resolve@^1.22.4
818 silly packumentCache full:https://registry.npmjs.org/resolve cache-miss
819 silly fetch manifest tinyglobby@^0.2.13
820 silly packumentCache full:https://registry.npmjs.org/tinyglobby cache-miss
821 silly fetch manifest stable-hash@^0.0.5
822 silly packumentCache full:https://registry.npmjs.org/stable-hash cache-miss
823 silly fetch manifest get-tsconfig@^4.10.0
824 silly packumentCache full:https://registry.npmjs.org/get-tsconfig cache-miss
825 silly fetch manifest is-bun-module@^2.0.0
826 silly packumentCache full:https://registry.npmjs.org/is-bun-module cache-miss
827 http fetch GET 200 https://registry.npmjs.org/resolve 34ms (cache revalidated)
828 silly packumentCache full:https://registry.npmjs.org/resolve set size:238156 disposed:false
829 silly fetch manifest unrs-resolver@^1.6.2
830 silly packumentCache full:https://registry.npmjs.org/unrs-resolver cache-miss
831 http fetch GET 200 https://registry.npmjs.org/is-core-module 36ms (cache revalidated)
832 silly packumentCache full:https://registry.npmjs.org/is-core-module set size:71788 disposed:false
833 silly fetch manifest @nolyfill/is-core-module@1.0.39
834 silly packumentCache full:https://registry.npmjs.org/@nolyfill%2fis-core-module cache-miss
835 http fetch GET 200 https://registry.npmjs.org/stable-hash 39ms (cache revalidated)
836 silly packumentCache full:https://registry.npmjs.org/stable-hash set size:18359 disposed:false
837 silly fetch manifest @rtsao/scc@^1.1.0
838 silly packumentCache full:https://registry.npmjs.org/@rtsao%2fscc cache-miss
839 http fetch GET 200 https://registry.npmjs.org/tinyglobby 39ms (cache revalidated)
840 silly packumentCache full:https://registry.npmjs.org/tinyglobby set size:49812 disposed:false
841 silly fetch manifest array-includes@^3.1.9
842 silly packumentCache full:https://registry.npmjs.org/array-includes cache-miss
843 http fetch GET 200 https://registry.npmjs.org/fast-glob 41ms (cache revalidated)
844 silly packumentCache full:https://registry.npmjs.org/fast-glob set size:220556 disposed:false
845 silly fetch manifest array.prototype.findlastindex@^1.2.6
846 silly packumentCache full:https://registry.npmjs.org/array.prototype.findlastindex cache-miss
847 http fetch GET 200 https://registry.npmjs.org/unrs-resolver 25ms (cache revalidated)
848 silly packumentCache full:https://registry.npmjs.org/unrs-resolver set size:142730 disposed:false
849 silly fetch manifest array.prototype.flat@^1.3.3
850 silly packumentCache full:https://registry.npmjs.org/array.prototype.flat cache-miss
851 http fetch GET 200 https://registry.npmjs.org/array.prototype.findlastindex 25ms (cache revalidated)
852 silly packumentCache full:https://registry.npmjs.org/array.prototype.findlastindex set size:44828 disposed:false
853 silly fetch manifest array.prototype.flatmap@^1.3.3
854 silly packumentCache full:https://registry.npmjs.org/array.prototype.flatmap cache-miss
855 http fetch GET 200 https://registry.npmjs.org/array-includes 33ms (cache revalidated)
856 silly packumentCache full:https://registry.npmjs.org/array-includes set size:77143 disposed:false
857 silly fetch manifest doctrine@^2.1.0
858 silly packumentCache full:https://registry.npmjs.org/doctrine cache-miss
859 http fetch GET 200 https://registry.npmjs.org/array.prototype.flat 21ms (cache revalidated)
860 silly packumentCache full:https://registry.npmjs.org/array.prototype.flat set size:38327 disposed:false
861 silly fetch manifest eslint-module-utils@^2.12.1
862 silly packumentCache full:https://registry.npmjs.org/eslint-module-utils cache-miss
863 http fetch GET 200 https://registry.npmjs.org/array.prototype.flatmap 27ms (cache revalidated)
864 silly packumentCache full:https://registry.npmjs.org/array.prototype.flatmap set size:51458 disposed:false
865 silly fetch manifest hasown@^2.0.2
866 silly packumentCache full:https://registry.npmjs.org/hasown cache-miss
867 http fetch GET 200 https://registry.npmjs.org/doctrine 25ms (cache revalidated)
868 silly packumentCache full:https://registry.npmjs.org/doctrine set size:64052 disposed:false
869 silly fetch manifest is-core-module@^2.16.1
870 silly packumentCache full:https://registry.npmjs.org/is-core-module cache-hit
871 silly fetch manifest object.fromentries@^2.0.8
872 silly packumentCache full:https://registry.npmjs.org/object.fromentries cache-miss
873 http fetch GET 200 https://registry.npmjs.org/@nolyfill%2fis-core-module 65ms (cache revalidated)
874 silly packumentCache full:https://registry.npmjs.org/@nolyfill%2fis-core-module set size:10461 disposed:false
875 silly fetch manifest object.groupby@^1.0.3
876 silly packumentCache full:https://registry.npmjs.org/object.groupby cache-miss
877 http fetch GET 200 https://registry.npmjs.org/eslint-module-utils 23ms (cache revalidated)
878 silly packumentCache full:https://registry.npmjs.org/eslint-module-utils set size:77496 disposed:false
879 silly fetch manifest object.values@^1.2.1
880 silly packumentCache full:https://registry.npmjs.org/object.values cache-miss
881 http fetch GET 200 https://registry.npmjs.org/hasown 21ms (cache revalidated)
882 silly packumentCache full:https://registry.npmjs.org/hasown set size:12476 disposed:false
883 silly fetch manifest semver@^6.3.1
884 silly packumentCache full:https://registry.npmjs.org/semver cache-miss
885 http fetch GET 200 https://registry.npmjs.org/@rtsao%2fscc 87ms (cache revalidated)
886 silly packumentCache full:https://registry.npmjs.org/@rtsao%2fscc set size:6332 disposed:false
887 silly fetch manifest string.prototype.trimend@^1.0.9
888 silly packumentCache full:https://registry.npmjs.org/string.prototype.trimend cache-miss
889 http fetch GET 200 https://registry.npmjs.org/object.fromentries 30ms (cache revalidated)
890 silly packumentCache full:https://registry.npmjs.org/object.fromentries set size:37686 disposed:false
891 silly fetch manifest tsconfig-paths@^3.15.0
892 silly packumentCache full:https://registry.npmjs.org/tsconfig-paths cache-miss
893 http fetch GET 200 https://registry.npmjs.org/object.groupby 29ms (cache revalidated)
894 silly packumentCache full:https://registry.npmjs.org/object.groupby set size:15504 disposed:false
895 silly fetch manifest aria-query@^5.3.2
896 silly packumentCache full:https://registry.npmjs.org/aria-query cache-miss
897 http fetch GET 200 https://registry.npmjs.org/object.values 30ms (cache revalidated)
898 silly packumentCache full:https://registry.npmjs.org/object.values set size:49009 disposed:false
899 silly fetch manifest array-includes@^3.1.8
900 silly packumentCache full:https://registry.npmjs.org/array-includes cache-hit
901 silly fetch manifest array.prototype.flatmap@^1.3.2
902 silly packumentCache full:https://registry.npmjs.org/array.prototype.flatmap cache-hit
903 silly fetch manifest ast-types-flow@^0.0.8
904 silly packumentCache full:https://registry.npmjs.org/ast-types-flow cache-miss
905 http fetch GET 200 https://registry.npmjs.org/semver 24ms (cache revalidated)
906 silly packumentCache full:https://registry.npmjs.org/semver set size:229678 disposed:false
907 silly fetch manifest axe-core@^4.10.0
908 silly packumentCache full:https://registry.npmjs.org/axe-core cache-miss
909 http fetch GET 200 https://registry.npmjs.org/string.prototype.trimend 22ms (cache revalidated)
910 silly packumentCache full:https://registry.npmjs.org/string.prototype.trimend set size:41090 disposed:false
911 silly fetch manifest axobject-query@^4.1.0
912 silly packumentCache full:https://registry.npmjs.org/axobject-query cache-miss
913 http fetch GET 200 https://registry.npmjs.org/tsconfig-paths 30ms (cache revalidated)
914 silly packumentCache full:https://registry.npmjs.org/tsconfig-paths set size:192565 disposed:false
915 silly fetch manifest damerau-levenshtein@^1.0.8
916 silly packumentCache full:https://registry.npmjs.org/damerau-levenshtein cache-miss
917 http fetch GET 200 https://registry.npmjs.org/aria-query 29ms (cache revalidated)
918 silly packumentCache full:https://registry.npmjs.org/aria-query set size:98864 disposed:false
919 silly fetch manifest emoji-regex@^9.2.2
920 silly packumentCache full:https://registry.npmjs.org/emoji-regex cache-miss
921 http fetch GET 200 https://registry.npmjs.org/ast-types-flow 29ms (cache revalidated)
922 silly packumentCache full:https://registry.npmjs.org/ast-types-flow set size:15144 disposed:false
923 silly fetch manifest jsx-ast-utils@^3.3.5
924 silly packumentCache full:https://registry.npmjs.org/jsx-ast-utils cache-miss
925 http fetch GET 200 https://registry.npmjs.org/axe-core 30ms (cache revalidated)
926 silly packumentCache full:https://registry.npmjs.org/axe-core set size:9166083 disposed:false
927 silly fetch manifest language-tags@^1.0.9
928 silly packumentCache full:https://registry.npmjs.org/language-tags cache-miss
929 http fetch GET 200 https://registry.npmjs.org/jsx-ast-utils 28ms (cache revalidated)
930 silly packumentCache full:https://registry.npmjs.org/jsx-ast-utils set size:115998 disposed:false
931 silly fetch manifest safe-regex-test@^1.0.3
932 silly packumentCache full:https://registry.npmjs.org/safe-regex-test cache-miss
933 http fetch GET 200 https://registry.npmjs.org/emoji-regex 32ms (cache revalidated)
934 silly packumentCache full:https://registry.npmjs.org/emoji-regex set size:89088 disposed:false
935 silly fetch manifest string.prototype.includes@^2.0.1
936 silly packumentCache full:https://registry.npmjs.org/string.prototype.includes cache-miss
937 http fetch GET 200 https://registry.npmjs.org/damerau-levenshtein 34ms (cache revalidated)
938 silly packumentCache full:https://registry.npmjs.org/damerau-levenshtein set size:23390 disposed:false
939 silly fetch manifest array.prototype.findlast@^1.2.5
940 silly packumentCache full:https://registry.npmjs.org/array.prototype.findlast cache-miss
941 http fetch GET 200 https://registry.npmjs.org/axobject-query 47ms (cache revalidated)
942 silly packumentCache full:https://registry.npmjs.org/axobject-query set size:75032 disposed:false
943 silly fetch manifest array.prototype.tosorted@^1.1.4
944 silly packumentCache full:https://registry.npmjs.org/array.prototype.tosorted cache-miss
945 http fetch GET 200 https://registry.npmjs.org/is-bun-module 208ms (cache revalidated)
946 silly packumentCache full:https://registry.npmjs.org/is-bun-module set size:19768 disposed:false
947 silly fetch manifest es-iterator-helpers@^1.2.1
948 silly packumentCache full:https://registry.npmjs.org/es-iterator-helpers cache-miss
949 http fetch GET 200 https://registry.npmjs.org/language-tags 24ms (cache revalidated)
950 silly packumentCache full:https://registry.npmjs.org/language-tags set size:38675 disposed:false
951 silly fetch manifest estraverse@^5.3.0
952 silly packumentCache full:https://registry.npmjs.org/estraverse cache-hit
953 silly fetch manifest jsx-ast-utils@^2.4.1 || ^3.0.0
954 silly packumentCache full:https://registry.npmjs.org/jsx-ast-utils cache-hit
955 silly fetch manifest object.entries@^1.1.9
956 silly packumentCache full:https://registry.npmjs.org/object.entries cache-miss
957 http fetch GET 200 https://registry.npmjs.org/string.prototype.includes 23ms (cache revalidated)
958 silly packumentCache full:https://registry.npmjs.org/string.prototype.includes set size:10217 disposed:false
959 silly fetch manifest prop-types@^15.8.1
960 silly packumentCache full:https://registry.npmjs.org/prop-types cache-miss
961 http fetch GET 200 https://registry.npmjs.org/array.prototype.tosorted 23ms (cache revalidated)
962 silly packumentCache full:https://registry.npmjs.org/array.prototype.tosorted set size:24661 disposed:false
963 silly fetch manifest resolve@^2.0.0-next.5
964 silly packumentCache full:https://registry.npmjs.org/resolve cache-hit
965 silly fetch manifest string.prototype.matchall@^4.0.12
966 silly packumentCache full:https://registry.npmjs.org/string.prototype.matchall cache-miss
967 http fetch GET 200 https://registry.npmjs.org/safe-regex-test 29ms (cache revalidated)
968 silly packumentCache full:https://registry.npmjs.org/safe-regex-test set size:17412 disposed:false
969 silly fetch manifest string.prototype.repeat@^1.0.0
970 silly packumentCache full:https://registry.npmjs.org/string.prototype.repeat cache-miss
971 http fetch GET 200 https://registry.npmjs.org/es-iterator-helpers 28ms (cache revalidated)
972 silly packumentCache full:https://registry.npmjs.org/es-iterator-helpers set size:227037 disposed:false
973 silly fetch manifest zod@^3.25.0 || ^4.0.0
974 silly packumentCache full:https://registry.npmjs.org/zod cache-miss
975 http fetch GET 200 https://registry.npmjs.org/object.entries 22ms (cache revalidated)
976 silly packumentCache full:https://registry.npmjs.org/object.entries set size:50037 disposed:false
977 silly fetch manifest @babel/core@^7.24.4
978 silly packumentCache full:https://registry.npmjs.org/@babel%2fcore cache-miss
979 http fetch GET 200 https://registry.npmjs.org/prop-types 24ms (cache revalidated)
980 silly packumentCache full:https://registry.npmjs.org/prop-types set size:76747 disposed:false
981 silly fetch manifest @babel/parser@^7.24.4
982 silly packumentCache full:https://registry.npmjs.org/@babel%2fparser cache-miss
983 http fetch GET 200 https://registry.npmjs.org/string.prototype.matchall 24ms (cache revalidated)
984 silly packumentCache full:https://registry.npmjs.org/string.prototype.matchall set size:63239 disposed:false
985 silly fetch manifest hermes-parser@^0.25.1
986 silly packumentCache full:https://registry.npmjs.org/hermes-parser cache-miss
987 http fetch GET 200 https://registry.npmjs.org/string.prototype.repeat 25ms (cache revalidated)
988 silly packumentCache full:https://registry.npmjs.org/string.prototype.repeat set size:8608 disposed:false
989 silly fetch manifest zod-validation-error@^3.5.0 || ^4.0.0
990 silly packumentCache full:https://registry.npmjs.org/zod-validation-error cache-miss
991 http fetch GET 200 https://registry.npmjs.org/array.prototype.findlast 54ms (cache revalidated)
992 silly packumentCache full:https://registry.npmjs.org/array.prototype.findlast set size:40323 disposed:false
993 silly fetch manifest @typescript-eslint/utils@8.56.0
994 silly packumentCache full:https://registry.npmjs.org/@typescript-eslint%2futils cache-miss
995 http cache https://registry.npmjs.org/@typescript-eslint%2futils 10ms (cache hit)
996 silly packumentCache full:https://registry.npmjs.org/@typescript-eslint%2futils set size:9727323 disposed:false
997 silly fetch manifest @typescript-eslint/parser@8.56.0
998 silly packumentCache full:https://registry.npmjs.org/@typescript-eslint%2fparser cache-miss
999 http fetch GET 200 https://registry.npmjs.org/hermes-parser 43ms (cache revalidated)
1000 silly packumentCache full:https://registry.npmjs.org/hermes-parser set size:160109 disposed:false
1001 silly fetch manifest @typescript-eslint/eslint-plugin@8.56.0
1002 silly packumentCache full:https://registry.npmjs.org/@typescript-eslint%2feslint-plugin cache-miss
1003 http fetch GET 200 https://registry.npmjs.org/zod-validation-error 41ms (cache revalidated)
1004 silly packumentCache full:https://registry.npmjs.org/zod-validation-error set size:178465 disposed:false
1005 silly fetch manifest @typescript-eslint/typescript-estree@8.56.0
1006 silly packumentCache full:https://registry.npmjs.org/@typescript-eslint%2ftypescript-estree cache-miss
1007 http fetch GET 200 https://registry.npmjs.org/@babel%2fcore 52ms (cache revalidated)
1008 silly packumentCache full:https://registry.npmjs.org/@babel%2fcore set size:756140 disposed:false
1009 http fetch GET 200 https://registry.npmjs.org/zod 58ms (cache revalidated)
1010 silly packumentCache full:https://registry.npmjs.org/zod set size:3489329 disposed:false
1011 http fetch GET 200 https://registry.npmjs.org/@babel%2fparser 64ms (cache revalidated)
1012 silly packumentCache full:https://registry.npmjs.org/@babel%2fparser set size:714217 disposed:false
1013 http fetch GET 200 https://registry.npmjs.org/@typescript-eslint%2fparser 79ms (cache revalidated)
1014 silly packumentCache full:https://registry.npmjs.org/@typescript-eslint%2fparser set size:14819040 disposed:false
1015 http fetch GET 200 https://registry.npmjs.org/@typescript-eslint%2ftypescript-estree 129ms (cache revalidated)
1016 silly packumentCache full:https://registry.npmjs.org/@typescript-eslint%2ftypescript-estree set size:15979685 disposed:false
1017 http fetch GET 200 https://registry.npmjs.org/@typescript-eslint%2feslint-plugin 178ms (cache revalidated)
1018 silly packumentCache full:https://registry.npmjs.org/@typescript-eslint%2feslint-plugin set size:17426288 disposed:false
1019 http fetch GET 200 https://registry.npmjs.org/get-tsconfig 512ms (cache revalidated)
1020 silly packumentCache full:https://registry.npmjs.org/get-tsconfig set size:112628 disposed:false
1021 silly placeDep ROOT fast-glob@3.3.1 OK for: @next/eslint-plugin-next@16.1.6 want: 3.3.1
1022 silly fetch manifest merge2@^1.3.0
1023 silly packumentCache full:https://registry.npmjs.org/merge2 cache-miss
1024 silly fetch manifest micromatch@^4.0.4
1025 silly packumentCache full:https://registry.npmjs.org/micromatch cache-miss
1026 silly fetch manifest glob-parent@^5.1.2
1027 silly packumentCache full:https://registry.npmjs.org/glob-parent cache-hit
1028 silly fetch manifest @nodelib/fs.stat@^2.0.2
1029 silly packumentCache full:https://registry.npmjs.org/@nodelib%2ffs.stat cache-miss
1030 silly fetch manifest @nodelib/fs.walk@^1.2.3
1031 silly packumentCache full:https://registry.npmjs.org/@nodelib%2ffs.walk cache-miss
1032 http fetch GET 200 https://registry.npmjs.org/micromatch 31ms (cache revalidated)
1033 silly packumentCache full:https://registry.npmjs.org/micromatch set size:240630 disposed:false
1034 http fetch GET 200 https://registry.npmjs.org/merge2 33ms (cache revalidated)
1035 silly packumentCache full:https://registry.npmjs.org/merge2 set size:46159 disposed:false
1036 http fetch GET 200 https://registry.npmjs.org/@nodelib%2ffs.walk 37ms (cache revalidated)
1037 silly packumentCache full:https://registry.npmjs.org/@nodelib%2ffs.walk set size:41589 disposed:false
1038 http fetch GET 200 https://registry.npmjs.org/@nodelib%2ffs.stat 97ms (cache revalidated)
1039 silly packumentCache full:https://registry.npmjs.org/@nodelib%2ffs.stat set size:36993 disposed:false
1040 silly placeDep node_modules/eslint-import-resolver-node debug@3.2.7 OK for: eslint-import-resolver-node@0.3.9 want: ^3.2.7
1041 silly placeDep ROOT is-core-module@2.16.1 OK for: eslint-import-resolver-node@0.3.9 want: ^2.13.0
1042 silly placeDep ROOT resolve@1.22.11 OK for: eslint-import-resolver-node@0.3.9 want: ^1.22.4
1043 silly fetch manifest path-parse@^1.0.7
1044 silly packumentCache full:https://registry.npmjs.org/path-parse cache-miss
1045 silly fetch manifest supports-preserve-symlinks-flag@^1.0.0
1046 silly packumentCache full:https://registry.npmjs.org/supports-preserve-symlinks-flag cache-miss
1047 http fetch GET 200 https://registry.npmjs.org/path-parse 25ms (cache revalidated)
1048 silly packumentCache full:https://registry.npmjs.org/path-parse set size:14523 disposed:false
1049 http fetch GET 200 https://registry.npmjs.org/supports-preserve-symlinks-flag 35ms (cache revalidated)
1050 silly packumentCache full:https://registry.npmjs.org/supports-preserve-symlinks-flag set size:6802 disposed:false
1051 silly placeDep ROOT @nolyfill/is-core-module@1.0.39 OK for: eslint-import-resolver-typescript@3.10.1 want: 1.0.39
1052 silly placeDep ROOT get-tsconfig@4.13.6 OK for: eslint-import-resolver-typescript@3.10.1 want: ^4.10.0
1053 silly placeDep ROOT is-bun-module@2.0.0 OK for: eslint-import-resolver-typescript@3.10.1 want: ^2.0.0
1054 silly placeDep ROOT stable-hash@0.0.5 OK for: eslint-import-resolver-typescript@3.10.1 want: ^0.0.5
1055 silly placeDep ROOT tinyglobby@0.2.15 OK for: eslint-import-resolver-typescript@3.10.1 want: ^0.2.13
1056 silly placeDep ROOT unrs-resolver@1.11.1 OK for: eslint-import-resolver-typescript@3.10.1 want: ^1.6.2
1057 silly fetch manifest resolve-pkg-maps@^1.0.0
1058 silly packumentCache full:https://registry.npmjs.org/resolve-pkg-maps cache-miss
1059 silly fetch manifest semver@^7.7.1
1060 silly packumentCache full:https://registry.npmjs.org/semver cache-hit
1061 silly fetch manifest fdir@^6.5.0
1062 silly packumentCache full:https://registry.npmjs.org/fdir cache-miss
1063 silly fetch manifest picomatch@^4.0.3
1064 silly packumentCache full:https://registry.npmjs.org/picomatch cache-miss
1065 silly fetch manifest napi-postinstall@^0.3.0
1066 silly packumentCache full:https://registry.npmjs.org/napi-postinstall cache-miss
1067 silly fetch manifest @unrs/resolver-binding-win32-x64-msvc@1.11.1
1068 silly packumentCache full:https://registry.npmjs.org/@unrs%2fresolver-binding-win32-x64-msvc cache-miss
1069 silly fetch manifest @unrs/resolver-binding-win32-arm64-msvc@1.11.1
1070 silly packumentCache full:https://registry.npmjs.org/@unrs%2fresolver-binding-win32-arm64-msvc cache-miss
1071 silly fetch manifest @unrs/resolver-binding-win32-ia32-msvc@1.11.1
1072 silly packumentCache full:https://registry.npmjs.org/@unrs%2fresolver-binding-win32-ia32-msvc cache-miss
1073 http fetch GET 200 https://registry.npmjs.org/fdir 24ms (cache revalidated)
1074 silly packumentCache full:https://registry.npmjs.org/fdir set size:136182 disposed:false
1075 silly fetch manifest @unrs/resolver-binding-linux-x64-gnu@1.11.1
1076 silly packumentCache full:https://registry.npmjs.org/@unrs%2fresolver-binding-linux-x64-gnu cache-miss
1077 http fetch GET 200 https://registry.npmjs.org/resolve-pkg-maps 28ms (cache revalidated)
1078 silly packumentCache full:https://registry.npmjs.org/resolve-pkg-maps set size:11615 disposed:false
1079 silly fetch manifest @unrs/resolver-binding-linux-x64-musl@1.11.1
1080 silly packumentCache full:https://registry.npmjs.org/@unrs%2fresolver-binding-linux-x64-musl cache-miss
1081 http fetch GET 200 https://registry.npmjs.org/picomatch 29ms (cache revalidated)
1082 silly packumentCache full:https://registry.npmjs.org/picomatch set size:118818 disposed:false
1083 silly fetch manifest @unrs/resolver-binding-freebsd-x64@1.11.1
1084 silly packumentCache full:https://registry.npmjs.org/@unrs%2fresolver-binding-freebsd-x64 cache-miss
1085 http fetch GET 200 https://registry.npmjs.org/napi-postinstall 29ms (cache revalidated)
1086 silly packumentCache full:https://registry.npmjs.org/napi-postinstall set size:41400 disposed:false
1087 silly fetch manifest @unrs/resolver-binding-android-arm64@1.11.1
1088 silly packumentCache full:https://registry.npmjs.org/@unrs%2fresolver-binding-android-arm64 cache-miss
1089 http fetch GET 200 https://registry.npmjs.org/@unrs%2fresolver-binding-win32-arm64-msvc 39ms (cache revalidated)
1090 silly packumentCache full:https://registry.npmjs.org/@unrs%2fresolver-binding-win32-arm64-msvc set size:59292 disposed:false
1091 silly fetch manifest @unrs/resolver-binding-linux-arm64-gnu@1.11.1
1092 silly packumentCache full:https://registry.npmjs.org/@unrs%2fresolver-binding-linux-arm64-gnu cache-miss
1093 http fetch GET 200 https://registry.npmjs.org/@unrs%2fresolver-binding-win32-ia32-msvc 50ms (cache revalidated)
1094 silly packumentCache full:https://registry.npmjs.org/@unrs%2fresolver-binding-win32-ia32-msvc set size:59023 disposed:false
1095 silly fetch manifest @unrs/resolver-binding-linux-arm64-musl@1.11.1
1096 silly packumentCache full:https://registry.npmjs.org/@unrs%2fresolver-binding-linux-arm64-musl cache-miss
1097 http fetch GET 200 https://registry.npmjs.org/@unrs%2fresolver-binding-win32-x64-msvc 62ms (cache revalidated)
1098 silly packumentCache full:https://registry.npmjs.org/@unrs%2fresolver-binding-win32-x64-msvc set size:58760 disposed:false
1099 silly fetch manifest @unrs/resolver-binding-android-arm-eabi@1.11.1
1100 silly packumentCache full:https://registry.npmjs.org/@unrs%2fresolver-binding-android-arm-eabi cache-miss
1101 http fetch GET 200 https://registry.npmjs.org/@unrs%2fresolver-binding-android-arm64 87ms (cache revalidated)
1102 silly packumentCache full:https://registry.npmjs.org/@unrs%2fresolver-binding-android-arm64 set size:12351 disposed:false
1103 silly fetch manifest @unrs/resolver-binding-linux-arm-gnueabihf@1.11.1
1104 silly packumentCache full:https://registry.npmjs.org/@unrs%2fresolver-binding-linux-arm-gnueabihf cache-miss
1105 http fetch GET 200 https://registry.npmjs.org/@unrs%2fresolver-binding-freebsd-x64 280ms (cache revalidated)
1106 silly packumentCache full:https://registry.npmjs.org/@unrs%2fresolver-binding-freebsd-x64 set size:58172 disposed:false
1107 silly fetch manifest @unrs/resolver-binding-linux-arm-musleabihf@1.11.1
1108 silly packumentCache full:https://registry.npmjs.org/@unrs%2fresolver-binding-linux-arm-musleabihf cache-miss
1109 http fetch GET 200 https://registry.npmjs.org/@unrs%2fresolver-binding-linux-x64-gnu 297ms (cache revalidated)
1110 silly packumentCache full:https://registry.npmjs.org/@unrs%2fresolver-binding-linux-x64-gnu set size:59167 disposed:false
1111 silly fetch manifest @unrs/resolver-binding-linux-ppc64-gnu@1.11.1
1112 silly packumentCache full:https://registry.npmjs.org/@unrs%2fresolver-binding-linux-ppc64-gnu cache-miss
1113 http fetch GET 200 https://registry.npmjs.org/@unrs%2fresolver-binding-linux-arm64-musl 289ms (cache revalidated)
1114 silly packumentCache full:https://registry.npmjs.org/@unrs%2fresolver-binding-linux-arm64-musl set size:59889 disposed:false
1115 silly fetch manifest @unrs/resolver-binding-linux-riscv64-gnu@1.11.1
1116 silly packumentCache full:https://registry.npmjs.org/@unrs%2fresolver-binding-linux-riscv64-gnu cache-miss
1117 http fetch GET 200 https://registry.npmjs.org/@unrs%2fresolver-binding-linux-arm-musleabihf 46ms (cache revalidated)
1118 silly packumentCache full:https://registry.npmjs.org/@unrs%2fresolver-binding-linux-arm-musleabihf set size:60135 disposed:false
1119 silly fetch manifest @unrs/resolver-binding-linux-riscv64-musl@1.11.1
1120 silly packumentCache full:https://registry.npmjs.org/@unrs%2fresolver-binding-linux-riscv64-musl cache-miss
1121 http fetch GET 200 https://registry.npmjs.org/@unrs%2fresolver-binding-linux-ppc64-gnu 40ms (cache revalidated)
1122 silly packumentCache full:https://registry.npmjs.org/@unrs%2fresolver-binding-linux-ppc64-gnu set size:59704 disposed:false
1123 silly fetch manifest @unrs/resolver-binding-linux-s390x-gnu@1.11.1
1124 silly packumentCache full:https://registry.npmjs.org/@unrs%2fresolver-binding-linux-s390x-gnu cache-miss
1125 http fetch GET 200 https://registry.npmjs.org/@unrs%2fresolver-binding-linux-x64-musl 341ms (cache revalidated)
1126 silly packumentCache full:https://registry.npmjs.org/@unrs%2fresolver-binding-linux-x64-musl set size:59364 disposed:false
1127 silly fetch manifest @unrs/resolver-binding-darwin-x64@1.11.1
1128 silly packumentCache full:https://registry.npmjs.org/@unrs%2fresolver-binding-darwin-x64 cache-miss
1129 http fetch GET 200 https://registry.npmjs.org/@unrs%2fresolver-binding-android-arm-eabi 312ms (cache revalidated)
1130 silly packumentCache full:https://registry.npmjs.org/@unrs%2fresolver-binding-android-arm-eabi set size:12473 disposed:false
1131 silly fetch manifest @unrs/resolver-binding-darwin-arm64@1.11.1
1132 silly packumentCache full:https://registry.npmjs.org/@unrs%2fresolver-binding-darwin-arm64 cache-miss
1133 http fetch GET 200 https://registry.npmjs.org/@unrs%2fresolver-binding-linux-riscv64-gnu 50ms (cache revalidated)
1134 silly packumentCache full:https://registry.npmjs.org/@unrs%2fresolver-binding-linux-riscv64-gnu set size:50987 disposed:false
1135 silly fetch manifest @unrs/resolver-binding-wasm32-wasi@1.11.1
1136 silly packumentCache full:https://registry.npmjs.org/@unrs%2fresolver-binding-wasm32-wasi cache-miss
1137 http fetch GET 200 https://registry.npmjs.org/@unrs%2fresolver-binding-linux-arm-gnueabihf 296ms (cache revalidated)
1138 silly packumentCache full:https://registry.npmjs.org/@unrs%2fresolver-binding-linux-arm-gnueabihf set size:59902 disposed:false
1139 http fetch GET 200 https://registry.npmjs.org/@unrs%2fresolver-binding-linux-arm64-gnu 456ms (cache revalidated)
1140 silly packumentCache full:https://registry.npmjs.org/@unrs%2fresolver-binding-linux-arm64-gnu set size:59697 disposed:false
1141 http fetch GET 200 https://registry.npmjs.org/@unrs%2fresolver-binding-linux-riscv64-musl 281ms (cache revalidated)
1142 silly packumentCache full:https://registry.npmjs.org/@unrs%2fresolver-binding-linux-riscv64-musl set size:40293 disposed:false
1143 http fetch GET 200 https://registry.npmjs.org/@unrs%2fresolver-binding-linux-s390x-gnu 287ms (cache revalidated)
1144 silly packumentCache full:https://registry.npmjs.org/@unrs%2fresolver-binding-linux-s390x-gnu set size:59697 disposed:false
1145 http fetch GET 200 https://registry.npmjs.org/@unrs%2fresolver-binding-darwin-arm64 298ms (cache revalidated)
1146 silly packumentCache full:https://registry.npmjs.org/@unrs%2fresolver-binding-darwin-arm64 set size:58434 disposed:false
1147 http fetch GET 200 https://registry.npmjs.org/@unrs%2fresolver-binding-wasm32-wasi 327ms (cache revalidated)
1148 silly packumentCache full:https://registry.npmjs.org/@unrs%2fresolver-binding-wasm32-wasi set size:61704 disposed:false
1149 http fetch GET 200 https://registry.npmjs.org/@unrs%2fresolver-binding-darwin-x64 450ms (cache revalidated)
1150 silly packumentCache full:https://registry.npmjs.org/@unrs%2fresolver-binding-darwin-x64 set size:57901 disposed:false
1151 silly placeDep ROOT @rtsao/scc@1.1.0 OK for: eslint-plugin-import@2.32.0 want: ^1.1.0
1152 silly placeDep ROOT array-includes@3.1.9 OK for: eslint-plugin-import@2.32.0 want: ^3.1.9
1153 silly placeDep ROOT array.prototype.findlastindex@1.2.6 OK for: eslint-plugin-import@2.32.0 want: ^1.2.6
1154 silly placeDep ROOT array.prototype.flat@1.3.3 OK for: eslint-plugin-import@2.32.0 want: ^1.3.3
1155 silly placeDep ROOT array.prototype.flatmap@1.3.3 OK for: eslint-plugin-import@2.32.0 want: ^1.3.3
1156 silly placeDep node_modules/eslint-plugin-import debug@3.2.7 OK for: eslint-plugin-import@2.32.0 want: ^3.2.7
1157 silly placeDep ROOT doctrine@2.1.0 OK for: eslint-plugin-import@2.32.0 want: ^2.1.0
1158 silly placeDep ROOT eslint-module-utils@2.12.1 OK for: eslint-plugin-import@2.32.0 want: ^2.12.1
1159 silly placeDep ROOT hasown@2.0.2 OK for: eslint-plugin-import@2.32.0 want: ^2.0.2
1160 silly placeDep ROOT object.fromentries@2.0.8 OK for: eslint-plugin-import@2.32.0 want: ^2.0.8
1161 silly placeDep ROOT object.groupby@1.0.3 OK for: eslint-plugin-import@2.32.0 want: ^1.0.3
1162 silly placeDep ROOT object.values@1.2.1 OK for: eslint-plugin-import@2.32.0 want: ^1.2.1
1163 silly placeDep ROOT semver@6.3.1 OK for: eslint-plugin-import@2.32.0 want: ^6.3.1
1164 silly placeDep ROOT string.prototype.trimend@1.0.9 OK for: eslint-plugin-import@2.32.0 want: ^1.0.9
1165 silly placeDep ROOT tsconfig-paths@3.15.0 OK for: eslint-plugin-import@2.32.0 want: ^3.15.0
1166 silly fetch manifest call-bind@^1.0.8
1167 silly packumentCache full:https://registry.npmjs.org/call-bind cache-miss
1168 silly fetch manifest call-bound@^1.0.4
1169 silly packumentCache full:https://registry.npmjs.org/call-bound cache-miss
1170 silly fetch manifest define-properties@^1.2.1
1171 silly packumentCache full:https://registry.npmjs.org/define-properties cache-miss
1172 silly fetch manifest es-abstract@^1.24.0
1173 silly packumentCache full:https://registry.npmjs.org/es-abstract cache-miss
1174 silly fetch manifest es-object-atoms@^1.1.1
1175 silly packumentCache full:https://registry.npmjs.org/es-object-atoms cache-miss
1176 silly fetch manifest get-intrinsic@^1.3.0
1177 silly packumentCache full:https://registry.npmjs.org/get-intrinsic cache-miss
1178 silly fetch manifest is-string@^1.1.1
1179 silly packumentCache full:https://registry.npmjs.org/is-string cache-miss
1180 http fetch GET 200 https://registry.npmjs.org/es-object-atoms 54ms (cache revalidated)
1181 silly packumentCache full:https://registry.npmjs.org/es-object-atoms set size:15304 disposed:false
1182 silly fetch manifest math-intrinsics@^1.1.0
1183 silly packumentCache full:https://registry.npmjs.org/math-intrinsics cache-miss
1184 http fetch GET 200 https://registry.npmjs.org/get-intrinsic 55ms (cache revalidated)
1185 silly packumentCache full:https://registry.npmjs.org/get-intrinsic set size:60985 disposed:false
1186 silly fetch manifest call-bind@^1.0.8
1187 silly packumentCache full:https://registry.npmjs.org/call-bind cache-miss
1188 http fetch GET 200 https://registry.npmjs.org/call-bind 60ms (cache revalidated)
1189 silly packumentCache full:https://registry.npmjs.org/call-bind set size:30096 disposed:false
1190 silly fetch manifest call-bound@^1.0.4
1191 silly packumentCache full:https://registry.npmjs.org/call-bound cache-miss
1192 http fetch GET 200 https://registry.npmjs.org/define-properties 62ms (cache revalidated)
1193 silly packumentCache full:https://registry.npmjs.org/define-properties set size:31491 disposed:false
1194 silly fetch manifest es-abstract@^1.23.9
1195 silly packumentCache full:https://registry.npmjs.org/es-abstract cache-miss
1196 http fetch GET 200 https://registry.npmjs.org/es-abstract 65ms (cache revalidated)
1197 silly packumentCache full:https://registry.npmjs.org/es-abstract set size:378584 disposed:false
1198 silly fetch manifest es-errors@^1.3.0
1199 silly packumentCache full:https://registry.npmjs.org/es-errors cache-miss
1200 http fetch GET 200 https://registry.npmjs.org/is-string 66ms (cache revalidated)
1201 silly packumentCache full:https://registry.npmjs.org/is-string set size:29636 disposed:false
1202 silly fetch manifest es-shim-unscopables@^1.1.0
1203 silly packumentCache full:https://registry.npmjs.org/es-shim-unscopables cache-miss
1204 http fetch GET 200 https://registry.npmjs.org/call-bind 21ms (cache revalidated)
1205 silly packumentCache full:https://registry.npmjs.org/call-bind set size:30096 disposed:false
1206 silly packumentCache full:https://registry.npmjs.org/call-bind dispose
1207 silly fetch manifest es-abstract@^1.23.5
1208 silly packumentCache full:https://registry.npmjs.org/es-abstract cache-hit
1209 silly fetch manifest es-shim-unscopables@^1.0.2
1210 silly packumentCache full:https://registry.npmjs.org/es-shim-unscopables cache-miss
1211 http fetch GET 200 https://registry.npmjs.org/call-bound 20ms (cache revalidated)
1212 silly packumentCache full:https://registry.npmjs.org/call-bound set size:15317 disposed:false
1213 silly fetch manifest es-shim-unscopables@^1.0.2
1214 silly packumentCache full:https://registry.npmjs.org/es-shim-unscopables cache-miss
1215 http fetch GET 200 https://registry.npmjs.org/math-intrinsics 25ms (cache revalidated)
1216 silly packumentCache full:https://registry.npmjs.org/math-intrinsics set size:9265 disposed:false
1217 silly fetch manifest function-bind@^1.1.2
1218 silly packumentCache full:https://registry.npmjs.org/function-bind cache-miss
1219 http fetch GET 200 https://registry.npmjs.org/call-bound 83ms (cache revalidated)
1220 silly packumentCache full:https://registry.npmjs.org/call-bound set size:15317 disposed:false
1221 silly packumentCache full:https://registry.npmjs.org/call-bound dispose
1222 silly fetch manifest call-bind@^1.0.7
1223 silly packumentCache full:https://registry.npmjs.org/call-bind cache-hit
1224 silly fetch manifest es-abstract@^1.23.2
1225 silly packumentCache full:https://registry.npmjs.org/es-abstract cache-hit
1226 silly fetch manifest es-object-atoms@^1.0.0
1227 silly packumentCache full:https://registry.npmjs.org/es-object-atoms cache-hit
1228 silly fetch manifest call-bound@^1.0.3
1229 silly packumentCache full:https://registry.npmjs.org/call-bound cache-hit
1230 silly fetch manifest call-bound@^1.0.2
1231 silly packumentCache full:https://registry.npmjs.org/call-bound cache-hit
1232 silly fetch manifest json5@^1.0.2
1233 silly packumentCache full:https://registry.npmjs.org/json5 cache-miss
1234 http fetch GET 200 https://registry.npmjs.org/es-abstract 26ms (cache revalidated)
1235 silly packumentCache full:https://registry.npmjs.org/es-abstract set size:378584 disposed:false
1236 silly packumentCache full:https://registry.npmjs.org/es-abstract dispose
1237 silly fetch manifest minimist@^1.2.6
1238 silly packumentCache full:https://registry.npmjs.org/minimist cache-miss
1239 http fetch GET 200 https://registry.npmjs.org/es-errors 23ms (cache revalidated)
1240 silly packumentCache full:https://registry.npmjs.org/es-errors set size:16918 disposed:false
1241 silly fetch manifest strip-bom@^3.0.0
1242 silly packumentCache full:https://registry.npmjs.org/strip-bom cache-miss
1243 http fetch GET 200 https://registry.npmjs.org/es-shim-unscopables 31ms (cache revalidated)
1244 silly packumentCache full:https://registry.npmjs.org/es-shim-unscopables set size:13965 disposed:false
1245 silly fetch manifest @types/json5@^0.0.29
1246 silly packumentCache full:https://registry.npmjs.org/@types%2fjson5 cache-miss
1247 http fetch GET 200 https://registry.npmjs.org/es-shim-unscopables 24ms (cache revalidated)
1248 silly packumentCache full:https://registry.npmjs.org/es-shim-unscopables set size:13965 disposed:false
1249 silly packumentCache full:https://registry.npmjs.org/es-shim-unscopables dispose
1250 http fetch GET 200 https://registry.npmjs.org/es-shim-unscopables 26ms (cache revalidated)
1251 silly packumentCache full:https://registry.npmjs.org/es-shim-unscopables set size:13965 disposed:true
1252 silly packumentCache full:https://registry.npmjs.org/es-shim-unscopables dispose
1253 http fetch GET 200 https://registry.npmjs.org/function-bind 27ms (cache revalidated)
1254 silly packumentCache full:https://registry.npmjs.org/function-bind set size:15733 disposed:false
1255 http fetch GET 200 https://registry.npmjs.org/strip-bom 23ms (cache revalidated)
1256 silly packumentCache full:https://registry.npmjs.org/strip-bom set size:19359 disposed:false
1257 http fetch GET 200 https://registry.npmjs.org/minimist 25ms (cache revalidated)
1258 silly packumentCache full:https://registry.npmjs.org/minimist set size:77082 disposed:false
1259 http fetch GET 200 https://registry.npmjs.org/@types%2fjson5 38ms (cache revalidated)
1260 silly packumentCache full:https://registry.npmjs.org/@types%2fjson5 set size:19581 disposed:false
1261 http fetch GET 200 https://registry.npmjs.org/json5 105ms (cache revalidated)
1262 silly packumentCache full:https://registry.npmjs.org/json5 set size:86136 disposed:false
1263 silly placeDep ROOT call-bind@1.0.8 OK for: array-includes@3.1.9 want: ^1.0.8
1264 silly placeDep ROOT call-bound@1.0.4 OK for: array-includes@3.1.9 want: ^1.0.4
1265 silly placeDep ROOT define-properties@1.2.1 OK for: array-includes@3.1.9 want: ^1.2.1
1266 silly placeDep ROOT es-abstract@1.24.1 OK for: array-includes@3.1.9 want: ^1.24.0
1267 silly placeDep ROOT es-object-atoms@1.1.1 OK for: array-includes@3.1.9 want: ^1.1.1
1268 silly placeDep ROOT get-intrinsic@1.3.0 OK for: array-includes@3.1.9 want: ^1.3.0
1269 silly placeDep ROOT is-string@1.1.1 OK for: array-includes@3.1.9 want: ^1.1.1
1270 silly placeDep ROOT math-intrinsics@1.1.0 OK for: array-includes@3.1.9 want: ^1.1.0
1271 silly fetch manifest call-bind-apply-helpers@^1.0.0
1272 silly packumentCache full:https://registry.npmjs.org/call-bind-apply-helpers cache-miss
1273 silly fetch manifest es-define-property@^1.0.0
1274 silly packumentCache full:https://registry.npmjs.org/es-define-property cache-miss
1275 silly fetch manifest get-intrinsic@^1.2.4
1276 silly packumentCache full:https://registry.npmjs.org/get-intrinsic cache-hit
1277 silly fetch manifest set-function-length@^1.2.2
1278 silly packumentCache full:https://registry.npmjs.org/set-function-length cache-miss
1279 silly fetch manifest call-bind-apply-helpers@^1.0.2
1280 silly packumentCache full:https://registry.npmjs.org/call-bind-apply-helpers cache-miss
1281 silly fetch manifest define-data-property@^1.0.1
1282 silly packumentCache full:https://registry.npmjs.org/define-data-property cache-miss
1283 silly fetch manifest has-property-descriptors@^1.0.0
1284 silly packumentCache full:https://registry.npmjs.org/has-property-descriptors cache-miss
1285 silly fetch manifest object-keys@^1.1.1
1286 silly packumentCache full:https://registry.npmjs.org/object-keys cache-miss
1287 http fetch GET 200 https://registry.npmjs.org/es-define-property 25ms (cache revalidated)
1288 silly packumentCache full:https://registry.npmjs.org/es-define-property set size:8542 disposed:false
1289 silly fetch manifest array-buffer-byte-length@^1.0.2
1290 silly packumentCache full:https://registry.npmjs.org/array-buffer-byte-length cache-miss
1291 http fetch GET 200 https://registry.npmjs.org/call-bind-apply-helpers 26ms (cache revalidated)
1292 silly packumentCache full:https://registry.npmjs.org/call-bind-apply-helpers set size:12744 disposed:false
1293 silly fetch manifest arraybuffer.prototype.slice@^1.0.4
1294 silly packumentCache full:https://registry.npmjs.org/arraybuffer.prototype.slice cache-miss
1295 http fetch GET 200 https://registry.npmjs.org/call-bind-apply-helpers 27ms (cache revalidated)
1296 silly packumentCache full:https://registry.npmjs.org/call-bind-apply-helpers set size:12744 disposed:false
1297 silly packumentCache full:https://registry.npmjs.org/call-bind-apply-helpers dispose
1298 silly fetch manifest available-typed-arrays@^1.0.7
1299 silly packumentCache full:https://registry.npmjs.org/available-typed-arrays cache-miss
1300 http fetch GET 200 https://registry.npmjs.org/has-property-descriptors 29ms (cache revalidated)
1301 silly packumentCache full:https://registry.npmjs.org/has-property-descriptors set size:12452 disposed:false
1302 silly fetch manifest data-view-buffer@^1.0.2
1303 silly packumentCache full:https://registry.npmjs.org/data-view-buffer cache-miss
1304 http fetch GET 200 https://registry.npmjs.org/set-function-length 34ms (cache revalidated)
1305 silly packumentCache full:https://registry.npmjs.org/set-function-length set size:24261 disposed:false
1306 silly fetch manifest data-view-byte-length@^1.0.2
1307 silly packumentCache full:https://registry.npmjs.org/data-view-byte-length cache-miss
1308 http fetch GET 200 https://registry.npmjs.org/arraybuffer.prototype.slice 20ms (cache revalidated)
1309 silly packumentCache full:https://registry.npmjs.org/arraybuffer.prototype.slice set size:20917 disposed:false
1310 silly fetch manifest data-view-byte-offset@^1.0.1
1311 silly packumentCache full:https://registry.npmjs.org/data-view-byte-offset cache-miss
1312 http fetch GET 200 https://registry.npmjs.org/array-buffer-byte-length 24ms (cache revalidated)
1313 silly packumentCache full:https://registry.npmjs.org/array-buffer-byte-length set size:13099 disposed:false
1314 silly fetch manifest es-define-property@^1.0.1
1315 silly packumentCache full:https://registry.npmjs.org/es-define-property cache-hit
1316 silly fetch manifest es-set-tostringtag@^2.1.0
1317 silly packumentCache full:https://registry.npmjs.org/es-set-tostringtag cache-miss
1318 http fetch GET 200 https://registry.npmjs.org/define-data-property 49ms (cache revalidated)
1319 silly packumentCache full:https://registry.npmjs.org/define-data-property set size:28048 disposed:false
1320 silly fetch manifest es-to-primitive@^1.3.0
1321 silly packumentCache full:https://registry.npmjs.org/es-to-primitive cache-miss
1322 http fetch GET 200 https://registry.npmjs.org/available-typed-arrays 26ms (cache revalidated)
1323 silly packumentCache full:https://registry.npmjs.org/available-typed-arrays set size:31390 disposed:false
1324 silly fetch manifest function.prototype.name@^1.1.8
1325 silly packumentCache full:https://registry.npmjs.org/function.prototype.name cache-miss
1326 http fetch GET 200 https://registry.npmjs.org/data-view-byte-length 31ms (cache revalidated)
1327 silly packumentCache full:https://registry.npmjs.org/data-view-byte-length set size:12269 disposed:false
1328 silly fetch manifest get-proto@^1.0.1
1329 silly packumentCache full:https://registry.npmjs.org/get-proto cache-miss
1330 http fetch GET 200 https://registry.npmjs.org/es-set-tostringtag 23ms (cache revalidated)
1331 silly packumentCache full:https://registry.npmjs.org/es-set-tostringtag set size:22094 disposed:false
1332 silly fetch manifest get-symbol-description@^1.1.0
1333 silly packumentCache full:https://registry.npmjs.org/get-symbol-description cache-miss
1334 http fetch GET 200 https://registry.npmjs.org/data-view-byte-offset 27ms (cache revalidated)
1335 silly packumentCache full:https://registry.npmjs.org/data-view-byte-offset set size:9200 disposed:false
1336 silly fetch manifest globalthis@^1.0.4
1337 silly packumentCache full:https://registry.npmjs.org/globalthis cache-miss
1338 http fetch GET 200 https://registry.npmjs.org/function.prototype.name 22ms (cache revalidated)
1339 silly packumentCache full:https://registry.npmjs.org/function.prototype.name set size:44756 disposed:false
1340 silly fetch manifest gopd@^1.2.0
1341 silly packumentCache full:https://registry.npmjs.org/gopd cache-miss
1342 http fetch GET 200 https://registry.npmjs.org/get-proto 26ms (cache revalidated)
1343 silly packumentCache full:https://registry.npmjs.org/get-proto set size:8300 disposed:false
1344 silly fetch manifest has-property-descriptors@^1.0.2
1345 silly packumentCache full:https://registry.npmjs.org/has-property-descriptors cache-hit
1346 silly fetch manifest has-proto@^1.2.0
1347 silly packumentCache full:https://registry.npmjs.org/has-proto cache-miss
1348 http fetch GET 200 https://registry.npmjs.org/es-to-primitive 41ms (cache revalidated)
1349 silly packumentCache full:https://registry.npmjs.org/es-to-primitive set size:22465 disposed:false
1350 silly fetch manifest has-symbols@^1.1.0
1351 silly packumentCache full:https://registry.npmjs.org/has-symbols cache-miss
1352 http fetch GET 200 https://registry.npmjs.org/globalthis 22ms (cache revalidated)
1353 silly packumentCache full:https://registry.npmjs.org/globalthis set size:22522 disposed:false
1354 silly fetch manifest internal-slot@^1.1.0
1355 silly packumentCache full:https://registry.npmjs.org/internal-slot cache-miss
1356 http fetch GET 200 https://registry.npmjs.org/gopd 19ms (cache revalidated)
1357 silly packumentCache full:https://registry.npmjs.org/gopd set size:11458 disposed:false
1358 silly fetch manifest is-array-buffer@^3.0.5
1359 silly packumentCache full:https://registry.npmjs.org/is-array-buffer cache-miss
1360 http fetch GET 200 https://registry.npmjs.org/get-symbol-description 25ms (cache revalidated)
1361 silly packumentCache full:https://registry.npmjs.org/get-symbol-description set size:15540 disposed:false
1362 silly fetch manifest is-callable@^1.2.7
1363 silly packumentCache full:https://registry.npmjs.org/is-callable cache-miss
1364 http fetch GET 200 https://registry.npmjs.org/internal-slot 20ms (cache revalidated)
1365 silly packumentCache full:https://registry.npmjs.org/internal-slot set size:30267 disposed:false
1366 silly fetch manifest is-data-view@^1.0.2
1367 silly packumentCache full:https://registry.npmjs.org/is-data-view cache-miss
1368 http fetch GET 200 https://registry.npmjs.org/has-symbols 26ms (cache revalidated)
1369 silly packumentCache full:https://registry.npmjs.org/has-symbols set size:21550 disposed:false
1370 silly fetch manifest is-negative-zero@^2.0.3
1371 silly packumentCache full:https://registry.npmjs.org/is-negative-zero cache-miss
1372 http fetch GET 200 https://registry.npmjs.org/has-proto 29ms (cache revalidated)
1373 silly packumentCache full:https://registry.npmjs.org/has-proto set size:21527 disposed:false
1374 silly fetch manifest is-regex@^1.2.1
1375 silly packumentCache full:https://registry.npmjs.org/is-regex cache-miss
1376 http fetch GET 200 https://registry.npmjs.org/is-callable 25ms (cache revalidated)
1377 silly packumentCache full:https://registry.npmjs.org/is-callable set size:66606 disposed:false
1378 silly fetch manifest is-set@^2.0.3
1379 silly packumentCache full:https://registry.npmjs.org/is-set cache-miss
1380 http fetch GET 200 https://registry.npmjs.org/is-data-view 25ms (cache revalidated)
1381 silly packumentCache full:https://registry.npmjs.org/is-data-view set size:13756 disposed:false
1382 silly fetch manifest is-shared-array-buffer@^1.0.4
1383 silly packumentCache full:https://registry.npmjs.org/is-shared-array-buffer cache-miss
1384 http fetch GET 200 https://registry.npmjs.org/is-negative-zero 29ms (cache revalidated)
1385 silly packumentCache full:https://registry.npmjs.org/is-negative-zero set size:22152 disposed:false
1386 silly fetch manifest is-typed-array@^1.1.15
1387 silly packumentCache full:https://registry.npmjs.org/is-typed-array cache-miss
1388 http fetch GET 200 https://registry.npmjs.org/is-regex 28ms (cache revalidated)
1389 silly packumentCache full:https://registry.npmjs.org/is-regex set size:42924 disposed:false
1390 silly fetch manifest is-weakref@^1.1.1
1391 silly packumentCache full:https://registry.npmjs.org/is-weakref cache-miss
1392 http fetch GET 200 https://registry.npmjs.org/is-set 29ms (cache revalidated)
1393 silly packumentCache full:https://registry.npmjs.org/is-set set size:16614 disposed:false
1394 silly fetch manifest object-inspect@^1.13.4
1395 silly packumentCache full:https://registry.npmjs.org/object-inspect cache-miss
1396 http fetch GET 200 https://registry.npmjs.org/is-typed-array 25ms (cache revalidated)
1397 silly packumentCache full:https://registry.npmjs.org/is-typed-array set size:79965 disposed:false
1398 silly fetch manifest object-keys@^1.1.1
1399 silly packumentCache full:https://registry.npmjs.org/object-keys cache-miss
1400 http fetch GET 200 https://registry.npmjs.org/is-shared-array-buffer 34ms (cache revalidated)
1401 silly packumentCache full:https://registry.npmjs.org/is-shared-array-buffer set size:19880 disposed:false
1402 silly fetch manifest object.assign@^4.1.7
1403 silly packumentCache full:https://registry.npmjs.org/object.assign cache-miss
1404 http fetch GET 200 https://registry.npmjs.org/object-inspect 23ms (cache revalidated)
1405 silly packumentCache full:https://registry.npmjs.org/object-inspect set size:101912 disposed:false
1406 silly fetch manifest own-keys@^1.0.1
1407 silly packumentCache full:https://registry.npmjs.org/own-keys cache-miss
1408 http fetch GET 200 https://registry.npmjs.org/is-weakref 31ms (cache revalidated)
1409 silly packumentCache full:https://registry.npmjs.org/is-weakref set size:18473 disposed:false
1410 silly fetch manifest regexp.prototype.flags@^1.5.4
1411 silly packumentCache full:https://registry.npmjs.org/regexp.prototype.flags cache-miss
1412 http fetch GET 200 https://registry.npmjs.org/object-keys 185ms (cache revalidated)
1413 silly packumentCache full:https://registry.npmjs.org/object-keys set size:67744 disposed:false
1414 silly fetch manifest safe-array-concat@^1.1.3
1415 silly packumentCache full:https://registry.npmjs.org/safe-array-concat cache-miss
1416 http fetch GET 200 https://registry.npmjs.org/object-keys 26ms (cache revalidated)
1417 silly packumentCache full:https://registry.npmjs.org/object-keys set size:67744 disposed:false
1418 silly packumentCache full:https://registry.npmjs.org/object-keys dispose
1419 silly fetch manifest safe-push-apply@^1.0.0
1420 silly packumentCache full:https://registry.npmjs.org/safe-push-apply cache-miss
1421 http fetch GET 200 https://registry.npmjs.org/own-keys 22ms (cache revalidated)
1422 silly packumentCache full:https://registry.npmjs.org/own-keys set size:8735 disposed:false
1423 silly fetch manifest safe-regex-test@^1.1.0
1424 silly packumentCache full:https://registry.npmjs.org/safe-regex-test cache-hit
1425 silly fetch manifest set-proto@^1.0.0
1426 silly packumentCache full:https://registry.npmjs.org/set-proto cache-miss
1427 http fetch GET 200 https://registry.npmjs.org/object.assign 25ms (cache revalidated)
1428 silly packumentCache full:https://registry.npmjs.org/object.assign set size:85907 disposed:false
1429 silly fetch manifest stop-iteration-iterator@^1.1.0
1430 silly packumentCache full:https://registry.npmjs.org/stop-iteration-iterator cache-miss
1431 http fetch GET 200 https://registry.npmjs.org/safe-array-concat 25ms (cache revalidated)
1432 silly packumentCache full:https://registry.npmjs.org/safe-array-concat set size:22426 disposed:false
1433 silly fetch manifest string.prototype.trim@^1.2.10
1434 silly packumentCache full:https://registry.npmjs.org/string.prototype.trim cache-miss
1435 http fetch GET 200 https://registry.npmjs.org/data-view-buffer 186ms (cache revalidated)
1436 silly packumentCache full:https://registry.npmjs.org/data-view-buffer set size:11789 disposed:false
1437 silly fetch manifest string.prototype.trimstart@^1.0.8
1438 silly packumentCache full:https://registry.npmjs.org/string.prototype.trimstart cache-miss
1439 http fetch GET 200 https://registry.npmjs.org/stop-iteration-iterator 23ms (cache revalidated)
1440 silly packumentCache full:https://registry.npmjs.org/stop-iteration-iterator set size:9160 disposed:false
1441 silly fetch manifest typed-array-buffer@^1.0.3
1442 silly packumentCache full:https://registry.npmjs.org/typed-array-buffer cache-miss
1443 http fetch GET 200 https://registry.npmjs.org/set-proto 25ms (cache revalidated)
1444 silly packumentCache full:https://registry.npmjs.org/set-proto set size:5334 disposed:false
1445 silly fetch manifest typed-array-byte-length@^1.0.3
1446 silly packumentCache full:https://registry.npmjs.org/typed-array-byte-length cache-miss
1447 http fetch GET 200 https://registry.npmjs.org/safe-push-apply 28ms (cache revalidated)
1448 silly packumentCache full:https://registry.npmjs.org/safe-push-apply set size:5759 disposed:false
1449 silly fetch manifest typed-array-byte-offset@^1.0.4
1450 silly packumentCache full:https://registry.npmjs.org/typed-array-byte-offset cache-miss
1451 http fetch GET 200 https://registry.npmjs.org/string.prototype.trim 23ms (cache revalidated)
1452 silly packumentCache full:https://registry.npmjs.org/string.prototype.trim set size:54116 disposed:false
1453 silly fetch manifest typed-array-length@^1.0.7
1454 silly packumentCache full:https://registry.npmjs.org/typed-array-length cache-miss
1455 http fetch GET 200 https://registry.npmjs.org/typed-array-byte-offset 25ms (cache revalidated)
1456 silly packumentCache full:https://registry.npmjs.org/typed-array-byte-offset set size:21714 disposed:false
1457 silly fetch manifest unbox-primitive@^1.1.0
1458 silly packumentCache full:https://registry.npmjs.org/unbox-primitive cache-miss
1459 http fetch GET 200 https://registry.npmjs.org/typed-array-byte-length 26ms (cache revalidated)
1460 silly packumentCache full:https://registry.npmjs.org/typed-array-byte-length set size:18382 disposed:false
1461 silly fetch manifest which-typed-array@^1.1.19
1462 silly packumentCache full:https://registry.npmjs.org/which-typed-array cache-miss
1463 http fetch GET 200 https://registry.npmjs.org/typed-array-buffer 29ms (cache revalidated)
1464 silly packumentCache full:https://registry.npmjs.org/typed-array-buffer set size:14045 disposed:false
1465 silly fetch manifest has-tostringtag@^1.0.2
1466 silly packumentCache full:https://registry.npmjs.org/has-tostringtag cache-miss
1467 http fetch GET 200 https://registry.npmjs.org/typed-array-length 19ms (cache revalidated)
1468 silly packumentCache full:https://registry.npmjs.org/typed-array-length set size:32113 disposed:false
1469 http fetch GET 200 https://registry.npmjs.org/string.prototype.trimstart 46ms (cache revalidated)
1470 silly packumentCache full:https://registry.npmjs.org/string.prototype.trimstart set size:38291 disposed:false
1471 http fetch GET 200 https://registry.npmjs.org/unbox-primitive 24ms (cache revalidated)
1472 silly packumentCache full:https://registry.npmjs.org/unbox-primitive set size:15669 disposed:false
1473 http fetch GET 200 https://registry.npmjs.org/has-tostringtag 22ms (cache revalidated)
1474 silly packumentCache full:https://registry.npmjs.org/has-tostringtag set size:13945 disposed:false
1475 http fetch GET 200 https://registry.npmjs.org/regexp.prototype.flags 199ms (cache revalidated)
1476 silly packumentCache full:https://registry.npmjs.org/regexp.prototype.flags set size:60621 disposed:false
1477 http fetch GET 200 https://registry.npmjs.org/is-array-buffer 521ms (cache revalidated)
1478 silly packumentCache full:https://registry.npmjs.org/is-array-buffer set size:33562 disposed:false
1479 http fetch GET 200 https://registry.npmjs.org/which-typed-array 517ms (cache revalidated)
1480 silly packumentCache full:https://registry.npmjs.org/which-typed-array set size:93605 disposed:false
1481 silly placeDep ROOT es-errors@1.3.0 OK for: array.prototype.findlastindex@1.2.6 want: ^1.3.0
1482 silly placeDep ROOT es-shim-unscopables@1.1.0 OK for: array.prototype.findlastindex@1.2.6 want: ^1.1.0
1483 silly placeDep ROOT call-bind-apply-helpers@1.0.2 OK for: call-bind@1.0.8 want: ^1.0.0
1484 silly placeDep ROOT es-define-property@1.0.1 OK for: call-bind@1.0.8 want: ^1.0.0
1485 silly placeDep ROOT set-function-length@1.2.2 OK for: call-bind@1.0.8 want: ^1.2.2
1486 silly fetch manifest define-data-property@^1.1.4
1487 silly packumentCache full:https://registry.npmjs.org/define-data-property cache-hit
1488 silly fetch manifest gopd@^1.0.1
1489 silly packumentCache full:https://registry.npmjs.org/gopd cache-hit
1490 silly placeDep ROOT function-bind@1.1.2 OK for: call-bind-apply-helpers@1.0.2 want: ^1.1.2
1491 silly placeDep ROOT define-data-property@1.1.4 OK for: define-properties@1.2.1 want: ^1.0.1
1492 silly placeDep ROOT has-property-descriptors@1.0.2 OK for: define-properties@1.2.1 want: ^1.0.0
1493 silly placeDep ROOT object-keys@1.1.1 OK for: define-properties@1.2.1 want: ^1.1.1
1494 silly placeDep ROOT gopd@1.2.0 OK for: define-data-property@1.1.4 want: ^1.0.1
1495 silly placeDep ROOT array-buffer-byte-length@1.0.2 OK for: es-abstract@1.24.1 want: ^1.0.2
1496 silly placeDep ROOT arraybuffer.prototype.slice@1.0.4 OK for: es-abstract@1.24.1 want: ^1.0.4
1497 silly placeDep ROOT available-typed-arrays@1.0.7 OK for: es-abstract@1.24.1 want: ^1.0.7
1498 silly placeDep ROOT data-view-buffer@1.0.2 OK for: es-abstract@1.24.1 want: ^1.0.2
1499 silly placeDep ROOT data-view-byte-length@1.0.2 OK for: es-abstract@1.24.1 want: ^1.0.2
1500 silly placeDep ROOT data-view-byte-offset@1.0.1 OK for: es-abstract@1.24.1 want: ^1.0.1
1501 silly placeDep ROOT es-set-tostringtag@2.1.0 OK for: es-abstract@1.24.1 want: ^2.1.0
1502 silly placeDep ROOT es-to-primitive@1.3.0 OK for: es-abstract@1.24.1 want: ^1.3.0
1503 silly placeDep ROOT function.prototype.name@1.1.8 OK for: es-abstract@1.24.1 want: ^1.1.8
1504 silly placeDep ROOT get-proto@1.0.1 OK for: es-abstract@1.24.1 want: ^1.0.1
1505 silly placeDep ROOT get-symbol-description@1.1.0 OK for: es-abstract@1.24.1 want: ^1.1.0
1506 silly placeDep ROOT globalthis@1.0.4 OK for: es-abstract@1.24.1 want: ^1.0.4
1507 silly placeDep ROOT has-proto@1.2.0 OK for: es-abstract@1.24.1 want: ^1.2.0
1508 silly placeDep ROOT has-symbols@1.1.0 OK for: es-abstract@1.24.1 want: ^1.1.0
1509 silly placeDep ROOT internal-slot@1.1.0 OK for: es-abstract@1.24.1 want: ^1.1.0
1510 silly placeDep ROOT is-array-buffer@3.0.5 OK for: es-abstract@1.24.1 want: ^3.0.5
1511 silly placeDep ROOT is-callable@1.2.7 OK for: es-abstract@1.24.1 want: ^1.2.7
1512 silly placeDep ROOT is-data-view@1.0.2 OK for: es-abstract@1.24.1 want: ^1.0.2
1513 silly placeDep ROOT is-negative-zero@2.0.3 OK for: es-abstract@1.24.1 want: ^2.0.3
1514 silly placeDep ROOT is-regex@1.2.1 OK for: es-abstract@1.24.1 want: ^1.2.1
1515 silly placeDep ROOT is-set@2.0.3 OK for: es-abstract@1.24.1 want: ^2.0.3
1516 silly placeDep ROOT is-shared-array-buffer@1.0.4 OK for: es-abstract@1.24.1 want: ^1.0.4
1517 silly placeDep ROOT is-typed-array@1.1.15 OK for: es-abstract@1.24.1 want: ^1.1.15
1518 silly placeDep ROOT is-weakref@1.1.1 OK for: es-abstract@1.24.1 want: ^1.1.1
1519 silly placeDep ROOT object-inspect@1.13.4 OK for: es-abstract@1.24.1 want: ^1.13.4
1520 silly placeDep ROOT object.assign@4.1.7 OK for: es-abstract@1.24.1 want: ^4.1.7
1521 silly placeDep ROOT own-keys@1.0.1 OK for: es-abstract@1.24.1 want: ^1.0.1
1522 silly placeDep ROOT regexp.prototype.flags@1.5.4 OK for: es-abstract@1.24.1 want: ^1.5.4
1523 silly placeDep ROOT safe-array-concat@1.1.3 OK for: es-abstract@1.24.1 want: ^1.1.3
1524 silly placeDep ROOT safe-push-apply@1.0.0 OK for: es-abstract@1.24.1 want: ^1.0.0
1525 silly placeDep ROOT safe-regex-test@1.1.0 OK for: es-abstract@1.24.1 want: ^1.1.0
1526 silly placeDep ROOT set-proto@1.0.0 OK for: es-abstract@1.24.1 want: ^1.0.0
1527 silly placeDep ROOT stop-iteration-iterator@1.1.0 OK for: es-abstract@1.24.1 want: ^1.1.0
1528 silly placeDep ROOT string.prototype.trim@1.2.10 OK for: es-abstract@1.24.1 want: ^1.2.10
1529 silly placeDep ROOT string.prototype.trimstart@1.0.8 OK for: es-abstract@1.24.1 want: ^1.0.8
1530 silly placeDep ROOT typed-array-buffer@1.0.3 OK for: es-abstract@1.24.1 want: ^1.0.3
1531 silly placeDep ROOT typed-array-byte-length@1.0.3 OK for: es-abstract@1.24.1 want: ^1.0.3
1532 silly placeDep ROOT typed-array-byte-offset@1.0.4 OK for: es-abstract@1.24.1 want: ^1.0.4
1533 silly placeDep ROOT typed-array-length@1.0.7 OK for: es-abstract@1.24.1 want: ^1.0.7
1534 silly placeDep ROOT unbox-primitive@1.1.0 OK for: es-abstract@1.24.1 want: ^1.1.0
1535 silly placeDep ROOT which-typed-array@1.1.20 OK for: es-abstract@1.24.1 want: ^1.1.19
1536 silly fetch manifest is-array-buffer@^3.0.4
1537 silly packumentCache full:https://registry.npmjs.org/is-array-buffer cache-hit
1538 silly fetch manifest possible-typed-array-names@^1.0.0
1539 silly packumentCache full:https://registry.npmjs.org/possible-typed-array-names cache-miss
1540 silly fetch manifest is-data-view@^1.0.1
1541 silly packumentCache full:https://registry.npmjs.org/is-data-view cache-hit
1542 silly fetch manifest is-date-object@^1.0.5
1543 silly packumentCache full:https://registry.npmjs.org/is-date-object cache-miss
1544 silly fetch manifest is-symbol@^1.0.4
1545 silly packumentCache full:https://registry.npmjs.org/is-symbol cache-miss
1546 silly fetch manifest functions-have-names@^1.2.3
1547 silly packumentCache full:https://registry.npmjs.org/functions-have-names cache-miss
1548 silly fetch manifest dunder-proto@^1.0.1
1549 silly packumentCache full:https://registry.npmjs.org/dunder-proto cache-miss
1550 silly fetch manifest dunder-proto@^1.0.0
1551 silly packumentCache full:https://registry.npmjs.org/dunder-proto cache-miss
1552 silly fetch manifest side-channel@^1.1.0
1553 silly packumentCache full:https://registry.npmjs.org/side-channel cache-miss
1554 http fetch GET 200 https://registry.npmjs.org/dunder-proto 25ms (cache revalidated)
1555 silly packumentCache full:https://registry.npmjs.org/dunder-proto set size:8256 disposed:false
1556 silly fetch manifest is-typed-array@^1.1.13
1557 silly packumentCache full:https://registry.npmjs.org/is-typed-array cache-hit
1558 silly fetch manifest which-typed-array@^1.1.16
1559 silly packumentCache full:https://registry.npmjs.org/which-typed-array cache-hit
1560 silly fetch manifest set-function-name@^2.0.2
1561 silly packumentCache full:https://registry.npmjs.org/set-function-name cache-miss
1562 http fetch GET 200 https://registry.npmjs.org/side-channel 26ms (cache revalidated)
1563 silly packumentCache full:https://registry.npmjs.org/side-channel set size:24660 disposed:false
1564 silly fetch manifest isarray@^2.0.5
1565 silly packumentCache full:https://registry.npmjs.org/isarray cache-miss
1566 http fetch GET 200 https://registry.npmjs.org/is-date-object 36ms (cache revalidated)
1567 silly packumentCache full:https://registry.npmjs.org/is-date-object set size:25050 disposed:false
1568 silly fetch manifest isarray@^2.0.5
1569 silly packumentCache full:https://registry.npmjs.org/isarray cache-miss
1570 http fetch GET 200 https://registry.npmjs.org/functions-have-names 38ms (cache revalidated)
1571 silly packumentCache full:https://registry.npmjs.org/functions-have-names set size:24196 disposed:false
1572 silly fetch manifest dunder-proto@^1.0.1
1573 silly packumentCache full:https://registry.npmjs.org/dunder-proto cache-hit
1574 silly fetch manifest for-each@^0.3.3
1575 silly packumentCache full:https://registry.npmjs.org/for-each cache-miss
1576 http fetch GET 200 https://registry.npmjs.org/dunder-proto 42ms (cache revalidated)
1577 silly packumentCache full:https://registry.npmjs.org/dunder-proto set size:8256 disposed:false
1578 silly packumentCache full:https://registry.npmjs.org/dunder-proto dispose
1579 silly fetch manifest for-each@^0.3.3
1580 silly packumentCache full:https://registry.npmjs.org/for-each cache-miss
1581 http fetch GET 200 https://registry.npmjs.org/isarray 23ms (cache revalidated)
1582 silly packumentCache full:https://registry.npmjs.org/isarray set size:17392 disposed:false
1583 silly fetch manifest reflect.getprototypeof@^1.0.9
1584 silly packumentCache full:https://registry.npmjs.org/reflect.getprototypeof cache-miss
1585 http fetch GET 200 https://registry.npmjs.org/isarray 31ms (cache revalidated)
1586 silly packumentCache full:https://registry.npmjs.org/isarray set size:17392 disposed:false
1587 silly packumentCache full:https://registry.npmjs.org/isarray dispose
1588 silly fetch manifest for-each@^0.3.3
1589 silly packumentCache full:https://registry.npmjs.org/for-each cache-miss
1590 http fetch GET 200 https://registry.npmjs.org/for-each 29ms (cache revalidated)
1591 silly packumentCache full:https://registry.npmjs.org/for-each set size:14327 disposed:false
1592 silly fetch manifest possible-typed-array-names@^1.0.0
1593 silly packumentCache full:https://registry.npmjs.org/possible-typed-array-names cache-miss
1594 http cache https://registry.npmjs.org/for-each 1ms (cache hit)
1595 silly packumentCache full:https://registry.npmjs.org/for-each set size:14327 disposed:false
1596 silly packumentCache full:https://registry.npmjs.org/for-each dispose
1597 silly fetch manifest reflect.getprototypeof@^1.0.6
1598 silly packumentCache full:https://registry.npmjs.org/reflect.getprototypeof cache-miss
1599 http fetch GET 200 https://registry.npmjs.org/for-each 31ms (cache revalidated)
1600 silly packumentCache full:https://registry.npmjs.org/for-each set size:14327 disposed:true
1601 silly packumentCache full:https://registry.npmjs.org/for-each dispose
1602 silly fetch manifest has-bigints@^1.0.2
1603 silly packumentCache full:https://registry.npmjs.org/has-bigints cache-miss
1604 http fetch GET 200 https://registry.npmjs.org/reflect.getprototypeof 29ms (cache revalidated)
1605 silly packumentCache full:https://registry.npmjs.org/reflect.getprototypeof set size:44083 disposed:false
1606 silly fetch manifest which-boxed-primitive@^1.1.1
1607 silly packumentCache full:https://registry.npmjs.org/which-boxed-primitive cache-miss
1608 http fetch GET 200 https://registry.npmjs.org/reflect.getprototypeof 31ms (cache revalidated)
1609 silly packumentCache full:https://registry.npmjs.org/reflect.getprototypeof set size:44083 disposed:false
1610 silly packumentCache full:https://registry.npmjs.org/reflect.getprototypeof dispose
1611 silly fetch manifest for-each@^0.3.5
1612 silly packumentCache full:https://registry.npmjs.org/for-each cache-hit
1613 http fetch GET 200 https://registry.npmjs.org/has-bigints 27ms (cache revalidated)
1614 silly packumentCache full:https://registry.npmjs.org/has-bigints set size:14176 disposed:false
1615 http fetch GET 200 https://registry.npmjs.org/possible-typed-array-names 194ms (cache revalidated)
1616 silly packumentCache full:https://registry.npmjs.org/possible-typed-array-names set size:9167 disposed:false
1617 http fetch GET 200 https://registry.npmjs.org/is-symbol 194ms (cache revalidated)
1618 silly packumentCache full:https://registry.npmjs.org/is-symbol set size:22675 disposed:false
1619 http fetch GET 200 https://registry.npmjs.org/possible-typed-array-names 129ms (cache revalidated)
1620 silly packumentCache full:https://registry.npmjs.org/possible-typed-array-names set size:9167 disposed:false
1621 silly packumentCache full:https://registry.npmjs.org/possible-typed-array-names dispose
1622 http fetch GET 200 https://registry.npmjs.org/which-boxed-primitive 195ms (cache revalidated)
1623 silly packumentCache full:https://registry.npmjs.org/which-boxed-primitive set size:19407 disposed:false
1624 http fetch GET 200 https://registry.npmjs.org/set-function-name 521ms (cache revalidated)
1625 silly packumentCache full:https://registry.npmjs.org/set-function-name set size:13766 disposed:false
1626 silly placeDep ROOT possible-typed-array-names@1.1.0 OK for: available-typed-arrays@1.0.7 want: ^1.0.0
1627 silly placeDep ROOT has-tostringtag@1.0.2 OK for: es-set-tostringtag@2.1.0 want: ^1.0.2
1628 silly placeDep ROOT is-date-object@1.1.0 OK for: es-to-primitive@1.3.0 want: ^1.0.5
1629 silly placeDep ROOT is-symbol@1.1.1 OK for: es-to-primitive@1.3.0 want: ^1.0.4
1630 silly placeDep node_modules/eslint-module-utils debug@3.2.7 OK for: eslint-module-utils@2.12.1 want: ^3.2.7
1631 silly placeDep ROOT aria-query@5.3.2 OK for: eslint-plugin-jsx-a11y@6.10.2 want: ^5.3.2
1632 silly placeDep ROOT ast-types-flow@0.0.8 OK for: eslint-plugin-jsx-a11y@6.10.2 want: ^0.0.8
1633 silly placeDep ROOT axe-core@4.11.1 OK for: eslint-plugin-jsx-a11y@6.10.2 want: ^4.10.0
1634 silly placeDep ROOT axobject-query@4.1.0 OK for: eslint-plugin-jsx-a11y@6.10.2 want: ^4.1.0
1635 silly placeDep ROOT damerau-levenshtein@1.0.8 OK for: eslint-plugin-jsx-a11y@6.10.2 want: ^1.0.8
1636 silly placeDep ROOT emoji-regex@9.2.2 OK for: eslint-plugin-jsx-a11y@6.10.2 want: ^9.2.2
1637 silly placeDep ROOT jsx-ast-utils@3.3.5 OK for: eslint-plugin-jsx-a11y@6.10.2 want: ^3.3.5
1638 silly placeDep ROOT language-tags@1.0.9 OK for: eslint-plugin-jsx-a11y@6.10.2 want: ^1.0.9
1639 silly placeDep ROOT string.prototype.includes@2.0.1 OK for: eslint-plugin-jsx-a11y@6.10.2 want: ^2.0.1
1640 silly fetch manifest language-subtag-registry@^0.3.20
1641 silly packumentCache full:https://registry.npmjs.org/language-subtag-registry cache-miss
1642 http fetch GET 200 https://registry.npmjs.org/language-subtag-registry 31ms (cache revalidated)
1643 silly packumentCache full:https://registry.npmjs.org/language-subtag-registry set size:46437 disposed:false
1644 silly placeDep ROOT array.prototype.findlast@1.2.5 OK for: eslint-plugin-react@7.37.5 want: ^1.2.5
1645 silly placeDep ROOT array.prototype.tosorted@1.1.4 OK for: eslint-plugin-react@7.37.5 want: ^1.1.4
1646 silly placeDep ROOT es-iterator-helpers@1.2.2 OK for: eslint-plugin-react@7.37.5 want: ^1.2.1
1647 silly placeDep ROOT estraverse@5.3.0 OK for: eslint-plugin-react@7.37.5 want: ^5.3.0
1648 silly placeDep ROOT object.entries@1.1.9 OK for: eslint-plugin-react@7.37.5 want: ^1.1.9
1649 silly placeDep ROOT prop-types@15.8.1 OK for: eslint-plugin-react@7.37.5 want: ^15.8.1
1650 silly placeDep node_modules/eslint-plugin-react resolve@2.0.0-next.6 OK for: eslint-plugin-react@7.37.5 want: ^2.0.0-next.5
1651 silly placeDep ROOT string.prototype.matchall@4.0.12 OK for: eslint-plugin-react@7.37.5 want: ^4.0.12
1652 silly placeDep ROOT string.prototype.repeat@1.0.0 OK for: eslint-plugin-react@7.37.5 want: ^1.0.0
1653 silly fetch manifest iterator.prototype@^1.1.5
1654 silly packumentCache full:https://registry.npmjs.org/iterator.prototype cache-miss
1655 silly fetch manifest loose-envify@^1.4.0
1656 silly packumentCache full:https://registry.npmjs.org/loose-envify cache-miss
1657 silly fetch manifest object-assign@^4.1.1
1658 silly packumentCache full:https://registry.npmjs.org/object-assign cache-miss
1659 silly fetch manifest react-is@^16.13.1
1660 silly packumentCache full:https://registry.npmjs.org/react-is cache-miss
1661 silly fetch manifest node-exports-info@^1.6.0
1662 silly packumentCache full:https://registry.npmjs.org/node-exports-info cache-miss
1663 http fetch GET 200 https://registry.npmjs.org/iterator.prototype 24ms (cache revalidated)
1664 silly packumentCache full:https://registry.npmjs.org/iterator.prototype set size:26870 disposed:false
1665 http fetch GET 200 https://registry.npmjs.org/object-assign 25ms (cache revalidated)
1666 silly packumentCache full:https://registry.npmjs.org/object-assign set size:28988 disposed:false
1667 http fetch GET 200 https://registry.npmjs.org/node-exports-info 27ms (cache revalidated)
1668 silly packumentCache full:https://registry.npmjs.org/node-exports-info set size:58723 disposed:false
1669 http fetch GET 200 https://registry.npmjs.org/react-is 36ms (cache revalidated)
1670 silly packumentCache full:https://registry.npmjs.org/react-is set size:5269788 disposed:false
1671 http fetch GET 200 https://registry.npmjs.org/loose-envify 55ms (cache revalidated)
1672 silly packumentCache full:https://registry.npmjs.org/loose-envify set size:12559 disposed:false
1673 silly placeDep ROOT iterator.prototype@1.1.5 OK for: es-iterator-helpers@1.2.2 want: ^1.1.5
1674 silly placeDep ROOT @babel/core@7.29.0 OK for: eslint-plugin-react-hooks@7.0.1 want: ^7.24.4
1675 silly placeDep ROOT @babel/parser@7.29.0 OK for: eslint-plugin-react-hooks@7.0.1 want: ^7.24.4
1676 silly placeDep ROOT hermes-parser@0.25.1 OK for: eslint-plugin-react-hooks@7.0.1 want: ^0.25.1
1677 silly placeDep ROOT zod@4.3.6 OK for: eslint-plugin-react-hooks@7.0.1 want: ^3.25.0 || ^4.0.0
1678 silly placeDep ROOT zod-validation-error@4.0.2 OK for: eslint-plugin-react-hooks@7.0.1 want: ^3.5.0 || ^4.0.0
1679 silly fetch manifest json5@^2.2.3
1680 silly packumentCache full:https://registry.npmjs.org/json5 cache-hit
1681 silly fetch manifest gensync@^1.0.0-beta.2
1682 silly packumentCache full:https://registry.npmjs.org/gensync cache-miss
1683 silly fetch manifest @babel/types@^7.29.0
1684 silly packumentCache full:https://registry.npmjs.org/@babel%2ftypes cache-miss
1685 silly fetch manifest @babel/parser@^7.29.0
1686 silly packumentCache full:https://registry.npmjs.org/@babel%2fparser cache-hit
1687 silly fetch manifest @babel/helpers@^7.28.6
1688 silly packumentCache full:https://registry.npmjs.org/@babel%2fhelpers cache-miss
1689 silly fetch manifest @babel/template@^7.28.6
1690 silly packumentCache full:https://registry.npmjs.org/@babel%2ftemplate cache-miss
1691 silly fetch manifest @babel/traverse@^7.29.0
1692 silly packumentCache full:https://registry.npmjs.org/@babel%2ftraverse cache-miss
1693 silly fetch manifest @babel/generator@^7.29.0
1694 silly packumentCache full:https://registry.npmjs.org/@babel%2fgenerator cache-miss
1695 silly fetch manifest @babel/code-frame@^7.29.0
1696 silly packumentCache full:https://registry.npmjs.org/@babel%2fcode-frame cache-miss
1697 http fetch GET 200 https://registry.npmjs.org/gensync 32ms (cache revalidated)
1698 silly packumentCache full:https://registry.npmjs.org/gensync set size:15068 disposed:false
1699 silly fetch manifest convert-source-map@^2.0.0
1700 silly packumentCache full:https://registry.npmjs.org/convert-source-map cache-miss
1701 http fetch GET 200 https://registry.npmjs.org/@babel%2fgenerator 37ms (cache revalidated)
1702 silly packumentCache full:https://registry.npmjs.org/@babel%2fgenerator set size:504910 disposed:false
1703 silly fetch manifest @babel/helper-module-transforms@^7.28.6
1704 silly packumentCache full:https://registry.npmjs.org/@babel%2fhelper-module-transforms cache-miss
1705 http fetch GET 200 https://registry.npmjs.org/@babel%2ftemplate 40ms (cache revalidated)
1706 silly packumentCache full:https://registry.npmjs.org/@babel%2ftemplate set size:225245 disposed:false
1707 silly fetch manifest @babel/helper-compilation-targets@^7.28.6
1708 silly packumentCache full:https://registry.npmjs.org/@babel%2fhelper-compilation-targets cache-miss
1709 http fetch GET 200 https://registry.npmjs.org/@babel%2fhelpers 43ms (cache revalidated)
1710 silly packumentCache full:https://registry.npmjs.org/@babel%2fhelpers set size:384482 disposed:false
1711 silly fetch manifest @babel/types@^7.29.0
1712 silly packumentCache full:https://registry.npmjs.org/@babel%2ftypes cache-miss
1713 http fetch GET 200 https://registry.npmjs.org/@babel%2fcode-frame 44ms (cache revalidated)
1714 silly packumentCache full:https://registry.npmjs.org/@babel%2fcode-frame set size:194176 disposed:false
1715 silly fetch manifest hermes-estree@0.25.1
1716 silly packumentCache full:https://registry.npmjs.org/hermes-estree cache-miss
1717 http fetch GET 200 https://registry.npmjs.org/@babel%2ftypes 46ms (cache revalidated)
1718 silly packumentCache full:https://registry.npmjs.org/@babel%2ftypes set size:485839 disposed:false
1719 http fetch GET 200 https://registry.npmjs.org/@babel%2ftraverse 49ms (cache revalidated)
1720 silly packumentCache full:https://registry.npmjs.org/@babel%2ftraverse set size:546499 disposed:false
1721 http cache https://registry.npmjs.org/@babel%2ftypes 7ms (cache hit)
1722 silly packumentCache full:https://registry.npmjs.org/@babel%2ftypes set size:485839 disposed:false
1723 silly packumentCache full:https://registry.npmjs.org/@babel%2ftypes dispose
1724 http fetch GET 200 https://registry.npmjs.org/@babel%2fhelper-module-transforms 28ms (cache revalidated)
1725 silly packumentCache full:https://registry.npmjs.org/@babel%2fhelper-module-transforms set size:331474 disposed:false
1726 http fetch GET 200 https://registry.npmjs.org/hermes-estree 24ms (cache revalidated)
1727 silly packumentCache full:https://registry.npmjs.org/hermes-estree set size:121216 disposed:false
1728 http fetch GET 200 https://registry.npmjs.org/@babel%2fhelper-compilation-targets 34ms (cache revalidated)
1729 silly packumentCache full:https://registry.npmjs.org/@babel%2fhelper-compilation-targets set size:216684 disposed:false
1730 http fetch GET 200 https://registry.npmjs.org/convert-source-map 43ms (cache revalidated)
1731 silly packumentCache full:https://registry.npmjs.org/convert-source-map set size:66997 disposed:false
1732 silly fetch manifest @babel/core@^7.0.0
1733 silly packumentCache full:https://registry.npmjs.org/@babel%2fcore cache-hit
1734 silly placeDep ROOT @babel/code-frame@7.29.0 OK for: @babel/core@7.29.0 want: ^7.29.0
1735 silly placeDep ROOT @babel/generator@7.29.1 OK for: @babel/core@7.29.0 want: ^7.29.0
1736 silly placeDep ROOT @babel/helper-compilation-targets@7.28.6 OK for: @babel/core@7.29.0 want: ^7.28.6
1737 silly placeDep ROOT @babel/helper-module-transforms@7.28.6 OK for: @babel/core@7.29.0 want: ^7.28.6
1738 silly placeDep ROOT @babel/helpers@7.28.6 OK for: @babel/core@7.29.0 want: ^7.28.6
1739 silly placeDep ROOT @babel/template@7.28.6 OK for: @babel/core@7.29.0 want: ^7.28.6
1740 silly placeDep ROOT @babel/traverse@7.29.0 OK for: @babel/core@7.29.0 want: ^7.29.0
1741 silly placeDep ROOT @babel/types@7.29.0 OK for: @babel/core@7.29.0 want: ^7.29.0
1742 silly placeDep ROOT convert-source-map@2.0.0 OK for: @babel/core@7.29.0 want: ^2.0.0
1743 silly placeDep ROOT gensync@1.0.0-beta.2 OK for: @babel/core@7.29.0 want: ^1.0.0-beta.2
1744 silly placeDep ROOT json5@2.2.3 OK for: @babel/core@7.29.0 want: ^2.2.3
1745 silly fetch manifest js-tokens@^4.0.0
1746 silly packumentCache full:https://registry.npmjs.org/js-tokens cache-miss
1747 silly fetch manifest @babel/helper-validator-identifier@^7.28.5
1748 silly packumentCache full:https://registry.npmjs.org/@babel%2fhelper-validator-identifier cache-miss
1749 silly fetch manifest jsesc@^3.0.2
1750 silly packumentCache full:https://registry.npmjs.org/jsesc cache-miss
1751 silly fetch manifest lru-cache@^5.1.1
1752 silly packumentCache full:https://registry.npmjs.org/lru-cache cache-miss
1753 silly fetch manifest browserslist@^4.24.0
1754 silly packumentCache full:https://registry.npmjs.org/browserslist cache-miss
1755 silly fetch manifest @babel/compat-data@^7.28.6
1756 silly packumentCache full:https://registry.npmjs.org/@babel%2fcompat-data cache-miss
1757 silly fetch manifest @babel/helper-validator-option@^7.27.1
1758 silly packumentCache full:https://registry.npmjs.org/@babel%2fhelper-validator-option cache-miss
1759 http fetch GET 200 https://registry.npmjs.org/js-tokens 32ms (cache revalidated)
1760 silly packumentCache full:https://registry.npmjs.org/js-tokens set size:41947 disposed:false
1761 silly fetch manifest @babel/traverse@^7.28.6
1762 silly packumentCache full:https://registry.npmjs.org/@babel%2ftraverse cache-hit
1763 silly fetch manifest @babel/helper-module-imports@^7.28.6
1764 silly packumentCache full:https://registry.npmjs.org/@babel%2fhelper-module-imports cache-miss
1765 http fetch GET 200 https://registry.npmjs.org/@babel%2fhelper-validator-identifier 34ms (cache revalidated)
1766 silly packumentCache full:https://registry.npmjs.org/@babel%2fhelper-validator-identifier set size:114475 disposed:false
1767 silly fetch manifest @babel/types@^7.28.6
1768 silly packumentCache full:https://registry.npmjs.org/@babel%2ftypes cache-hit
1769 silly fetch manifest @babel/helper-globals@^7.28.0
1770 silly packumentCache full:https://registry.npmjs.org/@babel%2fhelper-globals cache-miss
1771 http fetch GET 200 https://registry.npmjs.org/lru-cache 34ms (cache revalidated)
1772 silly packumentCache full:https://registry.npmjs.org/lru-cache set size:413591 disposed:false
1773 silly fetch manifest @babel/helper-string-parser@^7.27.1
1774 silly packumentCache full:https://registry.npmjs.org/@babel%2fhelper-string-parser cache-miss
1775 http fetch GET 200 https://registry.npmjs.org/jsesc 40ms (cache revalidated)
1776 silly packumentCache full:https://registry.npmjs.org/jsesc set size:61512 disposed:false
1777 http fetch GET 200 https://registry.npmjs.org/browserslist 40ms (cache revalidated)
1778 silly packumentCache full:https://registry.npmjs.org/browserslist set size:502989 disposed:false
1779 http fetch GET 200 https://registry.npmjs.org/@babel%2fcompat-data 43ms (cache revalidated)
1780 silly packumentCache full:https://registry.npmjs.org/@babel%2fcompat-data set size:303539 disposed:false
1781 http fetch GET 200 https://registry.npmjs.org/@babel%2fhelper-validator-option 49ms (cache revalidated)
1782 silly packumentCache full:https://registry.npmjs.org/@babel%2fhelper-validator-option set size:90529 disposed:false
1783 http fetch GET 200 https://registry.npmjs.org/@babel%2fhelper-module-imports 34ms (cache revalidated)
1784 silly packumentCache full:https://registry.npmjs.org/@babel%2fhelper-module-imports set size:191525 disposed:false
1785 http fetch GET 200 https://registry.npmjs.org/@babel%2fhelper-string-parser 30ms (cache revalidated)
1786 silly packumentCache full:https://registry.npmjs.org/@babel%2fhelper-string-parser set size:80211 disposed:false
1787 http fetch GET 200 https://registry.npmjs.org/@babel%2fhelper-globals 44ms (cache revalidated)
1788 silly packumentCache full:https://registry.npmjs.org/@babel%2fhelper-globals set size:13624 disposed:false
1789 silly placeDep ROOT @babel/helper-validator-identifier@7.28.5 OK for: @babel/code-frame@7.29.0 want: ^7.28.5
1790 silly placeDep ROOT js-tokens@4.0.0 OK for: @babel/code-frame@7.29.0 want: ^4.0.0
1791 silly placeDep ROOT picocolors@1.1.1 OK for: @babel/code-frame@7.29.0 want: ^1.1.1
1792 silly placeDep ROOT jsesc@3.1.0 OK for: @babel/generator@7.29.1 want: ^3.0.2
1793 silly placeDep ROOT @babel/compat-data@7.29.0 OK for: @babel/helper-compilation-targets@7.28.6 want: ^7.28.6
1794 silly placeDep ROOT @babel/helper-validator-option@7.27.1 OK for: @babel/helper-compilation-targets@7.28.6 want: ^7.27.1
1795 silly placeDep ROOT browserslist@4.28.1 OK for: @babel/helper-compilation-targets@7.28.6 want: ^4.24.0
1796 silly placeDep ROOT lru-cache@5.1.1 OK for: @babel/helper-compilation-targets@7.28.6 want: ^5.1.1
1797 silly fetch manifest baseline-browser-mapping@^2.9.0
1798 silly packumentCache full:https://registry.npmjs.org/baseline-browser-mapping cache-hit
1799 silly fetch manifest caniuse-lite@^1.0.30001759
1800 silly packumentCache full:https://registry.npmjs.org/caniuse-lite cache-miss
1801 silly fetch manifest electron-to-chromium@^1.5.263
1802 silly packumentCache full:https://registry.npmjs.org/electron-to-chromium cache-miss
1803 silly fetch manifest node-releases@^2.0.27
1804 silly packumentCache full:https://registry.npmjs.org/node-releases cache-miss
1805 silly fetch manifest update-browserslist-db@^1.2.0
1806 silly packumentCache full:https://registry.npmjs.org/update-browserslist-db cache-miss
1807 silly fetch manifest yallist@^3.0.2
1808 silly packumentCache full:https://registry.npmjs.org/yallist cache-miss
1809 http cache https://registry.npmjs.org/caniuse-lite 5ms (cache hit)
1810 silly packumentCache full:https://registry.npmjs.org/caniuse-lite set size:2256678 disposed:false
1811 http fetch GET 200 https://registry.npmjs.org/yallist 24ms (cache revalidated)
1812 silly packumentCache full:https://registry.npmjs.org/yallist set size:34610 disposed:false
1813 http fetch GET 200 https://registry.npmjs.org/node-releases 29ms (cache revalidated)
1814 silly packumentCache full:https://registry.npmjs.org/node-releases set size:269192 disposed:false
1815 http fetch GET 200 https://registry.npmjs.org/electron-to-chromium 33ms (cache revalidated)
1816 silly packumentCache full:https://registry.npmjs.org/electron-to-chromium set size:4719879 disposed:false
1817 http fetch GET 200 https://registry.npmjs.org/update-browserslist-db 45ms (cache revalidated)
1818 silly packumentCache full:https://registry.npmjs.org/update-browserslist-db set size:62000 disposed:false
1819 silly placeDep ROOT @babel/helper-module-imports@7.28.6 OK for: @babel/helper-module-transforms@7.28.6 want: ^7.28.6
1820 silly placeDep ROOT @babel/helper-globals@7.28.0 OK for: @babel/traverse@7.29.0 want: ^7.28.0
1821 silly placeDep ROOT @babel/helper-string-parser@7.27.1 OK for: @babel/types@7.29.0 want: ^7.27.1
1822 silly fetch manifest browserslist@>= 4.21.0
1823 silly packumentCache full:https://registry.npmjs.org/browserslist cache-hit
1824 silly placeDep ROOT baseline-browser-mapping@2.10.0 OK for: browserslist@4.28.1 want: ^2.9.0
1825 silly placeDep ROOT caniuse-lite@1.0.30001772 OK for: browserslist@4.28.1 want: ^1.0.30001759
1826 silly placeDep ROOT electron-to-chromium@1.5.302 OK for: browserslist@4.28.1 want: ^1.5.263
1827 silly placeDep ROOT node-releases@2.0.27 OK for: browserslist@4.28.1 want: ^2.0.27
1828 silly placeDep ROOT update-browserslist-db@1.2.3 OK for: browserslist@4.28.1 want: ^1.2.0
1829 silly fetch manifest escalade@^3.2.0
1830 silly packumentCache full:https://registry.npmjs.org/escalade cache-miss
1831 http fetch GET 200 https://registry.npmjs.org/escalade 22ms (cache revalidated)
1832 silly packumentCache full:https://registry.npmjs.org/escalade set size:33724 disposed:false
1833 silly placeDep ROOT esrecurse@4.3.0 OK for: eslint-scope@8.4.0 want: ^4.3.0
1834 silly placeDep ROOT acorn@8.16.0 OK for: espree@10.4.0 want: ^8.15.0
1835 silly placeDep ROOT acorn-jsx@5.3.2 OK for: espree@10.4.0 want: ^5.3.2
1836 silly placeDep ROOT @nodelib/fs.stat@2.0.5 OK for: fast-glob@3.3.1 want: ^2.0.2
1837 silly placeDep ROOT @nodelib/fs.walk@1.2.8 OK for: fast-glob@3.3.1 want: ^1.2.3
1838 silly placeDep node_modules/fast-glob glob-parent@5.1.2 OK for: fast-glob@3.3.1 want: ^5.1.2
1839 silly placeDep ROOT merge2@1.4.1 OK for: fast-glob@3.3.1 want: ^1.3.0
1840 silly placeDep ROOT micromatch@4.0.8 OK for: fast-glob@3.3.1 want: ^4.0.4
1841 silly fetch manifest fastq@^1.6.0
1842 silly packumentCache full:https://registry.npmjs.org/fastq cache-miss
1843 silly fetch manifest @nodelib/fs.scandir@2.1.5
1844 silly packumentCache full:https://registry.npmjs.org/@nodelib%2ffs.scandir cache-miss
1845 silly fetch manifest braces@^3.0.3
1846 silly packumentCache full:https://registry.npmjs.org/braces cache-miss
1847 silly fetch manifest picomatch@^2.3.1
1848 silly packumentCache full:https://registry.npmjs.org/picomatch cache-hit
1849 http fetch GET 200 https://registry.npmjs.org/braces 22ms (cache revalidated)
1850 silly packumentCache full:https://registry.npmjs.org/braces set size:114529 disposed:false
1851 http fetch GET 200 https://registry.npmjs.org/fastq 39ms (cache revalidated)
1852 silly packumentCache full:https://registry.npmjs.org/fastq set size:78301 disposed:false
1853 http fetch GET 200 https://registry.npmjs.org/@nodelib%2ffs.scandir 47ms (cache revalidated)
1854 silly packumentCache full:https://registry.npmjs.org/@nodelib%2ffs.scandir set size:49256 disposed:false
1855 silly placeDep ROOT @nodelib/fs.scandir@2.1.5 OK for: @nodelib/fs.walk@1.2.8 want: 2.1.5
1856 silly placeDep ROOT fastq@1.20.1 OK for: @nodelib/fs.walk@1.2.8 want: ^1.6.0
1857 silly fetch manifest run-parallel@^1.1.9
1858 silly packumentCache full:https://registry.npmjs.org/run-parallel cache-miss
1859 silly fetch manifest reusify@^1.0.4
1860 silly packumentCache full:https://registry.npmjs.org/reusify cache-miss
1861 http fetch GET 200 https://registry.npmjs.org/reusify 27ms (cache revalidated)
1862 silly packumentCache full:https://registry.npmjs.org/reusify set size:14249 disposed:false
1863 http fetch GET 200 https://registry.npmjs.org/run-parallel 36ms (cache revalidated)
1864 silly packumentCache full:https://registry.npmjs.org/run-parallel set size:35172 disposed:false
1865 silly placeDep ROOT run-parallel@1.2.0 OK for: @nodelib/fs.scandir@2.1.5 want: ^1.1.9
1866 silly fetch manifest queue-microtask@^1.2.2
1867 silly packumentCache full:https://registry.npmjs.org/queue-microtask cache-miss
1868 http fetch GET 200 https://registry.npmjs.org/queue-microtask 30ms (cache revalidated)
1869 silly packumentCache full:https://registry.npmjs.org/queue-microtask set size:36088 disposed:false
1870 silly placeDep ROOT reusify@1.1.0 OK for: fastq@1.20.1 want: ^1.0.4
1871 silly placeDep ROOT flat-cache@4.0.1 OK for: file-entry-cache@8.0.0 want: ^4.0.0
1872 silly fetch manifest keyv@^4.5.4
1873 silly packumentCache full:https://registry.npmjs.org/keyv cache-miss
1874 silly fetch manifest flatted@^3.2.9
1875 silly packumentCache full:https://registry.npmjs.org/flatted cache-miss
1876 http fetch GET 200 https://registry.npmjs.org/keyv 23ms (cache revalidated)
1877 silly packumentCache full:https://registry.npmjs.org/keyv set size:235223 disposed:false
1878 http fetch GET 200 https://registry.npmjs.org/flatted 36ms (cache revalidated)
1879 silly packumentCache full:https://registry.npmjs.org/flatted set size:126610 disposed:false
1880 silly placeDep ROOT locate-path@6.0.0 OK for: find-up@5.0.0 want: ^6.0.0
1881 silly placeDep ROOT path-exists@4.0.0 OK for: find-up@5.0.0 want: ^4.0.0
1882 silly fetch manifest p-locate@^5.0.0
1883 silly packumentCache full:https://registry.npmjs.org/p-locate cache-miss
1884 http fetch GET 200 https://registry.npmjs.org/p-locate 32ms (cache revalidated)
1885 silly packumentCache full:https://registry.npmjs.org/p-locate set size:22488 disposed:false
1886 silly placeDep ROOT flatted@3.3.3 OK for: flat-cache@4.0.1 want: ^3.2.9
1887 silly placeDep ROOT keyv@4.5.4 OK for: flat-cache@4.0.1 want: ^4.5.4
1888 silly fetch manifest json-buffer@3.0.1
1889 silly packumentCache full:https://registry.npmjs.org/json-buffer cache-miss
1890 http fetch GET 200 https://registry.npmjs.org/json-buffer 28ms (cache revalidated)
1891 silly packumentCache full:https://registry.npmjs.org/json-buffer set size:23474 disposed:false
1892 silly placeDep ROOT functions-have-names@1.2.3 OK for: function.prototype.name@1.1.8 want: ^1.2.3
1893 silly placeDep ROOT dunder-proto@1.0.1 OK for: get-proto@1.0.1 want: ^1.0.1
1894 silly placeDep ROOT resolve-pkg-maps@1.0.0 OK for: get-tsconfig@4.13.6 want: ^1.0.0
1895 silly placeDep ROOT hermes-estree@0.25.1 OK for: hermes-parser@0.25.1 want: 0.25.1
1896 silly placeDep ROOT parent-module@1.0.1 OK for: import-fresh@3.3.1 want: ^1.0.0
1897 silly placeDep ROOT resolve-from@4.0.0 OK for: import-fresh@3.3.1 want: ^4.0.0
1898 silly fetch manifest callsites@^3.0.0
1899 silly packumentCache full:https://registry.npmjs.org/callsites cache-miss
1900 http fetch GET 200 https://registry.npmjs.org/callsites 42ms (cache revalidated)
1901 silly packumentCache full:https://registry.npmjs.org/callsites set size:21349 disposed:false
1902 silly placeDep ROOT side-channel@1.1.0 OK for: internal-slot@1.1.0 want: ^1.1.0
1903 silly fetch manifest side-channel-list@^1.0.0
1904 silly packumentCache full:https://registry.npmjs.org/side-channel-list cache-miss
1905 silly fetch manifest side-channel-map@^1.0.1
1906 silly packumentCache full:https://registry.npmjs.org/side-channel-map cache-miss
1907 silly fetch manifest side-channel-weakmap@^1.0.2
1908 silly packumentCache full:https://registry.npmjs.org/side-channel-weakmap cache-miss
1909 http fetch GET 200 https://registry.npmjs.org/side-channel-map 29ms (cache revalidated)
1910 silly packumentCache full:https://registry.npmjs.org/side-channel-map set size:9126 disposed:false
1911 http fetch GET 200 https://registry.npmjs.org/side-channel-weakmap 31ms (cache revalidated)
1912 silly packumentCache full:https://registry.npmjs.org/side-channel-weakmap set size:12620 disposed:false
1913 http fetch GET 200 https://registry.npmjs.org/side-channel-list 35ms (cache revalidated)
1914 silly packumentCache full:https://registry.npmjs.org/side-channel-list set size:6005 disposed:false
1915 silly placeDep node_modules/is-bun-module semver@7.7.4 OK for: is-bun-module@2.0.0 want: ^7.7.1
1916 silly placeDep ROOT is-extglob@2.1.1 OK for: is-glob@4.0.3 want: ^2.1.1
1917 silly placeDep ROOT set-function-name@2.0.2 OK for: iterator.prototype@1.1.5 want: ^2.0.2
1918 silly placeDep ROOT argparse@2.0.1 OK for: js-yaml@4.1.1 want: ^2.0.1
1919 silly placeDep ROOT json-buffer@3.0.1 OK for: keyv@4.5.4 want: 3.0.1
1920 silly placeDep ROOT language-subtag-registry@0.3.23 OK for: language-tags@1.0.9 want: ^0.3.20
1921 silly placeDep ROOT prelude-ls@1.2.1 OK for: levn@0.4.1 want: ^1.2.1
1922 silly placeDep ROOT type-check@0.4.0 OK for: levn@0.4.1 want: ~0.4.0
1923 silly placeDep ROOT detect-libc@2.1.2 OK for: lightningcss@1.31.1 want: ^2.0.3
1924 silly placeDep ROOT lightningcss-android-arm64@1.31.1 OK for: lightningcss@1.31.1 want: 1.31.1
1925 silly placeDep ROOT lightningcss-darwin-arm64@1.31.1 OK for: lightningcss@1.31.1 want: 1.31.1
1926 silly placeDep ROOT lightningcss-darwin-x64@1.31.1 OK for: lightningcss@1.31.1 want: 1.31.1
1927 silly placeDep ROOT lightningcss-freebsd-x64@1.31.1 OK for: lightningcss@1.31.1 want: 1.31.1
1928 silly placeDep ROOT lightningcss-linux-arm-gnueabihf@1.31.1 OK for: lightningcss@1.31.1 want: 1.31.1
1929 silly placeDep ROOT lightningcss-linux-arm64-gnu@1.31.1 OK for: lightningcss@1.31.1 want: 1.31.1
1930 silly placeDep ROOT lightningcss-linux-arm64-musl@1.31.1 OK for: lightningcss@1.31.1 want: 1.31.1
1931 silly placeDep ROOT lightningcss-linux-x64-gnu@1.31.1 OK for: lightningcss@1.31.1 want: 1.31.1
1932 silly placeDep ROOT lightningcss-linux-x64-musl@1.31.1 OK for: lightningcss@1.31.1 want: 1.31.1
1933 silly placeDep ROOT lightningcss-win32-arm64-msvc@1.31.1 OK for: lightningcss@1.31.1 want: 1.31.1
1934 silly placeDep ROOT lightningcss-win32-x64-msvc@1.31.1 OK for: lightningcss@1.31.1 want: 1.31.1
1935 silly placeDep ROOT p-locate@5.0.0 OK for: locate-path@6.0.0 want: ^5.0.0
1936 silly fetch manifest p-limit@^3.0.2
1937 silly packumentCache full:https://registry.npmjs.org/p-limit cache-miss
1938 http fetch GET 200 https://registry.npmjs.org/p-limit 25ms (cache revalidated)
1939 silly packumentCache full:https://registry.npmjs.org/p-limit set size:61867 disposed:false
1940 silly placeDep ROOT yallist@3.1.1 OK for: lru-cache@5.1.1 want: ^3.0.2
1941 silly placeDep ROOT braces@3.0.3 OK for: micromatch@4.0.8 want: ^3.0.3
1942 silly placeDep ROOT picomatch@2.3.1 OK for: micromatch@4.0.8 want: ^2.3.1
1943 silly fetch manifest fill-range@^7.1.1
1944 silly packumentCache full:https://registry.npmjs.org/fill-range cache-miss
1945 http fetch GET 200 https://registry.npmjs.org/fill-range 24ms (cache revalidated)
1946 silly packumentCache full:https://registry.npmjs.org/fill-range set size:90212 disposed:false
1947 silly placeDep ROOT fill-range@7.1.1 OK for: braces@3.0.3 want: ^7.1.1
1948 silly fetch manifest to-regex-range@^5.0.1
1949 silly packumentCache full:https://registry.npmjs.org/to-regex-range cache-miss
1950 http fetch GET 200 https://registry.npmjs.org/to-regex-range 33ms (cache revalidated)
1951 silly packumentCache full:https://registry.npmjs.org/to-regex-range set size:61569 disposed:false
1952 silly placeDep ROOT to-regex-range@5.0.1 OK for: fill-range@7.1.1 want: ^5.0.1
1953 silly fetch manifest is-number@^7.0.0
1954 silly packumentCache full:https://registry.npmjs.org/is-number cache-miss
1955 http fetch GET 200 https://registry.npmjs.org/is-number 33ms (cache revalidated)
1956 silly packumentCache full:https://registry.npmjs.org/is-number set size:36183 disposed:false
1957 silly placeDep ROOT brace-expansion@1.1.12 OK for: minimatch@3.1.3 want: ^1.1.7
1958 silly fetch manifest concat-map@0.0.1
1959 silly packumentCache full:https://registry.npmjs.org/concat-map cache-miss
1960 silly fetch manifest balanced-match@^1.0.0
1961 silly packumentCache full:https://registry.npmjs.org/balanced-match cache-miss
1962 http fetch GET 200 https://registry.npmjs.org/concat-map 27ms (cache revalidated)
1963 silly packumentCache full:https://registry.npmjs.org/concat-map set size:9290 disposed:false
1964 http fetch GET 200 https://registry.npmjs.org/balanced-match 30ms (cache revalidated)
1965 silly packumentCache full:https://registry.npmjs.org/balanced-match set size:36751 disposed:false
1966 silly placeDep ROOT balanced-match@1.0.2 OK for: brace-expansion@1.1.12 want: ^1.0.0
1967 silly placeDep ROOT concat-map@0.0.1 OK for: brace-expansion@1.1.12 want: 0.0.1
1968 silly fetch manifest react@^18.2.0 || 19.0.0-rc-de68d2f4-20241204 || ^19.0.0
1969 silly packumentCache full:https://registry.npmjs.org/react cache-miss
1970 http cache https://registry.npmjs.org/react 7ms (cache hit)
1971 silly packumentCache full:https://registry.npmjs.org/react set size:6508025 disposed:false
1972 silly placeDep ROOT @next/env@16.1.6 OK for: next@16.1.6 want: 16.1.6
1973 silly placeDep ROOT @next/swc-darwin-arm64@16.1.6 OK for: next@16.1.6 want: 16.1.6
1974 silly placeDep ROOT @next/swc-darwin-x64@16.1.6 OK for: next@16.1.6 want: 16.1.6
1975 silly placeDep ROOT @next/swc-linux-arm64-gnu@16.1.6 OK for: next@16.1.6 want: 16.1.6
1976 silly placeDep ROOT @next/swc-linux-arm64-musl@16.1.6 OK for: next@16.1.6 want: 16.1.6
1977 silly placeDep ROOT @next/swc-linux-x64-gnu@16.1.6 OK for: next@16.1.6 want: 16.1.6
1978 silly placeDep ROOT @next/swc-linux-x64-musl@16.1.6 OK for: next@16.1.6 want: 16.1.6
1979 silly placeDep ROOT @next/swc-win32-arm64-msvc@16.1.6 OK for: next@16.1.6 want: 16.1.6
1980 silly placeDep ROOT @next/swc-win32-x64-msvc@16.1.6 OK for: next@16.1.6 want: 16.1.6
1981 silly placeDep ROOT @swc/helpers@0.5.15 OK for: next@16.1.6 want: 0.5.15
1982 silly placeDep node_modules/next postcss@8.4.31 OK for: next@16.1.6 want: 8.4.31
1983 silly placeDep ROOT sharp@0.34.5 OK for: next@16.1.6 want: ^0.34.4
1984 silly placeDep ROOT styled-jsx@5.1.6 OK for: next@16.1.6 want: 5.1.6
1985 silly fetch manifest tslib@^2.8.0
1986 silly packumentCache full:https://registry.npmjs.org/tslib cache-miss
1987 silly fetch manifest nanoid@^3.3.6
1988 silly packumentCache full:https://registry.npmjs.org/nanoid cache-hit
1989 silly fetch manifest semver@^7.7.3
1990 silly packumentCache full:https://registry.npmjs.org/semver cache-hit
1991 silly fetch manifest @img/colour@^1.0.0
1992 silly packumentCache full:https://registry.npmjs.org/@img%2fcolour cache-miss
1993 silly fetch manifest @img/sharp-wasm32@0.34.5
1994 silly packumentCache full:https://registry.npmjs.org/@img%2fsharp-wasm32 cache-miss
1995 silly fetch manifest @img/sharp-linux-arm@0.34.5
1996 silly packumentCache full:https://registry.npmjs.org/@img%2fsharp-linux-arm cache-miss
1997 silly fetch manifest @img/sharp-linux-x64@0.34.5
1998 silly packumentCache full:https://registry.npmjs.org/@img%2fsharp-linux-x64 cache-miss
1999 silly fetch manifest @img/sharp-win32-x64@0.34.5
2000 silly packumentCache full:https://registry.npmjs.org/@img%2fsharp-win32-x64 cache-miss
2001 silly fetch manifest @img/sharp-darwin-x64@0.34.5
2002 silly packumentCache full:https://registry.npmjs.org/@img%2fsharp-darwin-x64 cache-miss
2003 http fetch GET 200 https://registry.npmjs.org/@img%2fsharp-darwin-x64 33ms (cache revalidated)
2004 silly packumentCache full:https://registry.npmjs.org/@img%2fsharp-darwin-x64 set size:65222 disposed:false
2005 silly fetch manifest @img/sharp-win32-ia32@0.34.5
2006 silly packumentCache full:https://registry.npmjs.org/@img%2fsharp-win32-ia32 cache-miss
2007 http fetch GET 200 https://registry.npmjs.org/tslib 35ms (cache revalidated)
2008 silly packumentCache full:https://registry.npmjs.org/tslib set size:108760 disposed:false
2009 silly fetch manifest @img/sharp-linux-arm64@0.34.5
2010 silly packumentCache full:https://registry.npmjs.org/@img%2fsharp-linux-arm64 cache-miss
2011 http fetch GET 200 https://registry.npmjs.org/@img%2fsharp-linux-arm 36ms (cache revalidated)
2012 silly packumentCache full:https://registry.npmjs.org/@img%2fsharp-linux-arm set size:66643 disposed:false
2013 silly fetch manifest @img/sharp-linux-ppc64@0.34.5
2014 silly packumentCache full:https://registry.npmjs.org/@img%2fsharp-linux-ppc64 cache-miss
2015 http fetch GET 200 https://registry.npmjs.org/@img%2fsharp-wasm32 42ms (cache revalidated)
2016 silly packumentCache full:https://registry.npmjs.org/@img%2fsharp-wasm32 set size:61337 disposed:false
2017 silly fetch manifest @img/sharp-linux-s390x@0.34.5
2018 silly packumentCache full:https://registry.npmjs.org/@img%2fsharp-linux-s390x cache-miss
2019 http fetch GET 200 https://registry.npmjs.org/@img%2fcolour 43ms (cache revalidated)
2020 silly packumentCache full:https://registry.npmjs.org/@img%2fcolour set size:7189 disposed:false
2021 silly fetch manifest @img/sharp-win32-arm64@0.34.5
2022 silly packumentCache full:https://registry.npmjs.org/@img%2fsharp-win32-arm64 cache-miss
2023 http fetch GET 200 https://registry.npmjs.org/@img%2fsharp-linux-x64 49ms (cache revalidated)
2024 silly packumentCache full:https://registry.npmjs.org/@img%2fsharp-linux-x64 set size:66311 disposed:false
2025 silly fetch manifest @img/sharp-darwin-arm64@0.34.5
2026 silly packumentCache full:https://registry.npmjs.org/@img%2fsharp-darwin-arm64 cache-miss
2027 http fetch GET 200 https://registry.npmjs.org/@img%2fsharp-win32-x64 49ms (cache revalidated)
2028 silly packumentCache full:https://registry.npmjs.org/@img%2fsharp-win32-x64 set size:64388 disposed:false
2029 silly fetch manifest @img/sharp-linux-riscv64@0.34.5
2030 silly packumentCache full:https://registry.npmjs.org/@img%2fsharp-linux-riscv64 cache-miss
2031 http fetch GET 200 https://registry.npmjs.org/@img%2fsharp-linux-arm64 34ms (cache revalidated)
2032 silly packumentCache full:https://registry.npmjs.org/@img%2fsharp-linux-arm64 set size:67207 disposed:false
2033 silly fetch manifest @img/sharp-linuxmusl-x64@0.34.5
2034 silly packumentCache full:https://registry.npmjs.org/@img%2fsharp-linuxmusl-x64 cache-miss
2035 http fetch GET 200 https://registry.npmjs.org/@img%2fsharp-linux-ppc64 36ms (cache revalidated)
2036 silly packumentCache full:https://registry.npmjs.org/@img%2fsharp-linux-ppc64 set size:31912 disposed:false
2037 silly fetch manifest @img/sharp-linuxmusl-arm64@0.34.5
2038 silly packumentCache full:https://registry.npmjs.org/@img%2fsharp-linuxmusl-arm64 cache-miss
2039 http fetch GET 200 https://registry.npmjs.org/@img%2fsharp-linux-s390x 35ms (cache revalidated)
2040 silly packumentCache full:https://registry.npmjs.org/@img%2fsharp-linux-s390x set size:65172 disposed:false
2041 silly fetch manifest @img/sharp-libvips-linux-arm@1.2.4
2042 silly packumentCache full:https://registry.npmjs.org/@img%2fsharp-libvips-linux-arm cache-miss
2043 http fetch GET 200 https://registry.npmjs.org/@img%2fsharp-win32-arm64 39ms (cache revalidated)
2044 silly packumentCache full:https://registry.npmjs.org/@img%2fsharp-win32-arm64 set size:23941 disposed:false
2045 silly fetch manifest @img/sharp-libvips-linux-x64@1.2.4
2046 silly packumentCache full:https://registry.npmjs.org/@img%2fsharp-libvips-linux-x64 cache-miss
2047 http fetch GET 200 https://registry.npmjs.org/@img%2fsharp-win32-ia32 48ms (cache revalidated)
2048 silly packumentCache full:https://registry.npmjs.org/@img%2fsharp-win32-ia32 set size:65002 disposed:false
2049 silly fetch manifest @img/sharp-libvips-darwin-x64@1.2.4
2050 silly packumentCache full:https://registry.npmjs.org/@img%2fsharp-libvips-darwin-x64 cache-miss
2051 http fetch GET 200 https://registry.npmjs.org/@img%2fsharp-darwin-arm64 40ms (cache revalidated)
2052 silly packumentCache full:https://registry.npmjs.org/@img%2fsharp-darwin-arm64 set size:66119 disposed:false
2053 silly fetch manifest @img/sharp-libvips-linux-arm64@1.2.4
2054 silly packumentCache full:https://registry.npmjs.org/@img%2fsharp-libvips-linux-arm64 cache-miss
2055 http fetch GET 200 https://registry.npmjs.org/@img%2fsharp-linuxmusl-arm64 30ms (cache revalidated)
2056 silly packumentCache full:https://registry.npmjs.org/@img%2fsharp-linuxmusl-arm64 set size:68298 disposed:false
2057 silly fetch manifest @img/sharp-libvips-linux-ppc64@1.2.4
2058 silly packumentCache full:https://registry.npmjs.org/@img%2fsharp-libvips-linux-ppc64 cache-miss
2059 http fetch GET 200 https://registry.npmjs.org/@img%2fsharp-linux-riscv64 55ms (cache revalidated)
2060 silly packumentCache full:https://registry.npmjs.org/@img%2fsharp-linux-riscv64 set size:8972 disposed:false
2061 silly fetch manifest @img/sharp-libvips-linux-s390x@1.2.4
2062 silly packumentCache full:https://registry.npmjs.org/@img%2fsharp-libvips-linux-s390x cache-miss
2063 http fetch GET 200 https://registry.npmjs.org/@img%2fsharp-libvips-linux-arm 33ms (cache revalidated)
2064 silly packumentCache full:https://registry.npmjs.org/@img%2fsharp-libvips-linux-arm set size:58624 disposed:false
2065 silly fetch manifest @img/sharp-libvips-darwin-arm64@1.2.4
2066 silly packumentCache full:https://registry.npmjs.org/@img%2fsharp-libvips-darwin-arm64 cache-miss
2067 http fetch GET 200 https://registry.npmjs.org/@img%2fsharp-linuxmusl-x64 42ms (cache revalidated)
2068 silly packumentCache full:https://registry.npmjs.org/@img%2fsharp-linuxmusl-x64 set size:67400 disposed:false
2069 silly fetch manifest @img/sharp-libvips-linux-riscv64@1.2.4
2070 silly packumentCache full:https://registry.npmjs.org/@img%2fsharp-libvips-linux-riscv64 cache-miss
2071 http fetch GET 200 https://registry.npmjs.org/@img%2fsharp-libvips-darwin-x64 31ms (cache revalidated)
2072 silly packumentCache full:https://registry.npmjs.org/@img%2fsharp-libvips-darwin-x64 set size:51923 disposed:false
2073 silly fetch manifest @img/sharp-libvips-linuxmusl-x64@1.2.4
2074 silly packumentCache full:https://registry.npmjs.org/@img%2fsharp-libvips-linuxmusl-x64 cache-miss
2075 http fetch GET 200 https://registry.npmjs.org/@img%2fsharp-libvips-linux-x64 37ms (cache revalidated)
2076 silly packumentCache full:https://registry.npmjs.org/@img%2fsharp-libvips-linux-x64 set size:56678 disposed:false
2077 silly fetch manifest @img/sharp-libvips-linuxmusl-arm64@1.2.4
2078 silly packumentCache full:https://registry.npmjs.org/@img%2fsharp-libvips-linuxmusl-arm64 cache-miss
2079 http fetch GET 200 https://registry.npmjs.org/@img%2fsharp-libvips-linux-arm64 39ms (cache revalidated)
2080 silly packumentCache full:https://registry.npmjs.org/@img%2fsharp-libvips-linux-arm64 set size:55489 disposed:false
2081 silly fetch manifest client-only@0.0.1
2082 silly packumentCache full:https://registry.npmjs.org/client-only cache-miss
2083 http fetch GET 200 https://registry.npmjs.org/@img%2fsharp-libvips-linux-ppc64 34ms (cache revalidated)
2084 silly packumentCache full:https://registry.npmjs.org/@img%2fsharp-libvips-linux-ppc64 set size:42709 disposed:false
2085 http fetch GET 200 https://registry.npmjs.org/@img%2fsharp-libvips-linux-riscv64 37ms (cache revalidated)
2086 silly packumentCache full:https://registry.npmjs.org/@img%2fsharp-libvips-linux-riscv64 set size:28633 disposed:false
2087 http fetch GET 200 https://registry.npmjs.org/@img%2fsharp-libvips-linuxmusl-x64 35ms (cache revalidated)
2088 silly packumentCache full:https://registry.npmjs.org/@img%2fsharp-libvips-linuxmusl-x64 set size:53685 disposed:false
2089 http fetch GET 200 https://registry.npmjs.org/@img%2fsharp-libvips-linux-s390x 46ms (cache revalidated)
2090 silly packumentCache full:https://registry.npmjs.org/@img%2fsharp-libvips-linux-s390x set size:51696 disposed:false
2091 http fetch GET 200 https://registry.npmjs.org/@img%2fsharp-libvips-darwin-arm64 41ms (cache revalidated)
2092 silly packumentCache full:https://registry.npmjs.org/@img%2fsharp-libvips-darwin-arm64 set size:52515 disposed:false
2093 http fetch GET 200 https://registry.npmjs.org/@img%2fsharp-libvips-linuxmusl-arm64 40ms (cache revalidated)
2094 silly packumentCache full:https://registry.npmjs.org/@img%2fsharp-libvips-linuxmusl-arm64 set size:54314 disposed:false
2095 http fetch GET 200 https://registry.npmjs.org/client-only 34ms (cache revalidated)
2096 silly packumentCache full:https://registry.npmjs.org/client-only set size:2750 disposed:false
2097 silly placeDep ROOT tslib@2.8.1 OK for: @swc/helpers@0.5.15 want: ^2.8.0
2098 silly placeDep ROOT deep-is@0.1.4 OK for: optionator@0.9.4 want: ^0.1.3
2099 silly placeDep ROOT fast-levenshtein@2.0.6 OK for: optionator@0.9.4 want: ^2.0.6
2100 silly placeDep ROOT word-wrap@1.2.5 OK for: optionator@0.9.4 want: ^1.2.5
2101 silly placeDep ROOT p-limit@3.1.0 OK for: p-locate@5.0.0 want: ^3.0.2
2102 silly fetch manifest yocto-queue@^0.1.0
2103 silly packumentCache full:https://registry.npmjs.org/yocto-queue cache-miss
2104 http fetch GET 200 https://registry.npmjs.org/yocto-queue 25ms (cache revalidated)
2105 silly packumentCache full:https://registry.npmjs.org/yocto-queue set size:20256 disposed:false
2106 silly placeDep ROOT yocto-queue@0.1.0 OK for: p-limit@3.1.0 want: ^0.1.0
2107 silly placeDep ROOT callsites@3.1.0 OK for: parent-module@1.0.1 want: ^3.0.0
2108 silly placeDep ROOT nanoid@3.3.11 OK for: postcss@8.5.6 want: ^3.3.11
2109 silly placeDep ROOT loose-envify@1.4.0 OK for: prop-types@15.8.1 want: ^1.4.0
2110 silly placeDep ROOT object-assign@4.1.1 OK for: prop-types@15.8.1 want: ^4.1.1
2111 silly placeDep ROOT react-is@16.13.1 OK for: prop-types@15.8.1 want: ^16.13.1
2112 silly placeDep ROOT scheduler@0.27.0 OK for: react-dom@19.2.3 want: ^0.27.0
2113 silly placeDep ROOT path-parse@1.0.7 OK for: resolve@1.22.11 want: ^1.0.7
2114 silly placeDep ROOT supports-preserve-symlinks-flag@1.0.0 OK for: resolve@1.22.11 want: ^1.0.0
2115 silly placeDep ROOT queue-microtask@1.2.3 OK for: run-parallel@1.2.0 want: ^1.2.2
2116 silly placeDep ROOT isarray@2.0.5 OK for: safe-array-concat@1.1.3 want: ^2.0.5
2117 silly placeDep ROOT @img/colour@1.0.0 OK for: sharp@0.34.5 want: ^1.0.0
2118 silly placeDep ROOT @img/sharp-darwin-arm64@0.34.5 OK for: sharp@0.34.5 want: 0.34.5
2119 silly placeDep ROOT @img/sharp-darwin-x64@0.34.5 OK for: sharp@0.34.5 want: 0.34.5
2120 silly placeDep ROOT @img/sharp-libvips-darwin-arm64@1.2.4 OK for: sharp@0.34.5 want: 1.2.4
2121 silly placeDep ROOT @img/sharp-libvips-darwin-x64@1.2.4 OK for: sharp@0.34.5 want: 1.2.4
2122 silly placeDep ROOT @img/sharp-libvips-linux-arm@1.2.4 OK for: sharp@0.34.5 want: 1.2.4
2123 silly placeDep ROOT @img/sharp-libvips-linux-arm64@1.2.4 OK for: sharp@0.34.5 want: 1.2.4
2124 silly placeDep ROOT @img/sharp-libvips-linux-ppc64@1.2.4 OK for: sharp@0.34.5 want: 1.2.4
2125 silly placeDep ROOT @img/sharp-libvips-linux-riscv64@1.2.4 OK for: sharp@0.34.5 want: 1.2.4
2126 silly placeDep ROOT @img/sharp-libvips-linux-s390x@1.2.4 OK for: sharp@0.34.5 want: 1.2.4
2127 silly placeDep ROOT @img/sharp-libvips-linux-x64@1.2.4 OK for: sharp@0.34.5 want: 1.2.4
2128 silly placeDep ROOT @img/sharp-libvips-linuxmusl-arm64@1.2.4 OK for: sharp@0.34.5 want: 1.2.4
2129 silly placeDep ROOT @img/sharp-libvips-linuxmusl-x64@1.2.4 OK for: sharp@0.34.5 want: 1.2.4
2130 silly placeDep ROOT @img/sharp-linux-arm@0.34.5 OK for: sharp@0.34.5 want: 0.34.5
2131 silly placeDep ROOT @img/sharp-linux-arm64@0.34.5 OK for: sharp@0.34.5 want: 0.34.5
2132 silly placeDep ROOT @img/sharp-linux-ppc64@0.34.5 OK for: sharp@0.34.5 want: 0.34.5
2133 silly placeDep ROOT @img/sharp-linux-riscv64@0.34.5 OK for: sharp@0.34.5 want: 0.34.5
2134 silly placeDep ROOT @img/sharp-linux-s390x@0.34.5 OK for: sharp@0.34.5 want: 0.34.5
2135 silly placeDep ROOT @img/sharp-linux-x64@0.34.5 OK for: sharp@0.34.5 want: 0.34.5
2136 silly placeDep ROOT @img/sharp-linuxmusl-arm64@0.34.5 OK for: sharp@0.34.5 want: 0.34.5
2137 silly placeDep ROOT @img/sharp-linuxmusl-x64@0.34.5 OK for: sharp@0.34.5 want: 0.34.5
2138 silly placeDep ROOT @img/sharp-wasm32@0.34.5 OK for: sharp@0.34.5 want: 0.34.5
2139 silly placeDep ROOT @img/sharp-win32-arm64@0.34.5 OK for: sharp@0.34.5 want: 0.34.5
2140 silly placeDep ROOT @img/sharp-win32-ia32@0.34.5 OK for: sharp@0.34.5 want: 0.34.5
2141 silly placeDep ROOT @img/sharp-win32-x64@0.34.5 OK for: sharp@0.34.5 want: 0.34.5
2142 silly placeDep node_modules/sharp semver@7.7.4 OK for: sharp@0.34.5 want: ^7.7.3
2143 silly fetch manifest @emnapi/runtime@^1.7.0
2144 silly packumentCache full:https://registry.npmjs.org/@emnapi%2fruntime cache-miss
2145 http fetch GET 200 https://registry.npmjs.org/@emnapi%2fruntime 44ms (cache revalidated)
2146 silly packumentCache full:https://registry.npmjs.org/@emnapi%2fruntime set size:99452 disposed:false
2147 silly placeDep ROOT @emnapi/runtime@1.8.1 OK for: @img/sharp-wasm32@0.34.5 want: ^1.7.0
2148 silly placeDep ROOT shebang-regex@3.0.0 OK for: shebang-command@2.0.0 want: ^3.0.0
2149 silly placeDep ROOT side-channel-list@1.0.0 OK for: side-channel@1.1.0 want: ^1.0.0
2150 silly placeDep ROOT side-channel-map@1.0.1 OK for: side-channel@1.1.0 want: ^1.0.1
2151 silly placeDep ROOT side-channel-weakmap@1.0.2 OK for: side-channel@1.1.0 want: ^1.0.2
2152 silly placeDep ROOT client-only@0.0.1 OK for: styled-jsx@5.1.6 want: 0.0.1
2153 silly placeDep ROOT has-flag@4.0.0 OK for: supports-color@7.2.0 want: ^4.0.0
2154 silly placeDep node_modules/tinyglobby fdir@6.5.0 OK for: tinyglobby@0.2.15 want: ^6.5.0
2155 silly placeDep node_modules/tinyglobby picomatch@4.0.3 OK for: fdir@6.5.0 want: ^3 || ^4
2156 silly placeDep ROOT is-number@7.0.0 OK for: to-regex-range@5.0.1 want: ^7.0.0
2157 silly placeDep ROOT @types/json5@0.0.29 OK for: tsconfig-paths@3.15.0 want: ^0.0.29
2158 silly placeDep node_modules/tsconfig-paths json5@1.0.2 OK for: tsconfig-paths@3.15.0 want: ^1.0.2
2159 silly placeDep ROOT minimist@1.2.8 OK for: tsconfig-paths@3.15.0 want: ^1.2.6
2160 silly placeDep ROOT strip-bom@3.0.0 OK for: tsconfig-paths@3.15.0 want: ^3.0.0
2161 silly fetch manifest minimist@^1.2.0
2162 silly packumentCache full:https://registry.npmjs.org/minimist cache-hit
2163 silly placeDep ROOT for-each@0.3.5 OK for: typed-array-byte-length@1.0.3 want: ^0.3.3
2164 silly placeDep ROOT reflect.getprototypeof@1.0.10 OK for: typed-array-byte-offset@1.0.4 want: ^1.0.9
2165 silly fetch manifest which-builtin-type@^1.2.1
2166 silly packumentCache full:https://registry.npmjs.org/which-builtin-type cache-miss
2167 http fetch GET 200 https://registry.npmjs.org/which-builtin-type 33ms (cache revalidated)
2168 silly packumentCache full:https://registry.npmjs.org/which-builtin-type set size:39107 disposed:false
2169 silly placeDep ROOT which-builtin-type@1.2.1 OK for: reflect.getprototypeof@1.0.10 want: ^1.2.1
2170 silly fetch manifest is-async-function@^2.0.0
2171 silly packumentCache full:https://registry.npmjs.org/is-async-function cache-miss
2172 silly fetch manifest is-finalizationregistry@^1.1.0
2173 silly packumentCache full:https://registry.npmjs.org/is-finalizationregistry cache-miss
2174 silly fetch manifest is-generator-function@^1.0.10
2175 silly packumentCache full:https://registry.npmjs.org/is-generator-function cache-miss
2176 silly fetch manifest which-boxed-primitive@^1.1.0
2177 silly packumentCache full:https://registry.npmjs.org/which-boxed-primitive cache-hit
2178 silly fetch manifest which-collection@^1.0.2
2179 silly packumentCache full:https://registry.npmjs.org/which-collection cache-miss
2180 http fetch GET 200 https://registry.npmjs.org/is-finalizationregistry 21ms (cache revalidated)
2181 silly packumentCache full:https://registry.npmjs.org/is-finalizationregistry set size:19800 disposed:false
2182 http fetch GET 200 https://registry.npmjs.org/is-async-function 32ms (cache revalidated)
2183 silly packumentCache full:https://registry.npmjs.org/is-async-function set size:51614 disposed:false
2184 http fetch GET 200 https://registry.npmjs.org/is-generator-function 50ms (cache revalidated)
2185 silly packumentCache full:https://registry.npmjs.org/is-generator-function set size:44643 disposed:false
2186 http fetch GET 200 https://registry.npmjs.org/which-collection 526ms (cache revalidated)
2187 silly packumentCache full:https://registry.npmjs.org/which-collection set size:13607 disposed:false
2188 silly fetch manifest eslint@^8.57.0 || ^9.0.0 || ^10.0.0
2189 silly packumentCache full:https://registry.npmjs.org/eslint cache-miss
2190 http cache https://registry.npmjs.org/eslint 5ms (cache hit)
2191 silly packumentCache full:https://registry.npmjs.org/eslint set size:1942719 disposed:false
2192 silly fetch manifest typescript@>=4.8.4 <6.0.0
2193 silly packumentCache full:https://registry.npmjs.org/typescript cache-miss
2194 http cache https://registry.npmjs.org/typescript 19ms (cache hit)
2195 silly packumentCache full:https://registry.npmjs.org/typescript set size:15276399 disposed:false
2196 silly placeDep ROOT @typescript-eslint/eslint-plugin@8.56.0 OK for: typescript-eslint@8.56.0 want: 8.56.0
2197 silly placeDep ROOT @typescript-eslint/parser@8.56.0 OK for: @typescript-eslint/eslint-plugin@8.56.0 want: ^8.56.0
2198 silly placeDep ROOT @typescript-eslint/typescript-estree@8.56.0 OK for: typescript-eslint@8.56.0 want: 8.56.0
2199 silly placeDep ROOT @typescript-eslint/utils@8.56.0 OK for: typescript-eslint@8.56.0 want: 8.56.0
2200 silly fetch manifest ignore@^7.0.5
2201 silly packumentCache full:https://registry.npmjs.org/ignore cache-hit
2202 silly fetch manifest ts-api-utils@^2.4.0
2203 silly packumentCache full:https://registry.npmjs.org/ts-api-utils cache-miss
2204 silly fetch manifest @typescript-eslint/type-utils@8.56.0
2205 silly packumentCache full:https://registry.npmjs.org/@typescript-eslint%2ftype-utils cache-miss
2206 silly fetch manifest @typescript-eslint/visitor-keys@8.56.0
2207 silly packumentCache full:https://registry.npmjs.org/@typescript-eslint%2fvisitor-keys cache-miss
2208 silly fetch manifest @typescript-eslint/scope-manager@8.56.0
2209 silly packumentCache full:https://registry.npmjs.org/@typescript-eslint%2fscope-manager cache-miss
2210 silly fetch manifest @typescript-eslint/types@8.56.0
2211 silly packumentCache full:https://registry.npmjs.org/@typescript-eslint%2ftypes cache-miss
2212 silly fetch manifest @typescript-eslint/visitor-keys@8.56.0
2213 silly packumentCache full:https://registry.npmjs.org/@typescript-eslint%2fvisitor-keys cache-miss
2214 silly fetch manifest @typescript-eslint/scope-manager@8.56.0
2215 silly packumentCache full:https://registry.npmjs.org/@typescript-eslint%2fscope-manager cache-miss
2216 http fetch GET 200 https://registry.npmjs.org/ts-api-utils 29ms (cache revalidated)
2217 silly packumentCache full:https://registry.npmjs.org/ts-api-utils set size:220519 disposed:false
2218 silly fetch manifest minimatch@^9.0.5
2219 silly packumentCache full:https://registry.npmjs.org/minimatch cache-hit
2220 silly fetch manifest @typescript-eslint/types@8.56.0
2221 silly packumentCache full:https://registry.npmjs.org/@typescript-eslint%2ftypes cache-miss
2222 http fetch GET 200 https://registry.npmjs.org/@typescript-eslint%2fscope-manager 49ms (cache revalidated)
2223 silly packumentCache full:https://registry.npmjs.org/@typescript-eslint%2fscope-manager set size:12059488 disposed:false
2224 silly fetch manifest @typescript-eslint/visitor-keys@8.56.0
2225 silly packumentCache full:https://registry.npmjs.org/@typescript-eslint%2fvisitor-keys cache-miss
2226 http fetch GET 200 https://registry.npmjs.org/@typescript-eslint%2fvisitor-keys 89ms (cache revalidated)
2227 silly packumentCache full:https://registry.npmjs.org/@typescript-eslint%2fvisitor-keys set size:11493774 disposed:false
2228 silly fetch manifest @typescript-eslint/tsconfig-utils@8.56.0
2229 silly packumentCache full:https://registry.npmjs.org/@typescript-eslint%2ftsconfig-utils cache-miss
2230 http fetch GET 200 https://registry.npmjs.org/@typescript-eslint%2fvisitor-keys 144ms (cache revalidated)
2231 silly packumentCache full:https://registry.npmjs.org/@typescript-eslint%2fvisitor-keys set size:11493774 disposed:false
2232 silly fetch manifest @typescript-eslint/project-service@8.56.0
2233 silly packumentCache full:https://registry.npmjs.org/@typescript-eslint%2fproject-service cache-miss
2234 http fetch GET 200 https://registry.npmjs.org/@typescript-eslint%2fscope-manager 193ms (cache revalidated)
2235 silly packumentCache full:https://registry.npmjs.org/@typescript-eslint%2fscope-manager set size:12059488 disposed:false
2236 silly fetch manifest @typescript-eslint/types@8.56.0
2237 silly packumentCache full:https://registry.npmjs.org/@typescript-eslint%2ftypes cache-miss
2238 http fetch GET 200 https://registry.npmjs.org/@typescript-eslint%2ftype-utils 225ms (cache revalidated)
2239 silly packumentCache full:https://registry.npmjs.org/@typescript-eslint%2ftype-utils set size:8937611 disposed:false
2240 http fetch GET 200 https://registry.npmjs.org/@typescript-eslint%2ftypes 255ms (cache revalidated)
2241 silly packumentCache full:https://registry.npmjs.org/@typescript-eslint%2ftypes set size:11864652 disposed:false
2242 http fetch GET 200 https://registry.npmjs.org/@typescript-eslint%2ftypes 262ms (cache revalidated)
2243 silly packumentCache full:https://registry.npmjs.org/@typescript-eslint%2ftypes set size:11864652 disposed:false
2244 http cache https://registry.npmjs.org/@typescript-eslint%2fvisitor-keys 283ms (cache hit)
2245 silly packumentCache full:https://registry.npmjs.org/@typescript-eslint%2fvisitor-keys set size:11493774 disposed:false
2246 http cache https://registry.npmjs.org/@typescript-eslint%2ftypes 188ms (cache hit)
2247 silly packumentCache full:https://registry.npmjs.org/@typescript-eslint%2ftypes set size:11864652 disposed:false
2248 http fetch GET 200 https://registry.npmjs.org/@typescript-eslint%2fproject-service 257ms (cache revalidated)
2249 silly packumentCache full:https://registry.npmjs.org/@typescript-eslint%2fproject-service set size:957190 disposed:false
2250 http fetch GET 200 https://registry.npmjs.org/@typescript-eslint%2ftsconfig-utils 315ms (cache revalidated)
2251 silly packumentCache full:https://registry.npmjs.org/@typescript-eslint%2ftsconfig-utils set size:900219 disposed:false
2252 silly placeDep ROOT @typescript-eslint/scope-manager@8.56.0 OK for: @typescript-eslint/eslint-plugin@8.56.0 want: 8.56.0
2253 silly placeDep ROOT @typescript-eslint/type-utils@8.56.0 OK for: @typescript-eslint/eslint-plugin@8.56.0 want: 8.56.0
2254 silly placeDep ROOT @typescript-eslint/visitor-keys@8.56.0 OK for: @typescript-eslint/eslint-plugin@8.56.0 want: 8.56.0
2255 silly placeDep node_modules/@typescript-eslint/eslint-plugin ignore@7.0.5 OK for: @typescript-eslint/eslint-plugin@8.56.0 want: ^7.0.5
2256 silly placeDep ROOT ts-api-utils@2.4.0 OK for: @typescript-eslint/eslint-plugin@8.56.0 want: ^2.4.0
2257 silly fetch manifest eslint-visitor-keys@^5.0.0
2258 silly packumentCache full:https://registry.npmjs.org/eslint-visitor-keys cache-hit
2259 silly placeDep ROOT @typescript-eslint/types@8.56.0 OK for: @typescript-eslint/parser@8.56.0 want: 8.56.0
2260 silly placeDep ROOT @typescript-eslint/project-service@8.56.0 OK for: @typescript-eslint/typescript-estree@8.56.0 want: 8.56.0
2261 silly placeDep ROOT @typescript-eslint/tsconfig-utils@8.56.0 OK for: @typescript-eslint/typescript-estree@8.56.0 want: 8.56.0
2262 silly placeDep node_modules/@typescript-eslint/typescript-estree minimatch@9.0.6 OK for: @typescript-eslint/typescript-estree@8.56.0 want: ^9.0.5
2263 silly placeDep node_modules/@typescript-eslint/typescript-estree semver@7.7.4 OK for: @typescript-eslint/typescript-estree@8.56.0 want: ^7.7.3
2264 silly fetch manifest @typescript-eslint/tsconfig-utils@^8.56.0
2265 silly packumentCache full:https://registry.npmjs.org/@typescript-eslint%2ftsconfig-utils cache-hit
2266 silly fetch manifest brace-expansion@^5.0.2
2267 silly packumentCache full:https://registry.npmjs.org/brace-expansion cache-hit
2268 silly placeDep node_modules/@typescript-eslint/visitor-keys eslint-visitor-keys@5.0.1 OK for: @typescript-eslint/visitor-keys@8.56.0 want: ^5.0.0
2269 silly placeDep ROOT has-bigints@1.1.0 OK for: unbox-primitive@1.1.0 want: ^1.0.2
2270 silly placeDep ROOT which-boxed-primitive@1.1.1 OK for: unbox-primitive@1.1.0 want: ^1.1.1
2271 silly fetch manifest is-bigint@^1.1.0
2272 silly packumentCache full:https://registry.npmjs.org/is-bigint cache-miss
2273 silly fetch manifest is-boolean-object@^1.2.1
2274 silly packumentCache full:https://registry.npmjs.org/is-boolean-object cache-miss
2275 silly fetch manifest is-number-object@^1.1.1
2276 silly packumentCache full:https://registry.npmjs.org/is-number-object cache-miss
2277 http fetch GET 200 https://registry.npmjs.org/is-number-object 29ms (cache revalidated)
2278 silly packumentCache full:https://registry.npmjs.org/is-number-object set size:31189 disposed:false
2279 http fetch GET 200 https://registry.npmjs.org/is-boolean-object 31ms (cache revalidated)
2280 silly packumentCache full:https://registry.npmjs.org/is-boolean-object set size:31341 disposed:false
2281 http fetch GET 200 https://registry.npmjs.org/is-bigint 38ms (cache revalidated)
2282 silly packumentCache full:https://registry.npmjs.org/is-bigint set size:20283 disposed:false
2283 silly placeDep ROOT @unrs/resolver-binding-android-arm-eabi@1.11.1 OK for: unrs-resolver@1.11.1 want: 1.11.1
2284 silly placeDep ROOT @unrs/resolver-binding-android-arm64@1.11.1 OK for: unrs-resolver@1.11.1 want: 1.11.1
2285 silly placeDep ROOT @unrs/resolver-binding-darwin-arm64@1.11.1 OK for: unrs-resolver@1.11.1 want: 1.11.1
2286 silly placeDep ROOT @unrs/resolver-binding-darwin-x64@1.11.1 OK for: unrs-resolver@1.11.1 want: 1.11.1
2287 silly placeDep ROOT @unrs/resolver-binding-freebsd-x64@1.11.1 OK for: unrs-resolver@1.11.1 want: 1.11.1
2288 silly placeDep ROOT @unrs/resolver-binding-linux-arm-gnueabihf@1.11.1 OK for: unrs-resolver@1.11.1 want: 1.11.1
2289 silly placeDep ROOT @unrs/resolver-binding-linux-arm-musleabihf@1.11.1 OK for: unrs-resolver@1.11.1 want: 1.11.1
2290 silly placeDep ROOT @unrs/resolver-binding-linux-arm64-gnu@1.11.1 OK for: unrs-resolver@1.11.1 want: 1.11.1
2291 silly placeDep ROOT @unrs/resolver-binding-linux-arm64-musl@1.11.1 OK for: unrs-resolver@1.11.1 want: 1.11.1
2292 silly placeDep ROOT @unrs/resolver-binding-linux-ppc64-gnu@1.11.1 OK for: unrs-resolver@1.11.1 want: 1.11.1
2293 silly placeDep ROOT @unrs/resolver-binding-linux-riscv64-gnu@1.11.1 OK for: unrs-resolver@1.11.1 want: 1.11.1
2294 silly placeDep ROOT @unrs/resolver-binding-linux-riscv64-musl@1.11.1 OK for: unrs-resolver@1.11.1 want: 1.11.1
2295 silly placeDep ROOT @unrs/resolver-binding-linux-s390x-gnu@1.11.1 OK for: unrs-resolver@1.11.1 want: 1.11.1
2296 silly placeDep ROOT @unrs/resolver-binding-linux-x64-gnu@1.11.1 OK for: unrs-resolver@1.11.1 want: 1.11.1
2297 silly placeDep ROOT @unrs/resolver-binding-linux-x64-musl@1.11.1 OK for: unrs-resolver@1.11.1 want: 1.11.1
2298 silly placeDep ROOT @unrs/resolver-binding-wasm32-wasi@1.11.1 OK for: unrs-resolver@1.11.1 want: 1.11.1
2299 silly placeDep ROOT @unrs/resolver-binding-win32-arm64-msvc@1.11.1 OK for: unrs-resolver@1.11.1 want: 1.11.1
2300 silly placeDep ROOT @unrs/resolver-binding-win32-ia32-msvc@1.11.1 OK for: unrs-resolver@1.11.1 want: 1.11.1
2301 silly placeDep ROOT @unrs/resolver-binding-win32-x64-msvc@1.11.1 OK for: unrs-resolver@1.11.1 want: 1.11.1
2302 silly placeDep ROOT napi-postinstall@0.3.4 OK for: unrs-resolver@1.11.1 want: ^0.3.0
2303 silly fetch manifest @napi-rs/wasm-runtime@^0.2.11
2304 silly packumentCache full:https://registry.npmjs.org/@napi-rs%2fwasm-runtime cache-miss
2305 http fetch GET 200 https://registry.npmjs.org/@napi-rs%2fwasm-runtime 33ms (cache revalidated)
2306 silly packumentCache full:https://registry.npmjs.org/@napi-rs%2fwasm-runtime set size:63456 disposed:false
2307 silly placeDep ROOT @napi-rs/wasm-runtime@0.2.12 OK for: @unrs/resolver-binding-wasm32-wasi@1.11.1 want: ^0.2.11
2308 silly fetch manifest @emnapi/core@^1.4.3
2309 silly packumentCache full:https://registry.npmjs.org/@emnapi%2fcore cache-miss
2310 silly fetch manifest @tybys/wasm-util@^0.10.0
2311 silly packumentCache full:https://registry.npmjs.org/@tybys%2fwasm-util cache-miss
2312 http fetch GET 200 https://registry.npmjs.org/@emnapi%2fcore 39ms (cache revalidated)
2313 silly packumentCache full:https://registry.npmjs.org/@emnapi%2fcore set size:96861 disposed:false
2314 http fetch GET 200 https://registry.npmjs.org/@tybys%2fwasm-util 53ms (cache revalidated)
2315 silly packumentCache full:https://registry.npmjs.org/@tybys%2fwasm-util set size:55410 disposed:false
2316 silly placeDep ROOT @emnapi/core@1.8.1 OK for: @napi-rs/wasm-runtime@0.2.12 want: ^1.4.3
2317 silly placeDep ROOT @tybys/wasm-util@0.10.1 OK for: @napi-rs/wasm-runtime@0.2.12 want: ^0.10.0
2318 silly fetch manifest @emnapi/wasi-threads@1.1.0
2319 silly packumentCache full:https://registry.npmjs.org/@emnapi%2fwasi-threads cache-miss
2320 http fetch GET 200 https://registry.npmjs.org/@emnapi%2fwasi-threads 541ms (cache revalidated)
2321 silly packumentCache full:https://registry.npmjs.org/@emnapi%2fwasi-threads set size:19454 disposed:false
2322 silly placeDep ROOT @emnapi/wasi-threads@1.1.0 OK for: @emnapi/core@1.8.1 want: 1.1.0
2323 silly placeDep ROOT escalade@3.2.0 OK for: update-browserslist-db@1.2.3 want: ^3.2.0
2324 silly placeDep ROOT punycode@2.3.1 OK for: uri-js@4.4.1 want: ^2.1.0
2325 silly placeDep ROOT isexe@2.0.0 OK for: which@2.0.2 want: ^2.0.0
2326 silly placeDep ROOT is-bigint@1.1.0 OK for: which-boxed-primitive@1.1.1 want: ^1.1.0
2327 silly placeDep ROOT is-boolean-object@1.2.2 OK for: which-boxed-primitive@1.1.1 want: ^1.2.1
2328 silly placeDep ROOT is-number-object@1.1.1 OK for: which-boxed-primitive@1.1.1 want: ^1.1.1
2329 silly placeDep ROOT is-async-function@2.1.1 OK for: which-builtin-type@1.2.1 want: ^2.0.0
2330 silly placeDep ROOT is-finalizationregistry@1.1.1 OK for: which-builtin-type@1.2.1 want: ^1.1.0
2331 silly placeDep ROOT is-generator-function@1.1.2 OK for: which-builtin-type@1.2.1 want: ^1.0.10
2332 silly placeDep ROOT which-collection@1.0.2 OK for: which-builtin-type@1.2.1 want: ^1.0.2
2333 silly fetch manifest async-function@^1.0.0
2334 silly packumentCache full:https://registry.npmjs.org/async-function cache-miss
2335 silly fetch manifest generator-function@^2.0.0
2336 silly packumentCache full:https://registry.npmjs.org/generator-function cache-miss
2337 silly fetch manifest is-map@^2.0.3
2338 silly packumentCache full:https://registry.npmjs.org/is-map cache-miss
2339 silly fetch manifest is-weakmap@^2.0.2
2340 silly packumentCache full:https://registry.npmjs.org/is-weakmap cache-miss
2341 silly fetch manifest is-weakset@^2.0.3
2342 silly packumentCache full:https://registry.npmjs.org/is-weakset cache-miss
2343 http fetch GET 200 https://registry.npmjs.org/async-function 21ms (cache revalidated)
2344 silly packumentCache full:https://registry.npmjs.org/async-function set size:7150 disposed:false
2345 http fetch GET 200 https://registry.npmjs.org/is-map 23ms (cache revalidated)
2346 silly packumentCache full:https://registry.npmjs.org/is-map set size:18079 disposed:false
2347 http fetch GET 200 https://registry.npmjs.org/is-weakmap 27ms (cache revalidated)
2348 silly packumentCache full:https://registry.npmjs.org/is-weakmap set size:15163 disposed:false
2349 http fetch GET 200 https://registry.npmjs.org/is-weakset 32ms (cache revalidated)
2350 silly packumentCache full:https://registry.npmjs.org/is-weakset set size:21965 disposed:false
2351 http fetch GET 200 https://registry.npmjs.org/generator-function 34ms (cache revalidated)
2352 silly packumentCache full:https://registry.npmjs.org/generator-function set size:10401 disposed:false
2353 silly placeDep ROOT async-function@1.0.0 OK for: is-async-function@2.1.1 want: ^1.0.0
2354 silly placeDep ROOT generator-function@2.0.1 OK for: is-generator-function@1.1.2 want: ^2.0.0
2355 silly placeDep ROOT is-map@2.0.3 OK for: which-collection@1.0.2 want: ^2.0.3
2356 silly placeDep ROOT is-weakmap@2.0.2 OK for: which-collection@1.0.2 want: ^2.0.2
2357 silly placeDep ROOT is-weakset@2.0.4 OK for: which-collection@1.0.2 want: ^2.0.3
2358 silly placeDep node_modules/@typescript-eslint/typescript-estree brace-expansion@5.0.2 OK for: minimatch@9.0.6 want: ^5.0.2
2359 silly fetch manifest balanced-match@^4.0.2
2360 silly packumentCache full:https://registry.npmjs.org/balanced-match cache-hit
2361 silly placeDep node_modules/@typescript-eslint/typescript-estree balanced-match@4.0.3 OK for: brace-expansion@5.0.2 want: ^4.0.2
2362 silly placeDep ROOT node-exports-info@1.6.0 OK for: resolve@2.0.0-next.6 want: ^1.6.0
2363 silly reify moves {}
2364 silly audit bulk request {
2364 silly audit   '@tailwindcss/postcss': [ '4.2.0' ],
2364 silly audit   '@types/node': [ '20.19.33' ],
2364 silly audit   '@types/react': [ '19.2.14' ],
2364 silly audit   '@types/react-dom': [ '19.2.3' ],
2364 silly audit   eslint: [ '9.39.3' ],
2364 silly audit   'eslint-config-next': [ '16.1.6' ],
2364 silly audit   next: [ '16.1.6' ],
2364 silly audit   react: [ '19.2.3' ],
2364 silly audit   'react-dom': [ '19.2.3' ],
2364 silly audit   tailwindcss: [ '4.2.0' ],
2364 silly audit   typescript: [ '5.9.3' ],
2364 silly audit   '@alloc/quick-lru': [ '5.2.0' ],
2364 silly audit   '@tailwindcss/node': [ '4.2.0' ],
2364 silly audit   '@tailwindcss/oxide': [ '4.2.0' ],
2364 silly audit   postcss: [ '8.5.6', '8.4.31' ],
2364 silly audit   '@jridgewell/remapping': [ '2.3.5' ],
2364 silly audit   'enhanced-resolve': [ '5.19.0' ],
2364 silly audit   jiti: [ '2.6.1' ],
2364 silly audit   lightningcss: [ '1.31.1' ],
2364 silly audit   'magic-string': [ '0.30.21' ],
2364 silly audit   'source-map-js': [ '1.2.1' ],
2364 silly audit   '@jridgewell/gen-mapping': [ '0.3.13' ],
2364 silly audit   '@jridgewell/trace-mapping': [ '0.3.31' ],
2364 silly audit   '@jridgewell/sourcemap-codec': [ '1.5.5' ],
2364 silly audit   '@jridgewell/resolve-uri': [ '3.1.2' ],
2364 silly audit   '@tailwindcss/oxide-android-arm64': [ '4.2.0' ],
2364 silly audit   '@tailwindcss/oxide-darwin-arm64': [ '4.2.0' ],
2364 silly audit   '@tailwindcss/oxide-darwin-x64': [ '4.2.0' ],
2364 silly audit   '@tailwindcss/oxide-freebsd-x64': [ '4.2.0' ],
2364 silly audit   '@tailwindcss/oxide-linux-arm-gnueabihf': [ '4.2.0' ],
2364 silly audit   '@tailwindcss/oxide-linux-arm64-gnu': [ '4.2.0' ],
2364 silly audit   '@tailwindcss/oxide-linux-arm64-musl': [ '4.2.0' ],
2364 silly audit   '@tailwindcss/oxide-linux-x64-gnu': [ '4.2.0' ],
2364 silly audit   '@tailwindcss/oxide-linux-x64-musl': [ '4.2.0' ],
2364 silly audit   '@tailwindcss/oxide-wasm32-wasi': [ '4.2.0' ],
2364 silly audit   '@tailwindcss/oxide-win32-arm64-msvc': [ '4.2.0' ],
2364 silly audit   '@tailwindcss/oxide-win32-x64-msvc': [ '4.2.0' ],
2364 silly audit   'undici-types': [ '6.21.0' ],
2364 silly audit   csstype: [ '3.2.3' ],
2364 silly audit   'graceful-fs': [ '4.2.11' ],
2364 silly audit   tapable: [ '2.3.0' ],
2364 silly audit   '@eslint-community/eslint-utils': [ '4.9.1' ],
2364 silly audit   '@eslint-community/regexpp': [ '4.12.2' ],
2364 silly audit   '@eslint/config-array': [ '0.21.1' ],
2364 silly audit   '@eslint/config-helpers': [ '0.4.2' ],
2364 silly audit   '@eslint/core': [ '0.17.0' ],
2364 silly audit   '@eslint/eslintrc': [ '3.3.3' ],
2364 silly audit   '@eslint/js': [ '9.39.3' ],
2364 silly audit   '@eslint/plugin-kit': [ '0.4.1' ],
2364 silly audit   '@humanfs/node': [ '0.16.7' ],
2364 silly audit   '@humanwhocodes/module-importer': [ '1.0.1' ],
2364 silly audit   '@humanwhocodes/retry': [ '0.4.3' ],
2364 silly audit   '@types/estree': [ '1.0.8' ],
2364 silly audit   ajv: [ '6.14.0' ],
2364 silly audit   chalk: [ '4.1.2' ],
2364 silly audit   'cross-spawn': [ '7.0.6' ],
2364 silly audit   debug: [ '4.4.3', '3.2.7' ],
2364 silly audit   'escape-string-regexp': [ '4.0.0' ],
2364 silly audit   'eslint-scope': [ '8.4.0' ],
2364 silly audit   'eslint-visitor-keys': [ '4.2.1', '3.4.3', '5.0.1' ],
2364 silly audit   espree: [ '10.4.0' ],
2364 silly audit   esquery: [ '1.7.0' ],
2364 silly audit   esutils: [ '2.0.3' ],
2364 silly audit   'fast-deep-equal': [ '3.1.3' ],
2364 silly audit   'file-entry-cache': [ '8.0.0' ],
2364 silly audit   'find-up': [ '5.0.0' ],
2364 silly audit   'glob-parent': [ '6.0.2', '5.1.2' ],
2364 silly audit   ignore: [ '5.3.2', '7.0.5' ],
2364 silly audit   imurmurhash: [ '0.1.4' ],
2364 silly audit   'is-glob': [ '4.0.3' ],
2364 silly audit   'json-stable-stringify-without-jsonify': [ '1.0.1' ],
2364 silly audit   'lodash.merge': [ '4.6.2' ],
2364 silly audit   minimatch: [ '3.1.3', '9.0.6' ],
2364 silly audit   'natural-compare': [ '1.4.0' ],
2364 silly audit   optionator: [ '0.9.4' ],
2364 silly audit   '@eslint/object-schema': [ '2.1.7' ],
2364 silly audit   '@types/json-schema': [ '7.0.15' ],
2364 silly audit   globals: [ '14.0.0', '16.4.0' ],
2364 silly audit   'import-fresh': [ '3.3.1' ],
2364 silly audit   'js-yaml': [ '4.1.1' ],
2364 silly audit   'strip-json-comments': [ '3.1.1' ],
2364 silly audit   levn: [ '0.4.1' ],
2364 silly audit   '@humanfs/core': [ '0.19.1' ],
2364 silly audit   'fast-json-stable-stringify': [ '2.1.0' ],
2364 silly audit   'json-schema-traverse': [ '0.4.1' ],
2364 silly audit   'uri-js': [ '4.4.1' ],
2364 silly audit   'ansi-styles': [ '4.3.0' ],
2364 silly audit   'supports-color': [ '7.2.0' ],
2364 silly audit   'color-convert': [ '2.0.1' ],
2364 silly audit   'color-name': [ '1.1.4' ],
2364 silly audit   'path-key': [ '3.1.1' ],
2364 silly audit   'shebang-command': [ '2.0.0' ],
2364 silly audit   which: [ '2.0.2' ],
2364 silly audit   ms: [ '2.1.3' ],
2364 silly audit   '@next/eslint-plugin-next': [ '16.1.6' ],
2364 silly audit   'eslint-import-resolver-node': [ '0.3.9' ],
2364 silly audit   'eslint-import-resolver-typescript': [ '3.10.1' ],
2364 silly audit   'eslint-plugin-import': [ '2.32.0' ],
2364 silly audit   'eslint-plugin-jsx-a11y': [ '6.10.2' ],
2364 silly audit   'eslint-plugin-react': [ '7.37.5' ],
2364 silly audit   'eslint-plugin-react-hooks': [ '7.0.1' ],
2364 silly audit   'typescript-eslint': [ '8.56.0' ],
2364 silly audit   'fast-glob': [ '3.3.1' ],
2364 silly audit   'is-core-module': [ '2.16.1' ],
2364 silly audit   resolve: [ '1.22.11', '2.0.0-next.6' ],
2364 silly audit   '@nolyfill/is-core-module': [ '1.0.39' ],
2364 silly audit   'get-tsconfig': [ '4.13.6' ],
2364 silly audit   'is-bun-module': [ '2.0.0' ],
2364 silly audit   'stable-hash': [ '0.0.5' ],
2364 silly audit   tinyglobby: [ '0.2.15' ],
2364 silly audit   'unrs-resolver': [ '1.11.1' ],
2364 silly audit   '@rtsao/scc': [ '1.1.0' ],
2364 silly audit   'array-includes': [ '3.1.9' ],
2364 silly audit   'array.prototype.findlastindex': [ '1.2.6' ],
2364 silly audit   'array.prototype.flat': [ '1.3.3' ],
2364 silly audit   'array.prototype.flatmap': [ '1.3.3' ],
2364 silly audit   doctrine: [ '2.1.0' ],
2364 silly audit   'eslint-module-utils': [ '2.12.1' ],
2364 silly audit   hasown: [ '2.0.2' ],
2364 silly audit   'object.fromentries': [ '2.0.8' ],
2364 silly audit   'object.groupby': [ '1.0.3' ],
2364 silly audit   'object.values': [ '1.2.1' ],
2364 silly audit   semver: [ '6.3.1', '7.7.4' ],
2364 silly audit   'string.prototype.trimend': [ '1.0.9' ],
2364 silly audit   'tsconfig-paths': [ '3.15.0' ],
2364 silly audit   'call-bind': [ '1.0.8' ],
2364 silly audit   'call-bound': [ '1.0.4' ],
2364 silly audit   'define-properties': [ '1.2.1' ],
2364 silly audit   'es-abstract': [ '1.24.1' ],
2364 silly audit   'es-object-atoms': [ '1.1.1' ],
2364 silly audit   'get-intrinsic': [ '1.3.0' ],
2364 silly audit   'is-string': [ '1.1.1' ],
2364 silly audit   'math-intrinsics': [ '1.1.0' ],
2364 silly audit   'es-errors': [ '1.3.0' ],
2364 silly audit   'es-shim-unscopables': [ '1.1.0' ],
2364 silly audit   'call-bind-apply-helpers': [ '1.0.2' ],
2364 silly audit   'es-define-property': [ '1.0.1' ],
2364 silly audit   'set-function-length': [ '1.2.2' ],
2364 silly audit   'function-bind': [ '1.1.2' ],
2364 silly audit   'define-data-property': [ '1.1.4' ],
2364 silly audit   'has-property-descriptors': [ '1.0.2' ],
2364 silly audit   'object-keys': [ '1.1.1' ],
2364 silly audit   gopd: [ '1.2.0' ],
2364 silly audit   'array-buffer-byte-length': [ '1.0.2' ],
2364 silly audit   'arraybuffer.prototype.slice': [ '1.0.4' ],
2364 silly audit   'available-typed-arrays': [ '1.0.7' ],
2364 silly audit   'data-view-buffer': [ '1.0.2' ],
2364 silly audit   'data-view-byte-length': [ '1.0.2' ],
2364 silly audit   'data-view-byte-offset': [ '1.0.1' ],
2364 silly audit   'es-set-tostringtag': [ '2.1.0' ],
2364 silly audit   'es-to-primitive': [ '1.3.0' ],
2364 silly audit   'function.prototype.name': [ '1.1.8' ],
2364 silly audit   'get-proto': [ '1.0.1' ],
2364 silly audit   'get-symbol-description': [ '1.1.0' ],
2364 silly audit   globalthis: [ '1.0.4' ],
2364 silly audit   'has-proto': [ '1.2.0' ],
2364 silly audit   'has-symbols': [ '1.1.0' ],
2364 silly audit   'internal-slot': [ '1.1.0' ],
2364 silly audit   'is-array-buffer': [ '3.0.5' ],
2364 silly audit   'is-callable': [ '1.2.7' ],
2364 silly audit   'is-data-view': [ '1.0.2' ],
2364 silly audit   'is-negative-zero': [ '2.0.3' ],
2364 silly audit   'is-regex': [ '1.2.1' ],
2364 silly audit   'is-set': [ '2.0.3' ],
2364 silly audit   'is-shared-array-buffer': [ '1.0.4' ],
2364 silly audit   'is-typed-array': [ '1.1.15' ],
2364 silly audit   'is-weakref': [ '1.1.1' ],
2364 silly audit   'object-inspect': [ '1.13.4' ],
2364 silly audit   'object.assign': [ '4.1.7' ],
2364 silly audit   'own-keys': [ '1.0.1' ],
2364 silly audit   'regexp.prototype.flags': [ '1.5.4' ],
2364 silly audit   'safe-array-concat': [ '1.1.3' ],
2364 silly audit   'safe-push-apply': [ '1.0.0' ],
2364 silly audit   'safe-regex-test': [ '1.1.0' ],
2364 silly audit   'set-proto': [ '1.0.0' ],
2364 silly audit   'stop-iteration-iterator': [ '1.1.0' ],
2364 silly audit   'string.prototype.trim': [ '1.2.10' ],
2364 silly audit   'string.prototype.trimstart': [ '1.0.8' ],
2364 silly audit   'typed-array-buffer': [ '1.0.3' ],
2364 silly audit   'typed-array-byte-length': [ '1.0.3' ],
2364 silly audit   'typed-array-byte-offset': [ '1.0.4' ],
2364 silly audit   'typed-array-length': [ '1.0.7' ],
2364 silly audit   'unbox-primitive': [ '1.1.0' ],
2364 silly audit   'which-typed-array': [ '1.1.20' ],
2364 silly audit   'possible-typed-array-names': [ '1.1.0' ],
2364 silly audit   'has-tostringtag': [ '1.0.2' ],
2364 silly audit   'is-date-object': [ '1.1.0' ],
2364 silly audit   'is-symbol': [ '1.1.1' ],
2364 silly audit   'aria-query': [ '5.3.2' ],
2364 silly audit   'ast-types-flow': [ '0.0.8' ],
2364 silly audit   'axe-core': [ '4.11.1' ],
2364 silly audit   'axobject-query': [ '4.1.0' ],
2364 silly audit   'damerau-levenshtein': [ '1.0.8' ],
2364 silly audit   'emoji-regex': [ '9.2.2' ],
2364 silly audit   'jsx-ast-utils': [ '3.3.5' ],
2364 silly audit   'language-tags': [ '1.0.9' ],
2364 silly audit   'string.prototype.includes': [ '2.0.1' ],
2364 silly audit   'array.prototype.findlast': [ '1.2.5' ],
2364 silly audit   'array.prototype.tosorted': [ '1.1.4' ],
2364 silly audit   'es-iterator-helpers': [ '1.2.2' ],
2364 silly audit   estraverse: [ '5.3.0' ],
2364 silly audit   'object.entries': [ '1.1.9' ],
2364 silly audit   'prop-types': [ '15.8.1' ],
2364 silly audit   'string.prototype.matchall': [ '4.0.12' ],
2364 silly audit   'string.prototype.repeat': [ '1.0.0' ],
2364 silly audit   'iterator.prototype': [ '1.1.5' ],
2364 silly audit   '@babel/core': [ '7.29.0' ],
2364 silly audit   '@babel/parser': [ '7.29.0' ],
2364 silly audit   'hermes-parser': [ '0.25.1' ],
2364 silly audit   zod: [ '4.3.6' ],
2364 silly audit   'zod-validation-error': [ '4.0.2' ],
2364 silly audit   '@babel/code-frame': [ '7.29.0' ],
2364 silly audit   '@babel/generator': [ '7.29.1' ],
2364 silly audit   '@babel/helper-compilation-targets': [ '7.28.6' ],
2364 silly audit   '@babel/helper-module-transforms': [ '7.28.6' ],
2364 silly audit   '@babel/helpers': [ '7.28.6' ],
2364 silly audit   '@babel/template': [ '7.28.6' ],
2364 silly audit   '@babel/traverse': [ '7.29.0' ],
2364 silly audit   '@babel/types': [ '7.29.0' ],
2364 silly audit   'convert-source-map': [ '2.0.0' ],
2364 silly audit   gensync: [ '1.0.0-beta.2' ],
2364 silly audit   json5: [ '2.2.3', '1.0.2' ],
2364 silly audit   '@babel/helper-validator-identifier': [ '7.28.5' ],
2364 silly audit   'js-tokens': [ '4.0.0' ],
2364 silly audit   picocolors: [ '1.1.1' ],
2364 silly audit   jsesc: [ '3.1.0' ],
2364 silly audit   '@babel/compat-data': [ '7.29.0' ],
2364 silly audit   '@babel/helper-validator-option': [ '7.27.1' ],
2364 silly audit   browserslist: [ '4.28.1' ],
2364 silly audit   'lru-cache': [ '5.1.1' ],
2364 silly audit   '@babel/helper-module-imports': [ '7.28.6' ],
2364 silly audit   '@babel/helper-globals': [ '7.28.0' ],
2364 silly audit   '@babel/helper-string-parser': [ '7.27.1' ],
2364 silly audit   'baseline-browser-mapping': [ '2.10.0' ],
2364 silly audit   'caniuse-lite': [ '1.0.30001772' ],
2364 silly audit   'electron-to-chromium': [ '1.5.302' ],
2364 silly audit   'node-releases': [ '2.0.27' ],
2364 silly audit   'update-browserslist-db': [ '1.2.3' ],
2364 silly audit   esrecurse: [ '4.3.0' ],
2364 silly audit   acorn: [ '8.16.0' ],
2364 silly audit   'acorn-jsx': [ '5.3.2' ],
2364 silly audit   '@nodelib/fs.stat': [ '2.0.5' ],
2364 silly audit   '@nodelib/fs.walk': [ '1.2.8' ],
2364 silly audit   merge2: [ '1.4.1' ],
2364 silly audit   micromatch: [ '4.0.8' ],
2364 silly audit   '@nodelib/fs.scandir': [ '2.1.5' ],
2364 silly audit   fastq: [ '1.20.1' ],
2364 silly audit   'run-parallel': [ '1.2.0' ],
2364 silly audit   reusify: [ '1.1.0' ],
2364 silly audit   'flat-cache': [ '4.0.1' ],
2364 silly audit   'locate-path': [ '6.0.0' ],
2364 silly audit   'path-exists': [ '4.0.0' ],
2364 silly audit   flatted: [ '3.3.3' ],
2364 silly audit   keyv: [ '4.5.4' ],
2364 silly audit   'functions-have-names': [ '1.2.3' ],
2364 silly audit   'dunder-proto': [ '1.0.1' ],
2364 silly audit   'resolve-pkg-maps': [ '1.0.0' ],
2364 silly audit   'hermes-estree': [ '0.25.1' ],
2364 silly audit   'parent-module': [ '1.0.1' ],
2364 silly audit   'resolve-from': [ '4.0.0' ],
2364 silly audit   'side-channel': [ '1.1.0' ],
2364 silly audit   'is-extglob': [ '2.1.1' ],
2364 silly audit   'set-function-name': [ '2.0.2' ],
2364 silly audit   argparse: [ '2.0.1' ],
2364 silly audit   'json-buffer': [ '3.0.1' ],
2364 silly audit   'language-subtag-registry': [ '0.3.23' ],
2364 silly audit   'prelude-ls': [ '1.2.1' ],
2364 silly audit   'type-check': [ '0.4.0' ],
2364 silly audit   'detect-libc': [ '2.1.2' ],
2364 silly audit   'lightningcss-android-arm64': [ '1.31.1' ],
2364 silly audit   'lightningcss-darwin-arm64': [ '1.31.1' ],
2364 silly audit   'lightningcss-darwin-x64': [ '1.31.1' ],
2364 silly audit   'lightningcss-freebsd-x64': [ '1.31.1' ],
2364 silly audit   'lightningcss-linux-arm-gnueabihf': [ '1.31.1' ],
2364 silly audit   'lightningcss-linux-arm64-gnu': [ '1.31.1' ],
2364 silly audit   'lightningcss-linux-arm64-musl': [ '1.31.1' ],
2364 silly audit   'lightningcss-linux-x64-gnu': [ '1.31.1' ],
2364 silly audit   'lightningcss-linux-x64-musl': [ '1.31.1' ],
2364 silly audit   'lightningcss-win32-arm64-msvc': [ '1.31.1' ],
2364 silly audit   'lightningcss-win32-x64-msvc': [ '1.31.1' ],
2364 silly audit   'p-locate': [ '5.0.0' ],
2364 silly audit   yallist: [ '3.1.1' ],
2364 silly audit   braces: [ '3.0.3' ],
2364 silly audit   picomatch: [ '2.3.1', '4.0.3' ],
2364 silly audit   'fill-range': [ '7.1.1' ],
2364 silly audit   'to-regex-range': [ '5.0.1' ],
2364 silly audit   'brace-expansion': [ '1.1.12', '5.0.2' ],
2364 silly audit   'balanced-match': [ '1.0.2', '4.0.3' ],
2364 silly audit   'concat-map': [ '0.0.1' ],
2364 silly audit   '@next/env': [ '16.1.6' ],
2364 silly audit   '@next/swc-darwin-arm64': [ '16.1.6' ],
2364 silly audit   '@next/swc-darwin-x64': [ '16.1.6' ],
2364 silly audit   '@next/swc-linux-arm64-gnu': [ '16.1.6' ],
2364 silly audit   '@next/swc-linux-arm64-musl': [ '16.1.6' ],
2364 silly audit   '@next/swc-linux-x64-gnu': [ '16.1.6' ],
2364 silly audit   '@next/swc-linux-x64-musl': [ '16.1.6' ],
2364 silly audit   '@next/swc-win32-arm64-msvc': [ '16.1.6' ],
2364 silly audit   '@next/swc-win32-x64-msvc': [ '16.1.6' ],
2364 silly audit   '@swc/helpers': [ '0.5.15' ],
2364 silly audit   sharp: [ '0.34.5' ],
2364 silly audit   'styled-jsx': [ '5.1.6' ],
2364 silly audit   tslib: [ '2.8.1' ],
2364 silly audit   'deep-is': [ '0.1.4' ],
2364 silly audit   'fast-levenshtein': [ '2.0.6' ],
2364 silly audit   'word-wrap': [ '1.2.5' ],
2364 silly audit   'p-limit': [ '3.1.0' ],
2364 silly audit   'yocto-queue': [ '0.1.0' ],
2364 silly audit   callsites: [ '3.1.0' ],
2364 silly audit   nanoid: [ '3.3.11' ],
2364 silly audit   'loose-envify': [ '1.4.0' ],
2364 silly audit   'object-assign': [ '4.1.1' ],
2364 silly audit   'react-is': [ '16.13.1' ],
2364 silly audit   scheduler: [ '0.27.0' ],
2364 silly audit   'path-parse': [ '1.0.7' ],
2364 silly audit   'supports-preserve-symlinks-flag': [ '1.0.0' ],
2364 silly audit   'queue-microtask': [ '1.2.3' ],
2364 silly audit   isarray: [ '2.0.5' ],
2364 silly audit   '@img/colour': [ '1.0.0' ],
2364 silly audit   '@img/sharp-darwin-arm64': [ '0.34.5' ],
2364 silly audit   '@img/sharp-darwin-x64': [ '0.34.5' ],
2364 silly audit   '@img/sharp-libvips-darwin-arm64': [ '1.2.4' ],
2364 silly audit   '@img/sharp-libvips-darwin-x64': [ '1.2.4' ],
2364 silly audit   '@img/sharp-libvips-linux-arm': [ '1.2.4' ],
2364 silly audit   '@img/sharp-libvips-linux-arm64': [ '1.2.4' ],
2364 silly audit   '@img/sharp-libvips-linux-ppc64': [ '1.2.4' ],
2364 silly audit   '@img/sharp-libvips-linux-riscv64': [ '1.2.4' ],
2364 silly audit   '@img/sharp-libvips-linux-s390x': [ '1.2.4' ],
2364 silly audit   '@img/sharp-libvips-linux-x64': [ '1.2.4' ],
2364 silly audit   '@img/sharp-libvips-linuxmusl-arm64': [ '1.2.4' ],
2364 silly audit   '@img/sharp-libvips-linuxmusl-x64': [ '1.2.4' ],
2364 silly audit   '@img/sharp-linux-arm': [ '0.34.5' ],
2364 silly audit   '@img/sharp-linux-arm64': [ '0.34.5' ],
2364 silly audit   '@img/sharp-linux-ppc64': [ '0.34.5' ],
2364 silly audit   '@img/sharp-linux-riscv64': [ '0.34.5' ],
2364 silly audit   '@img/sharp-linux-s390x': [ '0.34.5' ],
2364 silly audit   '@img/sharp-linux-x64': [ '0.34.5' ],
2364 silly audit   '@img/sharp-linuxmusl-arm64': [ '0.34.5' ],
2364 silly audit   '@img/sharp-linuxmusl-x64': [ '0.34.5' ],
2364 silly audit   '@img/sharp-wasm32': [ '0.34.5' ],
2364 silly audit   '@img/sharp-win32-arm64': [ '0.34.5' ],
2364 silly audit   '@img/sharp-win32-ia32': [ '0.34.5' ],
2364 silly audit   '@img/sharp-win32-x64': [ '0.34.5' ],
2364 silly audit   '@emnapi/runtime': [ '1.8.1' ],
2364 silly audit   'shebang-regex': [ '3.0.0' ],
2364 silly audit   'side-channel-list': [ '1.0.0' ],
2364 silly audit   'side-channel-map': [ '1.0.1' ],
2364 silly audit   'side-channel-weakmap': [ '1.0.2' ],
2364 silly audit   'client-only': [ '0.0.1' ],
2364 silly audit   'has-flag': [ '4.0.0' ],
2364 silly audit   fdir: [ '6.5.0' ],
2364 silly audit   'is-number': [ '7.0.0' ],
2364 silly audit   '@types/json5': [ '0.0.29' ],
2364 silly audit   minimist: [ '1.2.8' ],
2364 silly audit   'strip-bom': [ '3.0.0' ],
2364 silly audit   'for-each': [ '0.3.5' ],
2364 silly audit   'reflect.getprototypeof': [ '1.0.10' ],
2364 silly audit   'which-builtin-type': [ '1.2.1' ],
2364 silly audit   '@typescript-eslint/eslint-plugin': [ '8.56.0' ],
2364 silly audit   '@typescript-eslint/parser': [ '8.56.0' ],
2364 silly audit   '@typescript-eslint/typescript-estree': [ '8.56.0' ],
2364 silly audit   '@typescript-eslint/utils': [ '8.56.0' ],
2364 silly audit   '@typescript-eslint/scope-manager': [ '8.56.0' ],
2364 silly audit   '@typescript-eslint/type-utils': [ '8.56.0' ],
2364 silly audit   '@typescript-eslint/visitor-keys': [ '8.56.0' ],
2364 silly audit   'ts-api-utils': [ '2.4.0' ],
2364 silly audit   '@typescript-eslint/types': [ '8.56.0' ],
2364 silly audit   '@typescript-eslint/project-service': [ '8.56.0' ],
2364 silly audit   '@typescript-eslint/tsconfig-utils': [ '8.56.0' ],
2364 silly audit   'has-bigints': [ '1.1.0' ],
2364 silly audit   'which-boxed-primitive': [ '1.1.1' ],
2364 silly audit   '@unrs/resolver-binding-android-arm-eabi': [ '1.11.1' ],
2364 silly audit   '@unrs/resolver-binding-android-arm64': [ '1.11.1' ],
2364 silly audit   '@unrs/resolver-binding-darwin-arm64': [ '1.11.1' ],
2364 silly audit   '@unrs/resolver-binding-darwin-x64': [ '1.11.1' ],
2364 silly audit   '@unrs/resolver-binding-freebsd-x64': [ '1.11.1' ],
2364 silly audit   '@unrs/resolver-binding-linux-arm-gnueabihf': [ '1.11.1' ],
2364 silly audit   '@unrs/resolver-binding-linux-arm-musleabihf': [ '1.11.1' ],
2364 silly audit   '@unrs/resolver-binding-linux-arm64-gnu': [ '1.11.1' ],
2364 silly audit   '@unrs/resolver-binding-linux-arm64-musl': [ '1.11.1' ],
2364 silly audit   '@unrs/resolver-binding-linux-ppc64-gnu': [ '1.11.1' ],
2364 silly audit   '@unrs/resolver-binding-linux-riscv64-gnu': [ '1.11.1' ],
2364 silly audit   '@unrs/resolver-binding-linux-riscv64-musl': [ '1.11.1' ],
2364 silly audit   '@unrs/resolver-binding-linux-s390x-gnu': [ '1.11.1' ],
2364 silly audit   '@unrs/resolver-binding-linux-x64-gnu': [ '1.11.1' ],
2364 silly audit   '@unrs/resolver-binding-linux-x64-musl': [ '1.11.1' ],
2364 silly audit   '@unrs/resolver-binding-wasm32-wasi': [ '1.11.1' ],
2364 silly audit   '@unrs/resolver-binding-win32-arm64-msvc': [ '1.11.1' ],
2364 silly audit   '@unrs/resolver-binding-win32-ia32-msvc': [ '1.11.1' ],
2364 silly audit   '@unrs/resolver-binding-win32-x64-msvc': [ '1.11.1' ],
2364 silly audit   'napi-postinstall': [ '0.3.4' ],
2364 silly audit   '@napi-rs/wasm-runtime': [ '0.2.12' ],
2364 silly audit   '@emnapi/core': [ '1.8.1' ],
2364 silly audit   '@tybys/wasm-util': [ '0.10.1' ],
2364 silly audit   '@emnapi/wasi-threads': [ '1.1.0' ],
2364 silly audit   escalade: [ '3.2.0' ],
2364 silly audit   punycode: [ '2.3.1' ],
2364 silly audit   isexe: [ '2.0.0' ],
2364 silly audit   'is-bigint': [ '1.1.0' ],
2364 silly audit   'is-boolean-object': [ '1.2.2' ],
2364 silly audit   'is-number-object': [ '1.1.1' ],
2364 silly audit   'is-async-function': [ '2.1.1' ],
2364 silly audit   'is-finalizationregistry': [ '1.1.1' ],
2364 silly audit   'is-generator-function': [ '1.1.2' ],
2364 silly audit   'which-collection': [ '1.0.2' ],
2364 silly audit   'async-function': [ '1.0.0' ],
2364 silly audit   'generator-function': [ '2.0.1' ],
2364 silly audit   'is-map': [ '2.0.3' ],
2364 silly audit   'is-weakmap': [ '2.0.2' ],
2364 silly audit   'is-weakset': [ '2.0.4' ],
2364 silly audit   'node-exports-info': [ '1.6.0' ]
2364 silly audit }
2365 http cache node-exports-info@https://registry.npmjs.org/node-exports-info/-/node-exports-info-1.6.0.tgz 0ms (cache hit)
2366 http cache is-weakmap@https://registry.npmjs.org/is-weakmap/-/is-weakmap-2.0.2.tgz 0ms (cache hit)
2367 http cache generator-function@https://registry.npmjs.org/generator-function/-/generator-function-2.0.1.tgz 0ms (cache hit)
2368 http cache async-function@https://registry.npmjs.org/async-function/-/async-function-1.0.0.tgz 0ms (cache hit)
2369 http cache is-weakset@https://registry.npmjs.org/is-weakset/-/is-weakset-2.0.4.tgz 0ms (cache hit)
2370 http cache is-generator-function@https://registry.npmjs.org/is-generator-function/-/is-generator-function-1.1.2.tgz 0ms (cache hit)
2371 http cache is-async-function@https://registry.npmjs.org/is-async-function/-/is-async-function-2.1.1.tgz 0ms (cache hit)
2372 http cache which-collection@https://registry.npmjs.org/which-collection/-/which-collection-1.0.2.tgz 0ms (cache hit)
2373 http cache is-map@https://registry.npmjs.org/is-map/-/is-map-2.0.3.tgz 0ms (cache hit)
2374 http cache is-boolean-object@https://registry.npmjs.org/is-boolean-object/-/is-boolean-object-1.2.2.tgz 0ms (cache hit)
2375 http cache is-number-object@https://registry.npmjs.org/is-number-object/-/is-number-object-1.1.1.tgz 0ms (cache hit)
2376 http cache isexe@https://registry.npmjs.org/isexe/-/isexe-2.0.0.tgz 0ms (cache hit)
2377 http cache is-finalizationregistry@https://registry.npmjs.org/is-finalizationregistry/-/is-finalizationregistry-1.1.1.tgz 0ms (cache hit)
2378 http cache is-bigint@https://registry.npmjs.org/is-bigint/-/is-bigint-1.1.0.tgz 0ms (cache hit)
2379 http cache punycode@https://registry.npmjs.org/punycode/-/punycode-2.3.1.tgz 0ms (cache hit)
2380 http cache @emnapi/wasi-threads@https://registry.npmjs.org/@emnapi/wasi-threads/-/wasi-threads-1.1.0.tgz 0ms (cache hit)
2381 http cache @tybys/wasm-util@https://registry.npmjs.org/@tybys/wasm-util/-/wasm-util-0.10.1.tgz 0ms (cache hit)
2382 http cache @emnapi/core@https://registry.npmjs.org/@emnapi/core/-/core-1.8.1.tgz 0ms (cache hit)
2383 http cache @napi-rs/wasm-runtime@https://registry.npmjs.org/@napi-rs/wasm-runtime/-/wasm-runtime-0.2.12.tgz 0ms (cache hit)
2384 http cache escalade@https://registry.npmjs.org/escalade/-/escalade-3.2.0.tgz 0ms (cache hit)
2385 http cache napi-postinstall@https://registry.npmjs.org/napi-postinstall/-/napi-postinstall-0.3.4.tgz 0ms (cache hit)
2386 http cache @typescript-eslint/tsconfig-utils@https://registry.npmjs.org/@typescript-eslint/tsconfig-utils/-/tsconfig-utils-8.56.0.tgz 0ms (cache hit)
2387 http cache @typescript-eslint/project-service@https://registry.npmjs.org/@typescript-eslint/project-service/-/project-service-8.56.0.tgz 0ms (cache hit)
2388 http cache @unrs/resolver-binding-darwin-arm64@https://registry.npmjs.org/@unrs/resolver-binding-darwin-arm64/-/resolver-binding-darwin-arm64-1.11.1.tgz 0ms (cache hit)
2389 http cache @typescript-eslint/types@https://registry.npmjs.org/@typescript-eslint/types/-/types-8.56.0.tgz 0ms (cache hit)
2390 http cache @typescript-eslint/visitor-keys@https://registry.npmjs.org/@typescript-eslint/visitor-keys/-/visitor-keys-8.56.0.tgz 0ms (cache hit)
2391 http cache ts-api-utils@https://registry.npmjs.org/ts-api-utils/-/ts-api-utils-2.4.0.tgz 0ms (cache hit)
2392 http cache @typescript-eslint/type-utils@https://registry.npmjs.org/@typescript-eslint/type-utils/-/type-utils-8.56.0.tgz 0ms (cache hit)
2393 http cache @typescript-eslint/scope-manager@https://registry.npmjs.org/@typescript-eslint/scope-manager/-/scope-manager-8.56.0.tgz 0ms (cache hit)
2394 http cache @typescript-eslint/utils@https://registry.npmjs.org/@typescript-eslint/utils/-/utils-8.56.0.tgz 0ms (cache hit)
2395 http cache has-bigints@https://registry.npmjs.org/has-bigints/-/has-bigints-1.1.0.tgz 0ms (cache hit)
2396 http cache @typescript-eslint/typescript-estree@https://registry.npmjs.org/@typescript-eslint/typescript-estree/-/typescript-estree-8.56.0.tgz 0ms (cache hit)
2397 http cache @typescript-eslint/parser@https://registry.npmjs.org/@typescript-eslint/parser/-/parser-8.56.0.tgz 0ms (cache hit)
2398 http cache which-boxed-primitive@https://registry.npmjs.org/which-boxed-primitive/-/which-boxed-primitive-1.1.1.tgz 0ms (cache hit)
2399 http cache which-builtin-type@https://registry.npmjs.org/which-builtin-type/-/which-builtin-type-1.2.1.tgz 0ms (cache hit)
2400 http cache @typescript-eslint/eslint-plugin@https://registry.npmjs.org/@typescript-eslint/eslint-plugin/-/eslint-plugin-8.56.0.tgz 0ms (cache hit)
2401 http cache reflect.getprototypeof@https://registry.npmjs.org/reflect.getprototypeof/-/reflect.getprototypeof-1.0.10.tgz 0ms (cache hit)
2402 http cache for-each@https://registry.npmjs.org/for-each/-/for-each-0.3.5.tgz 0ms (cache hit)
2403 http cache @types/json5@https://registry.npmjs.org/@types/json5/-/json5-0.0.29.tgz 0ms (cache hit)
2404 http cache minimist@https://registry.npmjs.org/minimist/-/minimist-1.2.8.tgz 0ms (cache hit)
2405 http cache strip-bom@https://registry.npmjs.org/strip-bom/-/strip-bom-3.0.0.tgz 0ms (cache hit)
2406 http cache is-number@https://registry.npmjs.org/is-number/-/is-number-7.0.0.tgz 0ms (cache hit)
2407 http cache side-channel-weakmap@https://registry.npmjs.org/side-channel-weakmap/-/side-channel-weakmap-1.0.2.tgz 0ms (cache hit)
2408 http cache side-channel-list@https://registry.npmjs.org/side-channel-list/-/side-channel-list-1.0.0.tgz 0ms (cache hit)
2409 http cache shebang-regex@https://registry.npmjs.org/shebang-regex/-/shebang-regex-3.0.0.tgz 0ms (cache hit)
2410 http cache @emnapi/runtime@https://registry.npmjs.org/@emnapi/runtime/-/runtime-1.8.1.tgz 0ms (cache hit)
2411 http cache @img/sharp-libvips-darwin-arm64@https://registry.npmjs.org/@img/sharp-libvips-darwin-arm64/-/sharp-libvips-darwin-arm64-1.2.4.tgz 0ms (cache hit)
2412 http cache client-only@https://registry.npmjs.org/client-only/-/client-only-0.0.1.tgz 0ms (cache hit)
2413 http cache @img/colour@https://registry.npmjs.org/@img/colour/-/colour-1.0.0.tgz 0ms (cache hit)
2414 http cache @img/sharp-darwin-arm64@https://registry.npmjs.org/@img/sharp-darwin-arm64/-/sharp-darwin-arm64-0.34.5.tgz 0ms (cache hit)
2415 http cache isarray@https://registry.npmjs.org/isarray/-/isarray-2.0.5.tgz 0ms (cache hit)
2416 http cache queue-microtask@https://registry.npmjs.org/queue-microtask/-/queue-microtask-1.2.3.tgz 0ms (cache hit)
2417 http cache side-channel-map@https://registry.npmjs.org/side-channel-map/-/side-channel-map-1.0.1.tgz 0ms (cache hit)
2418 http cache supports-preserve-symlinks-flag@https://registry.npmjs.org/supports-preserve-symlinks-flag/-/supports-preserve-symlinks-flag-1.0.0.tgz 0ms (cache hit)
2419 http cache path-parse@https://registry.npmjs.org/path-parse/-/path-parse-1.0.7.tgz 0ms (cache hit)
2420 http cache react-is@https://registry.npmjs.org/react-is/-/react-is-16.13.1.tgz 0ms (cache hit)
2421 http cache object-assign@https://registry.npmjs.org/object-assign/-/object-assign-4.1.1.tgz 0ms (cache hit)
2422 http cache scheduler@https://registry.npmjs.org/scheduler/-/scheduler-0.27.0.tgz 0ms (cache hit)
2423 http cache loose-envify@https://registry.npmjs.org/loose-envify/-/loose-envify-1.4.0.tgz 0ms (cache hit)
2424 http cache has-flag@https://registry.npmjs.org/has-flag/-/has-flag-4.0.0.tgz 0ms (cache hit)
2425 http cache callsites@https://registry.npmjs.org/callsites/-/callsites-3.1.0.tgz 0ms (cache hit)
2426 http cache yocto-queue@https://registry.npmjs.org/yocto-queue/-/yocto-queue-0.1.0.tgz 0ms (cache hit)
2427 http cache p-limit@https://registry.npmjs.org/p-limit/-/p-limit-3.1.0.tgz 0ms (cache hit)
2428 http cache fast-levenshtein@https://registry.npmjs.org/fast-levenshtein/-/fast-levenshtein-2.0.6.tgz 0ms (cache hit)
2429 http cache deep-is@https://registry.npmjs.org/deep-is/-/deep-is-0.1.4.tgz 0ms (cache hit)
2430 http cache nanoid@https://registry.npmjs.org/nanoid/-/nanoid-3.3.11.tgz 0ms (cache hit)
2431 http cache tslib@https://registry.npmjs.org/tslib/-/tslib-2.8.1.tgz 0ms (cache hit)
2432 http cache styled-jsx@https://registry.npmjs.org/styled-jsx/-/styled-jsx-5.1.6.tgz 0ms (cache hit)
2433 http cache sharp@https://registry.npmjs.org/sharp/-/sharp-0.34.5.tgz 0ms (cache hit)
2434 http cache word-wrap@https://registry.npmjs.org/word-wrap/-/word-wrap-1.2.5.tgz 0ms (cache hit)
2435 http cache @swc/helpers@https://registry.npmjs.org/@swc/helpers/-/helpers-0.5.15.tgz 0ms (cache hit)
2436 http cache @next/swc-darwin-arm64@https://registry.npmjs.org/@next/swc-darwin-arm64/-/swc-darwin-arm64-16.1.6.tgz 0ms (cache hit)
2437 http cache concat-map@https://registry.npmjs.org/concat-map/-/concat-map-0.0.1.tgz 0ms (cache hit)
2438 http cache balanced-match@https://registry.npmjs.org/balanced-match/-/balanced-match-1.0.2.tgz 0ms (cache hit)
2439 http cache to-regex-range@https://registry.npmjs.org/to-regex-range/-/to-regex-range-5.0.1.tgz 0ms (cache hit)
2440 http cache fill-range@https://registry.npmjs.org/fill-range/-/fill-range-7.1.1.tgz 0ms (cache hit)
2441 http cache picomatch@https://registry.npmjs.org/picomatch/-/picomatch-2.3.1.tgz 0ms (cache hit)
2442 http cache detect-libc@https://registry.npmjs.org/detect-libc/-/detect-libc-2.1.2.tgz 0ms (cache hit)
2443 http cache p-locate@https://registry.npmjs.org/p-locate/-/p-locate-5.0.0.tgz 0ms (cache hit)
2444 http cache braces@https://registry.npmjs.org/braces/-/braces-3.0.3.tgz 0ms (cache hit)
2445 http cache brace-expansion@https://registry.npmjs.org/brace-expansion/-/brace-expansion-1.1.12.tgz 0ms (cache hit)
2446 http cache @next/env@https://registry.npmjs.org/@next/env/-/env-16.1.6.tgz 0ms (cache hit)
2447 http cache prelude-ls@https://registry.npmjs.org/prelude-ls/-/prelude-ls-1.2.1.tgz 0ms (cache hit)
2448 http cache lightningcss-darwin-arm64@https://registry.npmjs.org/lightningcss-darwin-arm64/-/lightningcss-darwin-arm64-1.31.1.tgz 0ms (cache hit)
2449 http cache type-check@https://registry.npmjs.org/type-check/-/type-check-0.4.0.tgz 0ms (cache hit)
2450 http cache argparse@https://registry.npmjs.org/argparse/-/argparse-2.0.1.tgz 0ms (cache hit)
2451 http cache yallist@https://registry.npmjs.org/yallist/-/yallist-3.1.1.tgz 0ms (cache hit)
2452 http cache language-subtag-registry@https://registry.npmjs.org/language-subtag-registry/-/language-subtag-registry-0.3.23.tgz 0ms (cache hit)
2453 http cache is-extglob@https://registry.npmjs.org/is-extglob/-/is-extglob-2.1.1.tgz 0ms (cache hit)
2454 http cache resolve-from@https://registry.npmjs.org/resolve-from/-/resolve-from-4.0.0.tgz 0ms (cache hit)
2455 http cache side-channel@https://registry.npmjs.org/side-channel/-/side-channel-1.1.0.tgz 0ms (cache hit)
2456 http cache set-function-name@https://registry.npmjs.org/set-function-name/-/set-function-name-2.0.2.tgz 0ms (cache hit)
2457 http cache json-buffer@https://registry.npmjs.org/json-buffer/-/json-buffer-3.0.1.tgz 0ms (cache hit)
2458 http cache dunder-proto@https://registry.npmjs.org/dunder-proto/-/dunder-proto-1.0.1.tgz 0ms (cache hit)
2459 http cache resolve-pkg-maps@https://registry.npmjs.org/resolve-pkg-maps/-/resolve-pkg-maps-1.0.0.tgz 0ms (cache hit)
2460 http cache flatted@https://registry.npmjs.org/flatted/-/flatted-3.3.3.tgz 0ms (cache hit)
2461 http cache functions-have-names@https://registry.npmjs.org/functions-have-names/-/functions-have-names-1.2.3.tgz 0ms (cache hit)
2462 http cache path-exists@https://registry.npmjs.org/path-exists/-/path-exists-4.0.0.tgz 0ms (cache hit)
2463 http cache hermes-estree@https://registry.npmjs.org/hermes-estree/-/hermes-estree-0.25.1.tgz 0ms (cache hit)
2464 http cache parent-module@https://registry.npmjs.org/parent-module/-/parent-module-1.0.1.tgz 0ms (cache hit)
2465 http cache keyv@https://registry.npmjs.org/keyv/-/keyv-4.5.4.tgz 0ms (cache hit)
2466 http cache run-parallel@https://registry.npmjs.org/run-parallel/-/run-parallel-1.2.0.tgz 0ms (cache hit)
2467 http cache reusify@https://registry.npmjs.org/reusify/-/reusify-1.1.0.tgz 0ms (cache hit)
2468 http cache fastq@https://registry.npmjs.org/fastq/-/fastq-1.20.1.tgz 0ms (cache hit)
2469 http cache flat-cache@https://registry.npmjs.org/flat-cache/-/flat-cache-4.0.1.tgz 0ms (cache hit)
2470 http cache acorn@https://registry.npmjs.org/acorn/-/acorn-8.16.0.tgz 0ms (cache hit)
2471 http cache merge2@https://registry.npmjs.org/merge2/-/merge2-1.4.1.tgz 0ms (cache hit)
2472 http cache @nodelib/fs.scandir@https://registry.npmjs.org/@nodelib/fs.scandir/-/fs.scandir-2.1.5.tgz 0ms (cache hit)
2473 http cache @nodelib/fs.walk@https://registry.npmjs.org/@nodelib/fs.walk/-/fs.walk-1.2.8.tgz 0ms (cache hit)
2474 http cache micromatch@https://registry.npmjs.org/micromatch/-/micromatch-4.0.8.tgz 0ms (cache hit)
2475 http cache esrecurse@https://registry.npmjs.org/esrecurse/-/esrecurse-4.3.0.tgz 0ms (cache hit)
2476 http cache acorn-jsx@https://registry.npmjs.org/acorn-jsx/-/acorn-jsx-5.3.2.tgz 0ms (cache hit)
2477 http cache locate-path@https://registry.npmjs.org/locate-path/-/locate-path-6.0.0.tgz 0ms (cache hit)
2478 http cache update-browserslist-db@https://registry.npmjs.org/update-browserslist-db/-/update-browserslist-db-1.2.3.tgz 0ms (cache hit)
2479 http cache node-releases@https://registry.npmjs.org/node-releases/-/node-releases-2.0.27.tgz 0ms (cache hit)
2480 http cache baseline-browser-mapping@https://registry.npmjs.org/baseline-browser-mapping/-/baseline-browser-mapping-2.10.0.tgz 0ms (cache hit)
2481 http cache @babel/helper-string-parser@https://registry.npmjs.org/@babel/helper-string-parser/-/helper-string-parser-7.27.1.tgz 0ms (cache hit)
2482 http cache caniuse-lite@https://registry.npmjs.org/caniuse-lite/-/caniuse-lite-1.0.30001772.tgz 0ms (cache hit)
2483 http cache @babel/helper-globals@https://registry.npmjs.org/@babel/helper-globals/-/helper-globals-7.28.0.tgz 0ms (cache hit)
2484 http cache @babel/helper-module-imports@https://registry.npmjs.org/@babel/helper-module-imports/-/helper-module-imports-7.28.6.tgz 0ms (cache hit)
2485 http cache @babel/compat-data@https://registry.npmjs.org/@babel/compat-data/-/compat-data-7.29.0.tgz 0ms (cache hit)
2486 http cache lru-cache@https://registry.npmjs.org/lru-cache/-/lru-cache-5.1.1.tgz 0ms (cache hit)
2487 http cache electron-to-chromium@https://registry.npmjs.org/electron-to-chromium/-/electron-to-chromium-1.5.302.tgz 0ms (cache hit)
2488 http cache @babel/helper-validator-option@https://registry.npmjs.org/@babel/helper-validator-option/-/helper-validator-option-7.27.1.tgz 0ms (cache hit)
2489 http cache jsesc@https://registry.npmjs.org/jsesc/-/jsesc-3.1.0.tgz 0ms (cache hit)
2490 http cache json5@https://registry.npmjs.org/json5/-/json5-2.2.3.tgz 0ms (cache hit)
2491 http cache @babel/types@https://registry.npmjs.org/@babel/types/-/types-7.29.0.tgz 0ms (cache hit)
2492 http cache gensync@https://registry.npmjs.org/gensync/-/gensync-1.0.0-beta.2.tgz 0ms (cache hit)
2493 http cache @nodelib/fs.stat@https://registry.npmjs.org/@nodelib/fs.stat/-/fs.stat-2.0.5.tgz 0ms (cache hit)
2494 http cache js-tokens@https://registry.npmjs.org/js-tokens/-/js-tokens-4.0.0.tgz 0ms (cache hit)
2495 http cache picocolors@https://registry.npmjs.org/picocolors/-/picocolors-1.1.1.tgz 0ms (cache hit)
2496 http cache convert-source-map@https://registry.npmjs.org/convert-source-map/-/convert-source-map-2.0.0.tgz 0ms (cache hit)
2497 http cache @babel/traverse@https://registry.npmjs.org/@babel/traverse/-/traverse-7.29.0.tgz 0ms (cache hit)
2498 http cache @babel/helper-validator-identifier@https://registry.npmjs.org/@babel/helper-validator-identifier/-/helper-validator-identifier-7.28.5.tgz 0ms (cache hit)
2499 http cache @babel/generator@https://registry.npmjs.org/@babel/generator/-/generator-7.29.1.tgz 0ms (cache hit)
2500 http cache @babel/helper-compilation-targets@https://registry.npmjs.org/@babel/helper-compilation-targets/-/helper-compilation-targets-7.28.6.tgz 1ms (cache hit)
2501 http cache @babel/helpers@https://registry.npmjs.org/@babel/helpers/-/helpers-7.28.6.tgz 0ms (cache hit)
2502 http cache hermes-parser@https://registry.npmjs.org/hermes-parser/-/hermes-parser-0.25.1.tgz 0ms (cache hit)
2503 http cache @babel/parser@https://registry.npmjs.org/@babel/parser/-/parser-7.29.0.tgz 0ms (cache hit)
2504 http cache @babel/code-frame@https://registry.npmjs.org/@babel/code-frame/-/code-frame-7.29.0.tgz 0ms (cache hit)
2505 http cache zod@https://registry.npmjs.org/zod/-/zod-4.3.6.tgz 0ms (cache hit)
2506 http cache @babel/core@https://registry.npmjs.org/@babel/core/-/core-7.29.0.tgz 0ms (cache hit)
2507 http cache @babel/template@https://registry.npmjs.org/@babel/template/-/template-7.28.6.tgz 0ms (cache hit)
2508 http cache @babel/helper-module-transforms@https://registry.npmjs.org/@babel/helper-module-transforms/-/helper-module-transforms-7.28.6.tgz 0ms (cache hit)
2509 http cache string.prototype.matchall@https://registry.npmjs.org/string.prototype.matchall/-/string.prototype.matchall-4.0.12.tgz 0ms (cache hit)
2510 http cache iterator.prototype@https://registry.npmjs.org/iterator.prototype/-/iterator.prototype-1.1.5.tgz 0ms (cache hit)
2511 http cache browserslist@https://registry.npmjs.org/browserslist/-/browserslist-4.28.1.tgz 0ms (cache hit)
2512 http cache estraverse@https://registry.npmjs.org/estraverse/-/estraverse-5.3.0.tgz 0ms (cache hit)
2513 http cache es-iterator-helpers@https://registry.npmjs.org/es-iterator-helpers/-/es-iterator-helpers-1.2.2.tgz 0ms (cache hit)
2514 http cache string.prototype.repeat@https://registry.npmjs.org/string.prototype.repeat/-/string.prototype.repeat-1.0.0.tgz 0ms (cache hit)
2515 http cache array.prototype.findlast@https://registry.npmjs.org/array.prototype.findlast/-/array.prototype.findlast-1.2.5.tgz 0ms (cache hit)
2516 http cache array.prototype.tosorted@https://registry.npmjs.org/array.prototype.tosorted/-/array.prototype.tosorted-1.1.4.tgz 0ms (cache hit)
2517 http cache prop-types@https://registry.npmjs.org/prop-types/-/prop-types-15.8.1.tgz 0ms (cache hit)
2518 http cache jsx-ast-utils@https://registry.npmjs.org/jsx-ast-utils/-/jsx-ast-utils-3.3.5.tgz 0ms (cache hit)
2519 http cache object.entries@https://registry.npmjs.org/object.entries/-/object.entries-1.1.9.tgz 0ms (cache hit)
2520 http cache emoji-regex@https://registry.npmjs.org/emoji-regex/-/emoji-regex-9.2.2.tgz 0ms (cache hit)
2521 http cache ast-types-flow@https://registry.npmjs.org/ast-types-flow/-/ast-types-flow-0.0.8.tgz 0ms (cache hit)
2522 http cache zod-validation-error@https://registry.npmjs.org/zod-validation-error/-/zod-validation-error-4.0.2.tgz 0ms (cache hit)
2523 http cache string.prototype.includes@https://registry.npmjs.org/string.prototype.includes/-/string.prototype.includes-2.0.1.tgz 0ms (cache hit)
2524 http cache axobject-query@https://registry.npmjs.org/axobject-query/-/axobject-query-4.1.0.tgz 0ms (cache hit)
2525 http cache possible-typed-array-names@https://registry.npmjs.org/possible-typed-array-names/-/possible-typed-array-names-1.1.0.tgz 0ms (cache hit)
2526 http cache aria-query@https://registry.npmjs.org/aria-query/-/aria-query-5.3.2.tgz 0ms (cache hit)
2527 http cache language-tags@https://registry.npmjs.org/language-tags/-/language-tags-1.0.9.tgz 0ms (cache hit)
2528 http cache is-date-object@https://registry.npmjs.org/is-date-object/-/is-date-object-1.1.0.tgz 0ms (cache hit)
2529 http cache has-tostringtag@https://registry.npmjs.org/has-tostringtag/-/has-tostringtag-1.0.2.tgz 0ms (cache hit)
2530 http cache is-symbol@https://registry.npmjs.org/is-symbol/-/is-symbol-1.1.1.tgz 0ms (cache hit)
2531 http cache typed-array-length@https://registry.npmjs.org/typed-array-length/-/typed-array-length-1.0.7.tgz 0ms (cache hit)
2532 http cache unbox-primitive@https://registry.npmjs.org/unbox-primitive/-/unbox-primitive-1.1.0.tgz 0ms (cache hit)
2533 http cache typed-array-byte-offset@https://registry.npmjs.org/typed-array-byte-offset/-/typed-array-byte-offset-1.0.4.tgz 0ms (cache hit)
2534 http cache string.prototype.trimstart@https://registry.npmjs.org/string.prototype.trimstart/-/string.prototype.trimstart-1.0.8.tgz 0ms (cache hit)
2535 http cache axe-core@https://registry.npmjs.org/axe-core/-/axe-core-4.11.1.tgz 0ms (cache hit)
2536 http cache which-typed-array@https://registry.npmjs.org/which-typed-array/-/which-typed-array-1.1.20.tgz 0ms (cache hit)
2537 http cache set-proto@https://registry.npmjs.org/set-proto/-/set-proto-1.0.0.tgz 0ms (cache hit)
2538 http cache safe-regex-test@https://registry.npmjs.org/safe-regex-test/-/safe-regex-test-1.1.0.tgz 0ms (cache hit)
2539 http cache string.prototype.trim@https://registry.npmjs.org/string.prototype.trim/-/string.prototype.trim-1.2.10.tgz 0ms (cache hit)
2540 http cache stop-iteration-iterator@https://registry.npmjs.org/stop-iteration-iterator/-/stop-iteration-iterator-1.1.0.tgz 0ms (cache hit)
2541 http cache typed-array-buffer@https://registry.npmjs.org/typed-array-buffer/-/typed-array-buffer-1.0.3.tgz 0ms (cache hit)
2542 http cache safe-push-apply@https://registry.npmjs.org/safe-push-apply/-/safe-push-apply-1.0.0.tgz 0ms (cache hit)
2543 http cache typed-array-byte-length@https://registry.npmjs.org/typed-array-byte-length/-/typed-array-byte-length-1.0.3.tgz 0ms (cache hit)
2544 http cache regexp.prototype.flags@https://registry.npmjs.org/regexp.prototype.flags/-/regexp.prototype.flags-1.5.4.tgz 0ms (cache hit)
2545 http cache own-keys@https://registry.npmjs.org/own-keys/-/own-keys-1.0.1.tgz 0ms (cache hit)
2546 http cache object-inspect@https://registry.npmjs.org/object-inspect/-/object-inspect-1.13.4.tgz 0ms (cache hit)
2547 http cache damerau-levenshtein@https://registry.npmjs.org/damerau-levenshtein/-/damerau-levenshtein-1.0.8.tgz 0ms (cache hit)
2548 http cache is-weakref@https://registry.npmjs.org/is-weakref/-/is-weakref-1.1.1.tgz 0ms (cache hit)
2549 http cache safe-array-concat@https://registry.npmjs.org/safe-array-concat/-/safe-array-concat-1.1.3.tgz 0ms (cache hit)
2550 http cache is-negative-zero@https://registry.npmjs.org/is-negative-zero/-/is-negative-zero-2.0.3.tgz 0ms (cache hit)
2551 http cache is-regex@https://registry.npmjs.org/is-regex/-/is-regex-1.2.1.tgz 0ms (cache hit)
2552 http cache is-typed-array@https://registry.npmjs.org/is-typed-array/-/is-typed-array-1.1.15.tgz 0ms (cache hit)
2553 http cache is-callable@https://registry.npmjs.org/is-callable/-/is-callable-1.2.7.tgz 0ms (cache hit)
2554 http cache has-symbols@https://registry.npmjs.org/has-symbols/-/has-symbols-1.1.0.tgz 0ms (cache hit)
2555 http cache internal-slot@https://registry.npmjs.org/internal-slot/-/internal-slot-1.1.0.tgz 0ms (cache hit)
2556 http cache is-array-buffer@https://registry.npmjs.org/is-array-buffer/-/is-array-buffer-3.0.5.tgz 0ms (cache hit)
2557 http cache globalthis@https://registry.npmjs.org/globalthis/-/globalthis-1.0.4.tgz 0ms (cache hit)
2558 http cache has-proto@https://registry.npmjs.org/has-proto/-/has-proto-1.2.0.tgz 0ms (cache hit)
2559 http cache get-proto@https://registry.npmjs.org/get-proto/-/get-proto-1.0.1.tgz 0ms (cache hit)
2560 http cache is-data-view@https://registry.npmjs.org/is-data-view/-/is-data-view-1.0.2.tgz 0ms (cache hit)
2561 http cache function.prototype.name@https://registry.npmjs.org/function.prototype.name/-/function.prototype.name-1.1.8.tgz 0ms (cache hit)
2562 http cache get-symbol-description@https://registry.npmjs.org/get-symbol-description/-/get-symbol-description-1.1.0.tgz 0ms (cache hit)
2563 http cache es-to-primitive@https://registry.npmjs.org/es-to-primitive/-/es-to-primitive-1.3.0.tgz 0ms (cache hit)
2564 http cache is-set@https://registry.npmjs.org/is-set/-/is-set-2.0.3.tgz 0ms (cache hit)
2565 http cache data-view-buffer@https://registry.npmjs.org/data-view-buffer/-/data-view-buffer-1.0.2.tgz 0ms (cache hit)
2566 http cache data-view-byte-length@https://registry.npmjs.org/data-view-byte-length/-/data-view-byte-length-1.0.2.tgz 0ms (cache hit)
2567 http cache data-view-byte-offset@https://registry.npmjs.org/data-view-byte-offset/-/data-view-byte-offset-1.0.1.tgz 0ms (cache hit)
2568 http cache available-typed-arrays@https://registry.npmjs.org/available-typed-arrays/-/available-typed-arrays-1.0.7.tgz 0ms (cache hit)
2569 http cache object.assign@https://registry.npmjs.org/object.assign/-/object.assign-4.1.7.tgz 0ms (cache hit)
2570 http cache array-buffer-byte-length@https://registry.npmjs.org/array-buffer-byte-length/-/array-buffer-byte-length-1.0.2.tgz 0ms (cache hit)
2571 http cache gopd@https://registry.npmjs.org/gopd/-/gopd-1.2.0.tgz 0ms (cache hit)
2572 http cache object-keys@https://registry.npmjs.org/object-keys/-/object-keys-1.1.1.tgz 0ms (cache hit)
2573 http cache function-bind@https://registry.npmjs.org/function-bind/-/function-bind-1.1.2.tgz 0ms (cache hit)
2574 http cache define-data-property@https://registry.npmjs.org/define-data-property/-/define-data-property-1.1.4.tgz 0ms (cache hit)
2575 http cache has-property-descriptors@https://registry.npmjs.org/has-property-descriptors/-/has-property-descriptors-1.0.2.tgz 0ms (cache hit)
2576 http cache set-function-length@https://registry.npmjs.org/set-function-length/-/set-function-length-1.2.2.tgz 0ms (cache hit)
2577 http cache arraybuffer.prototype.slice@https://registry.npmjs.org/arraybuffer.prototype.slice/-/arraybuffer.prototype.slice-1.0.4.tgz 0ms (cache hit)
2578 http cache es-shim-unscopables@https://registry.npmjs.org/es-shim-unscopables/-/es-shim-unscopables-1.1.0.tgz 0ms (cache hit)
2579 http cache es-errors@https://registry.npmjs.org/es-errors/-/es-errors-1.3.0.tgz 0ms (cache hit)
2580 http cache call-bind-apply-helpers@https://registry.npmjs.org/call-bind-apply-helpers/-/call-bind-apply-helpers-1.0.2.tgz 0ms (cache hit)
2581 http cache is-string@https://registry.npmjs.org/is-string/-/is-string-1.1.1.tgz 0ms (cache hit)
2582 http cache math-intrinsics@https://registry.npmjs.org/math-intrinsics/-/math-intrinsics-1.1.0.tgz 0ms (cache hit)
2583 http cache is-shared-array-buffer@https://registry.npmjs.org/is-shared-array-buffer/-/is-shared-array-buffer-1.0.4.tgz 0ms (cache hit)
2584 http cache get-intrinsic@https://registry.npmjs.org/get-intrinsic/-/get-intrinsic-1.3.0.tgz 0ms (cache hit)
2585 http cache es-set-tostringtag@https://registry.npmjs.org/es-set-tostringtag/-/es-set-tostringtag-2.1.0.tgz 0ms (cache hit)
2586 http cache es-abstract@https://registry.npmjs.org/es-abstract/-/es-abstract-1.24.1.tgz 0ms (cache hit)
2587 http cache call-bind@https://registry.npmjs.org/call-bind/-/call-bind-1.0.8.tgz 0ms (cache hit)
2588 http cache call-bound@https://registry.npmjs.org/call-bound/-/call-bound-1.0.4.tgz 0ms (cache hit)
2589 http cache define-properties@https://registry.npmjs.org/define-properties/-/define-properties-1.2.1.tgz 0ms (cache hit)
2590 http cache tsconfig-paths@https://registry.npmjs.org/tsconfig-paths/-/tsconfig-paths-3.15.0.tgz 0ms (cache hit)
2591 http cache object.groupby@https://registry.npmjs.org/object.groupby/-/object.groupby-1.0.3.tgz 0ms (cache hit)
2592 http cache string.prototype.trimend@https://registry.npmjs.org/string.prototype.trimend/-/string.prototype.trimend-1.0.9.tgz 0ms (cache hit)
2593 http cache object.values@https://registry.npmjs.org/object.values/-/object.values-1.2.1.tgz 0ms (cache hit)
2594 http cache object.fromentries@https://registry.npmjs.org/object.fromentries/-/object.fromentries-2.0.8.tgz 0ms (cache hit)
2595 http cache doctrine@https://registry.npmjs.org/doctrine/-/doctrine-2.1.0.tgz 0ms (cache hit)
2596 http cache es-object-atoms@https://registry.npmjs.org/es-object-atoms/-/es-object-atoms-1.1.1.tgz 0ms (cache hit)
2597 http cache hasown@https://registry.npmjs.org/hasown/-/hasown-2.0.2.tgz 0ms (cache hit)
2598 http cache eslint-module-utils@https://registry.npmjs.org/eslint-module-utils/-/eslint-module-utils-2.12.1.tgz 0ms (cache hit)
2599 http cache semver@https://registry.npmjs.org/semver/-/semver-6.3.1.tgz 0ms (cache hit)
2600 http cache array.prototype.flatmap@https://registry.npmjs.org/array.prototype.flatmap/-/array.prototype.flatmap-1.3.3.tgz 0ms (cache hit)
2601 http cache array.prototype.flat@https://registry.npmjs.org/array.prototype.flat/-/array.prototype.flat-1.3.3.tgz 0ms (cache hit)
2602 http cache @rtsao/scc@https://registry.npmjs.org/@rtsao/scc/-/scc-1.1.0.tgz 0ms (cache hit)
2603 http cache array-includes@https://registry.npmjs.org/array-includes/-/array-includes-3.1.9.tgz 0ms (cache hit)
2604 http cache array.prototype.findlastindex@https://registry.npmjs.org/array.prototype.findlastindex/-/array.prototype.findlastindex-1.2.6.tgz 0ms (cache hit)
2605 http cache unrs-resolver@https://registry.npmjs.org/unrs-resolver/-/unrs-resolver-1.11.1.tgz 0ms (cache hit)
2606 http cache is-bun-module@https://registry.npmjs.org/is-bun-module/-/is-bun-module-2.0.0.tgz 0ms (cache hit)
2607 http cache get-tsconfig@https://registry.npmjs.org/get-tsconfig/-/get-tsconfig-4.13.6.tgz 0ms (cache hit)
2608 http cache is-core-module@https://registry.npmjs.org/is-core-module/-/is-core-module-2.16.1.tgz 0ms (cache hit)
2609 http cache resolve@https://registry.npmjs.org/resolve/-/resolve-1.22.11.tgz 0ms (cache hit)
2610 http cache @nolyfill/is-core-module@https://registry.npmjs.org/@nolyfill/is-core-module/-/is-core-module-1.0.39.tgz 0ms (cache hit)
2611 http cache typescript-eslint@https://registry.npmjs.org/typescript-eslint/-/typescript-eslint-8.56.0.tgz 0ms (cache hit)
2612 http cache eslint-plugin-jsx-a11y@https://registry.npmjs.org/eslint-plugin-jsx-a11y/-/eslint-plugin-jsx-a11y-6.10.2.tgz 0ms (cache hit)
2613 http cache fast-glob@https://registry.npmjs.org/fast-glob/-/fast-glob-3.3.1.tgz 0ms (cache hit)
2614 http cache eslint-plugin-react@https://registry.npmjs.org/eslint-plugin-react/-/eslint-plugin-react-7.37.5.tgz 0ms (cache hit)
2615 http cache eslint-import-resolver-typescript@https://registry.npmjs.org/eslint-import-resolver-typescript/-/eslint-import-resolver-typescript-3.10.1.tgz 0ms (cache hit)
2616 http cache eslint-plugin-react-hooks@https://registry.npmjs.org/eslint-plugin-react-hooks/-/eslint-plugin-react-hooks-7.0.1.tgz 0ms (cache hit)
2617 http cache eslint-plugin-import@https://registry.npmjs.org/eslint-plugin-import/-/eslint-plugin-import-2.32.0.tgz 0ms (cache hit)
2618 http cache ms@https://registry.npmjs.org/ms/-/ms-2.1.3.tgz 0ms (cache hit)
2619 http cache eslint-import-resolver-node@https://registry.npmjs.org/eslint-import-resolver-node/-/eslint-import-resolver-node-0.3.9.tgz 0ms (cache hit)
2620 http cache stable-hash@https://registry.npmjs.org/stable-hash/-/stable-hash-0.0.5.tgz 0ms (cache hit)
2621 http cache shebang-command@https://registry.npmjs.org/shebang-command/-/shebang-command-2.0.0.tgz 0ms (cache hit)
2622 http cache color-name@https://registry.npmjs.org/color-name/-/color-name-1.1.4.tgz 0ms (cache hit)
2623 http cache es-define-property@https://registry.npmjs.org/es-define-property/-/es-define-property-1.0.1.tgz 0ms (cache hit)
2624 http cache color-convert@https://registry.npmjs.org/color-convert/-/color-convert-2.0.1.tgz 0ms (cache hit)
2625 http cache @next/eslint-plugin-next@https://registry.npmjs.org/@next/eslint-plugin-next/-/eslint-plugin-next-16.1.6.tgz 0ms (cache hit)
2626 http cache supports-color@https://registry.npmjs.org/supports-color/-/supports-color-7.2.0.tgz 0ms (cache hit)
2627 http cache ansi-styles@https://registry.npmjs.org/ansi-styles/-/ansi-styles-4.3.0.tgz 0ms (cache hit)
2628 http cache json-schema-traverse@https://registry.npmjs.org/json-schema-traverse/-/json-schema-traverse-0.4.1.tgz 0ms (cache hit)
2629 http cache uri-js@https://registry.npmjs.org/uri-js/-/uri-js-4.4.1.tgz 0ms (cache hit)
2630 http cache fast-json-stable-stringify@https://registry.npmjs.org/fast-json-stable-stringify/-/fast-json-stable-stringify-2.1.0.tgz 0ms (cache hit)
2631 http cache @humanfs/core@https://registry.npmjs.org/@humanfs/core/-/core-0.19.1.tgz 0ms (cache hit)
2632 http cache which@https://registry.npmjs.org/which/-/which-2.0.2.tgz 0ms (cache hit)
2633 http cache path-key@https://registry.npmjs.org/path-key/-/path-key-3.1.1.tgz 0ms (cache hit)
2634 http cache levn@https://registry.npmjs.org/levn/-/levn-0.4.1.tgz 0ms (cache hit)
2635 http cache globals@https://registry.npmjs.org/globals/-/globals-14.0.0.tgz 0ms (cache hit)
2636 http cache @types/json-schema@https://registry.npmjs.org/@types/json-schema/-/json-schema-7.0.15.tgz 0ms (cache hit)
2637 http cache js-yaml@https://registry.npmjs.org/js-yaml/-/js-yaml-4.1.1.tgz 0ms (cache hit)
2638 http cache strip-json-comments@https://registry.npmjs.org/strip-json-comments/-/strip-json-comments-3.1.1.tgz 0ms (cache hit)
2639 http cache @eslint/object-schema@https://registry.npmjs.org/@eslint/object-schema/-/object-schema-2.1.7.tgz 0ms (cache hit)
2640 http cache lodash.merge@https://registry.npmjs.org/lodash.merge/-/lodash.merge-4.6.2.tgz 0ms (cache hit)
2641 http cache optionator@https://registry.npmjs.org/optionator/-/optionator-0.9.4.tgz 0ms (cache hit)
2642 http cache import-fresh@https://registry.npmjs.org/import-fresh/-/import-fresh-3.3.1.tgz 0ms (cache hit)
2643 http cache natural-compare@https://registry.npmjs.org/natural-compare/-/natural-compare-1.4.0.tgz 0ms (cache hit)
2644 http cache minimatch@https://registry.npmjs.org/minimatch/-/minimatch-3.1.3.tgz 0ms (cache hit)
2645 http cache is-glob@https://registry.npmjs.org/is-glob/-/is-glob-4.0.3.tgz 0ms (cache hit)
2646 http cache tinyglobby@https://registry.npmjs.org/tinyglobby/-/tinyglobby-0.2.15.tgz 0ms (cache hit)
2647 http cache find-up@https://registry.npmjs.org/find-up/-/find-up-5.0.0.tgz 0ms (cache hit)
2648 http cache fast-deep-equal@https://registry.npmjs.org/fast-deep-equal/-/fast-deep-equal-3.1.3.tgz 0ms (cache hit)
2649 http cache ignore@https://registry.npmjs.org/ignore/-/ignore-5.3.2.tgz 0ms (cache hit)
2650 http cache esutils@https://registry.npmjs.org/esutils/-/esutils-2.0.3.tgz 0ms (cache hit)
2651 http cache glob-parent@https://registry.npmjs.org/glob-parent/-/glob-parent-6.0.2.tgz 0ms (cache hit)
2652 http cache imurmurhash@https://registry.npmjs.org/imurmurhash/-/imurmurhash-0.1.4.tgz 0ms (cache hit)
2653 http cache file-entry-cache@https://registry.npmjs.org/file-entry-cache/-/file-entry-cache-8.0.0.tgz 0ms (cache hit)
2654 http cache eslint-scope@https://registry.npmjs.org/eslint-scope/-/eslint-scope-8.4.0.tgz 0ms (cache hit)
2655 http cache json-stable-stringify-without-jsonify@https://registry.npmjs.org/json-stable-stringify-without-jsonify/-/json-stable-stringify-without-jsonify-1.0.1.tgz 0ms (cache hit)
2656 http cache eslint-visitor-keys@https://registry.npmjs.org/eslint-visitor-keys/-/eslint-visitor-keys-4.2.1.tgz 0ms (cache hit)
2657 http cache esquery@https://registry.npmjs.org/esquery/-/esquery-1.7.0.tgz 0ms (cache hit)
2658 http cache espree@https://registry.npmjs.org/espree/-/espree-10.4.0.tgz 0ms (cache hit)
2659 http cache chalk@https://registry.npmjs.org/chalk/-/chalk-4.1.2.tgz 0ms (cache hit)
2660 http cache debug@https://registry.npmjs.org/debug/-/debug-4.4.3.tgz 0ms (cache hit)
2661 http cache escape-string-regexp@https://registry.npmjs.org/escape-string-regexp/-/escape-string-regexp-4.0.0.tgz 0ms (cache hit)
2662 http cache ajv@https://registry.npmjs.org/ajv/-/ajv-6.14.0.tgz 0ms (cache hit)
2663 http cache cross-spawn@https://registry.npmjs.org/cross-spawn/-/cross-spawn-7.0.6.tgz 0ms (cache hit)
2664 http cache @humanfs/node@https://registry.npmjs.org/@humanfs/node/-/node-0.16.7.tgz 1ms (cache hit)
2665 http cache @humanwhocodes/retry@https://registry.npmjs.org/@humanwhocodes/retry/-/retry-0.4.3.tgz 0ms (cache hit)
2666 http cache @eslint/plugin-kit@https://registry.npmjs.org/@eslint/plugin-kit/-/plugin-kit-0.4.1.tgz 0ms (cache hit)
2667 http cache @types/estree@https://registry.npmjs.org/@types/estree/-/estree-1.0.8.tgz 0ms (cache hit)
2668 http cache @humanwhocodes/module-importer@https://registry.npmjs.org/@humanwhocodes/module-importer/-/module-importer-1.0.1.tgz 0ms (cache hit)
2669 http cache @eslint/eslintrc@https://registry.npmjs.org/@eslint/eslintrc/-/eslintrc-3.3.3.tgz 0ms (cache hit)
2670 http cache @eslint/js@https://registry.npmjs.org/@eslint/js/-/js-9.39.3.tgz 0ms (cache hit)
2671 http cache @eslint/core@https://registry.npmjs.org/@eslint/core/-/core-0.17.0.tgz 0ms (cache hit)
2672 http cache @eslint/config-array@https://registry.npmjs.org/@eslint/config-array/-/config-array-0.21.1.tgz 0ms (cache hit)
2673 http cache @eslint-community/regexpp@https://registry.npmjs.org/@eslint-community/regexpp/-/regexpp-4.12.2.tgz 0ms (cache hit)
2674 http cache @eslint/config-helpers@https://registry.npmjs.org/@eslint/config-helpers/-/config-helpers-0.4.2.tgz 0ms (cache hit)
2675 http cache tapable@https://registry.npmjs.org/tapable/-/tapable-2.3.0.tgz 0ms (cache hit)
2676 http cache graceful-fs@https://registry.npmjs.org/graceful-fs/-/graceful-fs-4.2.11.tgz 0ms (cache hit)
2677 http cache @eslint-community/eslint-utils@https://registry.npmjs.org/@eslint-community/eslint-utils/-/eslint-utils-4.9.1.tgz 0ms (cache hit)
2678 http cache undici-types@https://registry.npmjs.org/undici-types/-/undici-types-6.21.0.tgz 0ms (cache hit)
2679 http cache @jridgewell/sourcemap-codec@https://registry.npmjs.org/@jridgewell/sourcemap-codec/-/sourcemap-codec-1.5.5.tgz 0ms (cache hit)
2680 http cache @jridgewell/resolve-uri@https://registry.npmjs.org/@jridgewell/resolve-uri/-/resolve-uri-3.1.2.tgz 0ms (cache hit)
2681 http cache @tailwindcss/oxide-darwin-arm64@https://registry.npmjs.org/@tailwindcss/oxide-darwin-arm64/-/oxide-darwin-arm64-4.2.0.tgz 0ms (cache hit)
2682 http cache source-map-js@https://registry.npmjs.org/source-map-js/-/source-map-js-1.2.1.tgz 0ms (cache hit)
2683 http cache @jridgewell/gen-mapping@https://registry.npmjs.org/@jridgewell/gen-mapping/-/gen-mapping-0.3.13.tgz 0ms (cache hit)
2684 http cache csstype@https://registry.npmjs.org/csstype/-/csstype-3.2.3.tgz 0ms (cache hit)
2685 http cache magic-string@https://registry.npmjs.org/magic-string/-/magic-string-0.30.21.tgz 0ms (cache hit)
2686 http cache @jridgewell/trace-mapping@https://registry.npmjs.org/@jridgewell/trace-mapping/-/trace-mapping-0.3.31.tgz 0ms (cache hit)
2687 http cache jiti@https://registry.npmjs.org/jiti/-/jiti-2.6.1.tgz 0ms (cache hit)
2688 http cache lightningcss@https://registry.npmjs.org/lightningcss/-/lightningcss-1.31.1.tgz 0ms (cache hit)
2689 http cache @tailwindcss/oxide@https://registry.npmjs.org/@tailwindcss/oxide/-/oxide-4.2.0.tgz 0ms (cache hit)
2690 http cache postcss@https://registry.npmjs.org/postcss/-/postcss-8.5.6.tgz 0ms (cache hit)
2691 http cache @tailwindcss/node@https://registry.npmjs.org/@tailwindcss/node/-/node-4.2.0.tgz 0ms (cache hit)
2692 http cache @jridgewell/remapping@https://registry.npmjs.org/@jridgewell/remapping/-/remapping-2.3.5.tgz 0ms (cache hit)
2693 http cache tailwindcss@https://registry.npmjs.org/tailwindcss/-/tailwindcss-4.2.0.tgz 0ms (cache hit)
2694 http cache typescript@https://registry.npmjs.org/typescript/-/typescript-5.9.3.tgz 0ms (cache hit)
2695 http cache @alloc/quick-lru@https://registry.npmjs.org/@alloc/quick-lru/-/quick-lru-5.2.0.tgz 0ms (cache hit)
2696 http cache react@https://registry.npmjs.org/react/-/react-19.2.3.tgz 0ms (cache hit)
2697 http cache eslint-config-next@https://registry.npmjs.org/eslint-config-next/-/eslint-config-next-16.1.6.tgz 0ms (cache hit)
2698 http cache next@https://registry.npmjs.org/next/-/next-16.1.6.tgz 0ms (cache hit)
2699 http cache enhanced-resolve@https://registry.npmjs.org/enhanced-resolve/-/enhanced-resolve-5.19.0.tgz 0ms (cache hit)
2700 http cache eslint@https://registry.npmjs.org/eslint/-/eslint-9.39.3.tgz 0ms (cache hit)
2701 http cache @types/react@https://registry.npmjs.org/@types/react/-/react-19.2.14.tgz 0ms (cache hit)
2702 http cache @tailwindcss/postcss@https://registry.npmjs.org/@tailwindcss/postcss/-/postcss-4.2.0.tgz 0ms (cache hit)
2703 http cache react-dom@https://registry.npmjs.org/react-dom/-/react-dom-19.2.3.tgz 0ms (cache hit)
2704 http cache brace-expansion@https://registry.npmjs.org/brace-expansion/-/brace-expansion-5.0.2.tgz 0ms (cache hit)
2705 http cache eslint-visitor-keys@https://registry.npmjs.org/eslint-visitor-keys/-/eslint-visitor-keys-5.0.1.tgz 0ms (cache hit)
2706 http cache balanced-match@https://registry.npmjs.org/balanced-match/-/balanced-match-4.0.3.tgz 0ms (cache hit)
2707 http cache @types/node@https://registry.npmjs.org/@types/node/-/node-20.19.33.tgz 0ms (cache hit)
2708 http cache @types/react-dom@https://registry.npmjs.org/@types/react-dom/-/react-dom-19.2.3.tgz 0ms (cache hit)
2709 http cache debug@https://registry.npmjs.org/debug/-/debug-3.2.7.tgz 0ms (cache hit)
2710 http cache semver@https://registry.npmjs.org/semver/-/semver-7.7.4.tgz 0ms (cache hit)
2711 http cache ignore@https://registry.npmjs.org/ignore/-/ignore-7.0.5.tgz 0ms (cache hit)
2712 http cache json5@https://registry.npmjs.org/json5/-/json5-1.0.2.tgz 0ms (cache hit)
2713 http cache semver@https://registry.npmjs.org/semver/-/semver-7.7.4.tgz 0ms (cache hit)
2714 http cache glob-parent@https://registry.npmjs.org/glob-parent/-/glob-parent-5.1.2.tgz 0ms (cache hit)
2715 http cache resolve@https://registry.npmjs.org/resolve/-/resolve-2.0.0-next.6.tgz 0ms (cache hit)
2716 http cache fdir@https://registry.npmjs.org/fdir/-/fdir-6.5.0.tgz 0ms (cache hit)
2717 http cache picomatch@https://registry.npmjs.org/picomatch/-/picomatch-4.0.3.tgz 0ms (cache hit)
2718 http cache debug@https://registry.npmjs.org/debug/-/debug-3.2.7.tgz 0ms (cache hit)
2719 http cache minimatch@https://registry.npmjs.org/minimatch/-/minimatch-9.0.6.tgz 0ms (cache hit)
2720 http cache semver@https://registry.npmjs.org/semver/-/semver-7.7.4.tgz 0ms (cache hit)
2721 http cache postcss@https://registry.npmjs.org/postcss/-/postcss-8.4.31.tgz 0ms (cache hit)
2722 http cache debug@https://registry.npmjs.org/debug/-/debug-3.2.7.tgz 0ms (cache hit)
2723 http cache eslint-visitor-keys@https://registry.npmjs.org/eslint-visitor-keys/-/eslint-visitor-keys-3.4.3.tgz 0ms (cache hit)
2724 http cache globals@https://registry.npmjs.org/globals/-/globals-16.4.0.tgz 0ms (cache hit)
2725 http fetch POST 200 https://registry.npmjs.org/-/npm/v1/security/advisories/bulk 1003ms
2726 silly audit report {
2726 silly audit report   minimatch: [
2726 silly audit report     {
2726 silly audit report       id: 1113371,
2726 silly audit report       url: 'https://github.com/advisories/GHSA-3ppc-4f35-3m26',
2726 silly audit report       title: 'minimatch has a ReDoS via repeated wildcards with non-matching literal in pattern',
2726 silly audit report       severity: 'high',
2726 silly audit report       vulnerable_versions: '<10.2.1',
2726 silly audit report       cwe: [Array],
2726 silly audit report       cvss: [Object]
2726 silly audit report     }
2726 silly audit report   ]
2726 silly audit report }
2727 silly packumentCache corgi:https://registry.npmjs.org/minimatch cache-miss
2728 http fetch GET 200 https://registry.npmjs.org/minimatch 217ms (cache revalidated)
2729 silly packumentCache corgi:https://registry.npmjs.org/minimatch set size:154574 disposed:false
2730 silly packumentCache corgi:https://registry.npmjs.org/eslint cache-miss
2731 silly packumentCache corgi:https://registry.npmjs.org/@eslint%2fconfig-array cache-miss
2732 silly packumentCache corgi:https://registry.npmjs.org/@eslint%2feslintrc cache-miss
2733 silly packumentCache corgi:https://registry.npmjs.org/eslint-plugin-import cache-miss
2734 silly packumentCache corgi:https://registry.npmjs.org/eslint-plugin-jsx-a11y cache-miss
2735 silly packumentCache corgi:https://registry.npmjs.org/eslint-plugin-react cache-miss
2736 silly packumentCache corgi:https://registry.npmjs.org/@typescript-eslint%2ftypescript-estree cache-miss
2737 http fetch GET 200 https://registry.npmjs.org/eslint 98ms (cache revalidated)
2738 silly packumentCache corgi:https://registry.npmjs.org/eslint set size:1132877 disposed:false
2739 http fetch GET 200 https://registry.npmjs.org/eslint-plugin-jsx-a11y 115ms (cache revalidated)
2740 silly packumentCache corgi:https://registry.npmjs.org/eslint-plugin-jsx-a11y set size:108835 disposed:false
2741 http fetch GET 200 https://registry.npmjs.org/eslint-plugin-import 118ms (cache revalidated)
2742 silly packumentCache corgi:https://registry.npmjs.org/eslint-plugin-import set size:238396 disposed:false
2743 http fetch GET 200 https://registry.npmjs.org/eslint-plugin-react 119ms (cache revalidated)
2744 silly packumentCache corgi:https://registry.npmjs.org/eslint-plugin-react set size:309843 disposed:false
2745 http fetch GET 200 https://registry.npmjs.org/@typescript-eslint%2ftypescript-estree 136ms (cache revalidated)
2746 silly packumentCache corgi:https://registry.npmjs.org/@typescript-eslint%2ftypescript-estree set size:8494054 disposed:false
2747 http fetch GET 200 https://registry.npmjs.org/@eslint%2fconfig-array 206ms (cache revalidated)
2748 silly packumentCache corgi:https://registry.npmjs.org/@eslint%2fconfig-array set size:15303 disposed:false
2749 http fetch GET 200 https://registry.npmjs.org/@eslint%2feslintrc 207ms (cache revalidated)
2750 silly packumentCache corgi:https://registry.npmjs.org/@eslint%2feslintrc set size:80753 disposed:false
2751 silly packumentCache corgi:https://registry.npmjs.org/eslint-config-next cache-miss
2752 silly packumentCache corgi:https://registry.npmjs.org/@eslint-community%2feslint-utils cache-miss
2753 silly packumentCache corgi:https://registry.npmjs.org/eslint-import-resolver-typescript cache-miss
2754 silly packumentCache corgi:https://registry.npmjs.org/eslint-plugin-react-hooks cache-miss
2755 silly packumentCache corgi:https://registry.npmjs.org/typescript-eslint cache-miss
2756 silly packumentCache corgi:https://registry.npmjs.org/@typescript-eslint%2feslint-plugin cache-miss
2757 silly packumentCache corgi:https://registry.npmjs.org/@typescript-eslint%2fparser cache-miss
2758 silly packumentCache corgi:https://registry.npmjs.org/@typescript-eslint%2futils cache-miss
2759 silly packumentCache corgi:https://registry.npmjs.org/@typescript-eslint%2ftype-utils cache-miss
2760 http fetch GET 200 https://registry.npmjs.org/typescript-eslint 66ms (cache revalidated)
2761 silly packumentCache corgi:https://registry.npmjs.org/typescript-eslint set size:1533651 disposed:false
2762 http fetch GET 200 https://registry.npmjs.org/eslint-plugin-react-hooks 89ms (cache revalidated)
2763 silly packumentCache corgi:https://registry.npmjs.org/eslint-plugin-react-hooks set size:4052651 disposed:false
2764 http fetch GET 200 https://registry.npmjs.org/@eslint-community%2feslint-utils 141ms (cache revalidated)
2765 silly packumentCache corgi:https://registry.npmjs.org/@eslint-community%2feslint-utils set size:44347 disposed:false
2766 http fetch GET 200 https://registry.npmjs.org/@typescript-eslint%2ftype-utils 152ms (cache revalidated)
2767 silly packumentCache corgi:https://registry.npmjs.org/@typescript-eslint%2ftype-utils set size:4507154 disposed:false
2768 http fetch GET 200 https://registry.npmjs.org/@typescript-eslint%2feslint-plugin 196ms (cache revalidated)
2769 silly packumentCache corgi:https://registry.npmjs.org/@typescript-eslint%2feslint-plugin set size:9349854 disposed:false
2770 http fetch GET 200 https://registry.npmjs.org/@typescript-eslint%2fparser 281ms (cache revalidated)
2771 silly packumentCache corgi:https://registry.npmjs.org/@typescript-eslint%2fparser set size:7892767 disposed:false
2772 http fetch GET 200 https://registry.npmjs.org/@typescript-eslint%2futils 348ms (cache revalidated)
2773 silly packumentCache corgi:https://registry.npmjs.org/@typescript-eslint%2futils set size:4517972 disposed:false
2774 http fetch GET 200 https://registry.npmjs.org/eslint-import-resolver-typescript 410ms (cache revalidated)
2775 silly packumentCache corgi:https://registry.npmjs.org/eslint-import-resolver-typescript set size:138502 disposed:false
2776 http fetch GET 200 https://registry.npmjs.org/eslint-config-next 414ms (cache revalidated)
2777 silly packumentCache corgi:https://registry.npmjs.org/eslint-config-next set size:3714238 disposed:false
2778 info run sharp@0.34.5 install node_modules/sharp node install/check.js || npm run build
2779 info run sharp@0.34.5 install { code: 0, signal: null }
2780 info run unrs-resolver@1.11.1 postinstall node_modules/unrs-resolver napi-postinstall unrs-resolver 1.11.1 check
2781 info run unrs-resolver@1.11.1 postinstall { code: 0, signal: null }
2782 silly ADD node_modules/node-exports-info
2783 silly ADD node_modules/is-weakset
2784 silly ADD node_modules/is-weakmap
2785 silly ADD node_modules/is-map
2786 silly ADD node_modules/generator-function
2787 silly ADD node_modules/async-function
2788 silly ADD node_modules/which-collection
2789 silly ADD node_modules/is-generator-function
2790 silly ADD node_modules/is-finalizationregistry
2791 silly ADD node_modules/is-async-function
2792 silly ADD node_modules/is-number-object
2793 silly ADD node_modules/is-boolean-object
2794 silly ADD node_modules/is-bigint
2795 silly ADD node_modules/isexe
2796 silly ADD node_modules/punycode
2797 silly ADD node_modules/escalade
2798 silly ADD node_modules/@emnapi/wasi-threads
2799 silly ADD node_modules/@tybys/wasm-util
2800 silly ADD node_modules/@emnapi/core
2801 silly ADD node_modules/@napi-rs/wasm-runtime
2802 silly ADD node_modules/napi-postinstall
2803 silly ADD node_modules/@unrs/resolver-binding-darwin-arm64
2804 silly ADD node_modules/which-boxed-primitive
2805 silly ADD node_modules/has-bigints
2806 silly ADD node_modules/@typescript-eslint/tsconfig-utils
2807 silly ADD node_modules/@typescript-eslint/project-service
2808 silly ADD node_modules/@typescript-eslint/types
2809 silly ADD node_modules/ts-api-utils
2810 silly ADD node_modules/@typescript-eslint/visitor-keys
2811 silly ADD node_modules/@typescript-eslint/visitor-keys/node_modules/eslint-visitor-keys
2812 silly ADD node_modules/@typescript-eslint/type-utils
2813 silly ADD node_modules/@typescript-eslint/scope-manager
2814 silly ADD node_modules/@typescript-eslint/utils
2815 silly ADD node_modules/@typescript-eslint/typescript-estree
2816 silly ADD node_modules/@typescript-eslint/typescript-estree/node_modules/balanced-match
2817 silly ADD node_modules/@typescript-eslint/typescript-estree/node_modules/brace-expansion
2818 silly ADD node_modules/@typescript-eslint/typescript-estree/node_modules/semver
2819 silly ADD node_modules/@typescript-eslint/typescript-estree/node_modules/minimatch
2820 silly ADD node_modules/@typescript-eslint/parser
2821 silly ADD node_modules/@typescript-eslint/eslint-plugin
2822 silly ADD node_modules/@typescript-eslint/eslint-plugin/node_modules/ignore
2823 silly ADD node_modules/which-builtin-type
2824 silly ADD node_modules/reflect.getprototypeof
2825 silly ADD node_modules/for-each
2826 silly ADD node_modules/strip-bom
2827 silly ADD node_modules/minimist
2828 silly ADD node_modules/@types/json5
2829 silly ADD node_modules/is-number
2830 silly ADD node_modules/has-flag
2831 silly ADD node_modules/client-only
2832 silly ADD node_modules/side-channel-weakmap
2833 silly ADD node_modules/side-channel-map
2834 silly ADD node_modules/side-channel-list
2835 silly ADD node_modules/shebang-regex
2836 silly ADD node_modules/@emnapi/runtime
2837 silly ADD node_modules/@img/sharp-libvips-darwin-arm64
2838 silly ADD node_modules/@img/sharp-darwin-arm64
2839 silly ADD node_modules/@img/colour
2840 silly ADD node_modules/isarray
2841 silly ADD node_modules/queue-microtask
2842 silly ADD node_modules/supports-preserve-symlinks-flag
2843 silly ADD node_modules/path-parse
2844 silly ADD node_modules/scheduler
2845 silly ADD node_modules/react-is
2846 silly ADD node_modules/object-assign
2847 silly ADD node_modules/loose-envify
2848 silly ADD node_modules/nanoid
2849 silly ADD node_modules/callsites
2850 silly ADD node_modules/yocto-queue
2851 silly ADD node_modules/p-limit
2852 silly ADD node_modules/word-wrap
2853 silly ADD node_modules/fast-levenshtein
2854 silly ADD node_modules/deep-is
2855 silly ADD node_modules/tslib
2856 silly ADD node_modules/styled-jsx
2857 silly ADD node_modules/sharp
2858 silly ADD node_modules/sharp/node_modules/semver
2859 silly ADD node_modules/@swc/helpers
2860 silly ADD node_modules/@next/swc-darwin-arm64
2861 silly ADD node_modules/@next/env
2862 silly ADD node_modules/concat-map
2863 silly ADD node_modules/balanced-match
2864 silly ADD node_modules/brace-expansion
2865 silly ADD node_modules/to-regex-range
2866 silly ADD node_modules/fill-range
2867 silly ADD node_modules/picomatch
2868 silly ADD node_modules/braces
2869 silly ADD node_modules/yallist
2870 silly ADD node_modules/p-locate
2871 silly ADD node_modules/lightningcss-darwin-arm64
2872 silly ADD node_modules/detect-libc
2873 silly ADD node_modules/type-check
2874 silly ADD node_modules/prelude-ls
2875 silly ADD node_modules/language-subtag-registry
2876 silly ADD node_modules/json-buffer
2877 silly ADD node_modules/argparse
2878 silly ADD node_modules/set-function-name
2879 silly ADD node_modules/is-extglob
2880 silly ADD node_modules/side-channel
2881 silly ADD node_modules/resolve-from
2882 silly ADD node_modules/parent-module
2883 silly ADD node_modules/hermes-estree
2884 silly ADD node_modules/resolve-pkg-maps
2885 silly ADD node_modules/dunder-proto
2886 silly ADD node_modules/functions-have-names
2887 silly ADD node_modules/keyv
2888 silly ADD node_modules/flatted
2889 silly ADD node_modules/path-exists
2890 silly ADD node_modules/locate-path
2891 silly ADD node_modules/flat-cache
2892 silly ADD node_modules/reusify
2893 silly ADD node_modules/run-parallel
2894 silly ADD node_modules/fastq
2895 silly ADD node_modules/@nodelib/fs.scandir
2896 silly ADD node_modules/micromatch
2897 silly ADD node_modules/merge2
2898 silly ADD node_modules/@nodelib/fs.walk
2899 silly ADD node_modules/@nodelib/fs.stat
2900 silly ADD node_modules/acorn-jsx
2901 silly ADD node_modules/acorn
2902 silly ADD node_modules/esrecurse
2903 silly ADD node_modules/update-browserslist-db
2904 silly ADD node_modules/node-releases
2905 silly ADD node_modules/electron-to-chromium
2906 silly ADD node_modules/caniuse-lite
2907 silly ADD node_modules/baseline-browser-mapping
2908 silly ADD node_modules/@babel/helper-string-parser
2909 silly ADD node_modules/@babel/helper-globals
2910 silly ADD node_modules/@babel/helper-module-imports
2911 silly ADD node_modules/lru-cache
2912 silly ADD node_modules/browserslist
2913 silly ADD node_modules/@babel/helper-validator-option
2914 silly ADD node_modules/@babel/compat-data
2915 silly ADD node_modules/jsesc
2916 silly ADD node_modules/picocolors
2917 silly ADD node_modules/js-tokens
2918 silly ADD node_modules/@babel/helper-validator-identifier
2919 silly ADD node_modules/json5
2920 silly ADD node_modules/gensync
2921 silly ADD node_modules/convert-source-map
2922 silly ADD node_modules/@babel/types
2923 silly ADD node_modules/@babel/traverse
2924 silly ADD node_modules/@babel/template
2925 silly ADD node_modules/@babel/helpers
2926 silly ADD node_modules/@babel/helper-module-transforms
2927 silly ADD node_modules/@babel/helper-compilation-targets
2928 silly ADD node_modules/@babel/generator
2929 silly ADD node_modules/@babel/code-frame
2930 silly ADD node_modules/zod-validation-error
2931 silly ADD node_modules/zod
2932 silly ADD node_modules/hermes-parser
2933 silly ADD node_modules/@babel/parser
2934 silly ADD node_modules/@babel/core
2935 silly ADD node_modules/iterator.prototype
2936 silly ADD node_modules/string.prototype.repeat
2937 silly ADD node_modules/string.prototype.matchall
2938 silly ADD node_modules/prop-types
2939 silly ADD node_modules/object.entries
2940 silly ADD node_modules/estraverse
2941 silly ADD node_modules/es-iterator-helpers
2942 silly ADD node_modules/array.prototype.tosorted
2943 silly ADD node_modules/array.prototype.findlast
2944 silly ADD node_modules/string.prototype.includes
2945 silly ADD node_modules/language-tags
2946 silly ADD node_modules/jsx-ast-utils
2947 silly ADD node_modules/emoji-regex
2948 silly ADD node_modules/damerau-levenshtein
2949 silly ADD node_modules/axobject-query
2950 silly ADD node_modules/axe-core
2951 silly ADD node_modules/ast-types-flow
2952 silly ADD node_modules/aria-query
2953 silly ADD node_modules/is-symbol
2954 silly ADD node_modules/is-date-object
2955 silly ADD node_modules/has-tostringtag
2956 silly ADD node_modules/possible-typed-array-names
2957 silly ADD node_modules/which-typed-array
2958 silly ADD node_modules/unbox-primitive
2959 silly ADD node_modules/typed-array-length
2960 silly ADD node_modules/typed-array-byte-offset
2961 silly ADD node_modules/typed-array-byte-length
2962 silly ADD node_modules/typed-array-buffer
2963 silly ADD node_modules/string.prototype.trimstart
2964 silly ADD node_modules/string.prototype.trim
2965 silly ADD node_modules/stop-iteration-iterator
2966 silly ADD node_modules/set-proto
2967 silly ADD node_modules/safe-regex-test
2968 silly ADD node_modules/safe-push-apply
2969 silly ADD node_modules/safe-array-concat
2970 silly ADD node_modules/regexp.prototype.flags
2971 silly ADD node_modules/own-keys
2972 silly ADD node_modules/object.assign
2973 silly ADD node_modules/object-inspect
2974 silly ADD node_modules/is-weakref
2975 silly ADD node_modules/is-typed-array
2976 silly ADD node_modules/is-shared-array-buffer
2977 silly ADD node_modules/is-set
2978 silly ADD node_modules/is-regex
2979 silly ADD node_modules/is-negative-zero
2980 silly ADD node_modules/is-data-view
2981 silly ADD node_modules/is-callable
2982 silly ADD node_modules/is-array-buffer
2983 silly ADD node_modules/internal-slot
2984 silly ADD node_modules/has-symbols
2985 silly ADD node_modules/has-proto
2986 silly ADD node_modules/globalthis
2987 silly ADD node_modules/get-symbol-description
2988 silly ADD node_modules/get-proto
2989 silly ADD node_modules/function.prototype.name
2990 silly ADD node_modules/es-to-primitive
2991 silly ADD node_modules/es-set-tostringtag
2992 silly ADD node_modules/data-view-byte-offset
2993 silly ADD node_modules/data-view-byte-length
2994 silly ADD node_modules/data-view-buffer
2995 silly ADD node_modules/available-typed-arrays
2996 silly ADD node_modules/arraybuffer.prototype.slice
2997 silly ADD node_modules/array-buffer-byte-length
2998 silly ADD node_modules/gopd
2999 silly ADD node_modules/object-keys
3000 silly ADD node_modules/has-property-descriptors
3001 silly ADD node_modules/define-data-property
3002 silly ADD node_modules/function-bind
3003 silly ADD node_modules/set-function-length
3004 silly ADD node_modules/es-define-property
3005 silly ADD node_modules/call-bind-apply-helpers
3006 silly ADD node_modules/es-shim-unscopables
3007 silly ADD node_modules/es-errors
3008 silly ADD node_modules/math-intrinsics
3009 silly ADD node_modules/is-string
3010 silly ADD node_modules/get-intrinsic
3011 silly ADD node_modules/es-object-atoms
3012 silly ADD node_modules/es-abstract
3013 silly ADD node_modules/define-properties
3014 silly ADD node_modules/call-bound
3015 silly ADD node_modules/call-bind
3016 silly ADD node_modules/tsconfig-paths
3017 silly ADD node_modules/tsconfig-paths/node_modules/json5
3018 silly ADD node_modules/string.prototype.trimend
3019 silly ADD node_modules/semver
3020 silly ADD node_modules/object.values
3021 silly ADD node_modules/object.groupby
3022 silly ADD node_modules/object.fromentries
3023 silly ADD node_modules/hasown
3024 silly ADD node_modules/eslint-module-utils
3025 silly ADD node_modules/eslint-module-utils/node_modules/debug
3026 silly ADD node_modules/doctrine
3027 silly ADD node_modules/array.prototype.flatmap
3028 silly ADD node_modules/array.prototype.flat
3029 silly ADD node_modules/array.prototype.findlastindex
3030 silly ADD node_modules/array-includes
3031 silly ADD node_modules/@rtsao/scc
3032 silly ADD node_modules/unrs-resolver
3033 silly ADD node_modules/tinyglobby
3034 silly ADD node_modules/tinyglobby/node_modules/picomatch
3035 silly ADD node_modules/tinyglobby/node_modules/fdir
3036 silly ADD node_modules/stable-hash
3037 silly ADD node_modules/is-bun-module
3038 silly ADD node_modules/is-bun-module/node_modules/semver
3039 silly ADD node_modules/get-tsconfig
3040 silly ADD node_modules/@nolyfill/is-core-module
3041 silly ADD node_modules/resolve
3042 silly ADD node_modules/is-core-module
3043 silly ADD node_modules/fast-glob
3044 silly ADD node_modules/fast-glob/node_modules/glob-parent
3045 silly ADD node_modules/typescript-eslint
3046 silly ADD node_modules/eslint-plugin-react-hooks
3047 silly ADD node_modules/eslint-plugin-react
3048 silly ADD node_modules/eslint-plugin-react/node_modules/resolve
3049 silly ADD node_modules/eslint-plugin-jsx-a11y
3050 silly ADD node_modules/eslint-plugin-import
3051 silly ADD node_modules/eslint-plugin-import/node_modules/debug
3052 silly ADD node_modules/eslint-import-resolver-typescript
3053 silly ADD node_modules/eslint-import-resolver-node
3054 silly ADD node_modules/eslint-import-resolver-node/node_modules/debug
3055 silly ADD node_modules/@next/eslint-plugin-next
3056 silly ADD node_modules/ms
3057 silly ADD node_modules/which
3058 silly ADD node_modules/shebang-command
3059 silly ADD node_modules/path-key
3060 silly ADD node_modules/color-name
3061 silly ADD node_modules/color-convert
3062 silly ADD node_modules/supports-color
3063 silly ADD node_modules/ansi-styles
3064 silly ADD node_modules/uri-js
3065 silly ADD node_modules/json-schema-traverse
3066 silly ADD node_modules/fast-json-stable-stringify
3067 silly ADD node_modules/@humanfs/core
3068 silly ADD node_modules/levn
3069 silly ADD node_modules/strip-json-comments
3070 silly ADD node_modules/js-yaml
3071 silly ADD node_modules/import-fresh
3072 silly ADD node_modules/globals
3073 silly ADD node_modules/@types/json-schema
3074 silly ADD node_modules/@eslint/object-schema
3075 silly ADD node_modules/optionator
3076 silly ADD node_modules/natural-compare
3077 silly ADD node_modules/minimatch
3078 silly ADD node_modules/lodash.merge
3079 silly ADD node_modules/json-stable-stringify-without-jsonify
3080 silly ADD node_modules/is-glob
3081 silly ADD node_modules/imurmurhash
3082 silly ADD node_modules/ignore
3083 silly ADD node_modules/glob-parent
3084 silly ADD node_modules/find-up
3085 silly ADD node_modules/file-entry-cache
3086 silly ADD node_modules/fast-deep-equal
3087 silly ADD node_modules/esutils
3088 silly ADD node_modules/esquery
3089 silly ADD node_modules/espree
3090 silly ADD node_modules/eslint-visitor-keys
3091 silly ADD node_modules/eslint-scope
3092 silly ADD node_modules/escape-string-regexp
3093 silly ADD node_modules/debug
3094 silly ADD node_modules/cross-spawn
3095 silly ADD node_modules/chalk
3096 silly ADD node_modules/ajv
3097 silly ADD node_modules/@types/estree
3098 silly ADD node_modules/@humanwhocodes/retry
3099 silly ADD node_modules/@humanwhocodes/module-importer
3100 silly ADD node_modules/@humanfs/node
3101 silly ADD node_modules/@eslint/plugin-kit
3102 silly ADD node_modules/@eslint/js
3103 silly ADD node_modules/@eslint/eslintrc
3104 silly ADD node_modules/@eslint/core
3105 silly ADD node_modules/@eslint/config-helpers
3106 silly ADD node_modules/@eslint/config-array
3107 silly ADD node_modules/@eslint-community/regexpp
3108 silly ADD node_modules/@eslint-community/eslint-utils
3109 silly ADD node_modules/@eslint-community/eslint-utils/node_modules/eslint-visitor-keys
3110 silly ADD node_modules/tapable
3111 silly ADD node_modules/graceful-fs
3112 silly ADD node_modules/csstype
3113 silly ADD node_modules/undici-types
3114 silly ADD node_modules/@tailwindcss/oxide-darwin-arm64
3115 silly ADD node_modules/@jridgewell/resolve-uri
3116 silly ADD node_modules/@jridgewell/sourcemap-codec
3117 silly ADD node_modules/@jridgewell/trace-mapping
3118 silly ADD node_modules/@jridgewell/gen-mapping
3119 silly ADD node_modules/source-map-js
3120 silly ADD node_modules/magic-string
3121 silly ADD node_modules/lightningcss
3122 silly ADD node_modules/jiti
3123 silly ADD node_modules/enhanced-resolve
3124 silly ADD node_modules/@jridgewell/remapping
3125 silly ADD node_modules/postcss
3126 silly ADD node_modules/@tailwindcss/oxide
3127 silly ADD node_modules/@tailwindcss/node
3128 silly ADD node_modules/@alloc/quick-lru
3129 silly ADD node_modules/typescript
3130 silly ADD node_modules/tailwindcss
3131 silly ADD node_modules/react-dom
3132 silly ADD node_modules/react
3133 silly ADD node_modules/next
3134 silly ADD node_modules/next/node_modules/postcss
3135 silly ADD node_modules/eslint-config-next
3136 silly ADD node_modules/eslint-config-next/node_modules/globals
3137 silly ADD node_modules/eslint
3138 silly ADD node_modules/@types/react-dom
3139 silly ADD node_modules/@types/react
3140 silly ADD node_modules/@types/node
3141 silly ADD node_modules/@tailwindcss/postcss
3142 verbose cwd /Users/chanhojung/ETF_One/dashboard
3143 verbose os Darwin 25.3.0
3144 verbose node v24.13.0
3145 verbose npm  v11.6.2
3146 verbose exit 0
3147 info ok
