0 verbose cli /Users/chanhojung/.nvm/versions/node/v24.13.0/bin/node /Users/chanhojung/.nvm/versions/node/v24.13.0/bin/npm
1 info using npm@11.6.2
2 info using node@v24.13.0
3 silly config load:file:/Users/chanhojung/.nvm/versions/node/v24.13.0/lib/node_modules/npm/npmrc
4 silly config load:file:/Users/chanhojung/ETF_One/frontend/.npmrc
5 silly config load:file:/Users/chanhojung/.npmrc
6 silly config load:file:/Users/chanhojung/.nvm/versions/node/v24.13.0/etc/npmrc
7 verbose title npm install
8 verbose argv "install"
9 verbose logfile logs-max:10 dir:/Users/chanhojung/ETF_One/frontend/.npm-cache/_logs/2026-02-22T10_19_44_483Z-
10 verbose logfile /Users/chanhojung/ETF_One/frontend/.npm-cache/_logs/2026-02-22T10_19_44_483Z-debug-0.log
11 silly logfile done cleaning log files
12 silly packumentCache heap:4496293888 maxSize:1124073472 maxEntrySize:562036736
13 silly idealTree buildDeps
14 silly fetch manifest next@16.1.6
15 silly packumentCache full:https://registry.npmjs.org/next cache-miss
16 http cache https://registry.npmjs.org/next 39ms (cache hit)
17 silly packumentCache full:https://registry.npmjs.org/next set size:29209751 disposed:false
18 silly fetch manifest @opentelemetry/api@^1.1.0
19 silly packumentCache full:https://registry.npmjs.org/@opentelemetry%2fapi cache-miss
20 http cache https://registry.npmjs.org/@opentelemetry%2fapi 3ms (cache hit)
21 silly packumentCache full:https://registry.npmjs.org/@opentelemetry%2fapi set size:455567 disposed:false
22 silly fetch manifest @playwright/test@^1.51.1
23 silly packumentCache full:https://registry.npmjs.org/@playwright%2ftest cache-miss
24 http cache https://registry.npmjs.org/@playwright%2ftest 16ms (cache hit)
25 silly packumentCache full:https://registry.npmjs.org/@playwright%2ftest set size:8790673 disposed:false
26 silly fetch manifest babel-plugin-react-compiler@*
27 silly packumentCache full:https://registry.npmjs.org/babel-plugin-react-compiler cache-miss
28 http cache https://registry.npmjs.org/babel-plugin-react-compiler 9ms (cache hit)
29 silly packumentCache full:https://registry.npmjs.org/babel-plugin-react-compiler set size:1247589 disposed:false
30 silly fetch manifest react@19.2.3
31 silly packumentCache full:https://registry.npmjs.org/react cache-miss
32 http cache https://registry.npmjs.org/react 9ms (cache hit)
33 silly packumentCache full:https://registry.npmjs.org/react set size:6508025 disposed:false
34 silly fetch manifest react-dom@19.2.3
35 silly packumentCache full:https://registry.npmjs.org/react-dom cache-miss
36 http cache https://registry.npmjs.org/react-dom 25ms (cache hit)
37 silly packumentCache full:https://registry.npmjs.org/react-dom set size:8624335 disposed:false
38 silly fetch manifest sass@^1.3.0
39 silly packumentCache full:https://registry.npmjs.org/sass cache-miss
40 http cache https://registry.npmjs.org/sass 3ms (cache hit)
41 silly packumentCache full:https://registry.npmjs.org/sass set size:722061 disposed:false
42 silly fetch manifest @tailwindcss/postcss@^4
43 silly packumentCache full:https://registry.npmjs.org/@tailwindcss%2fpostcss cache-miss
44 http cache https://registry.npmjs.org/@tailwindcss%2fpostcss 5ms (cache hit)
45 silly packumentCache full:https://registry.npmjs.org/@tailwindcss%2fpostcss set size:2002299 disposed:false
46 silly fetch manifest @types/node@^20
47 silly packumentCache full:https://registry.npmjs.org/@types%2fnode cache-miss
48 http cache https://registry.npmjs.org/@types%2fnode 14ms (cache hit)
49 silly packumentCache full:https://registry.npmjs.org/@types%2fnode set size:10864169 disposed:false
50 silly fetch manifest @types/react@^19
51 silly packumentCache full:https://registry.npmjs.org/@types%2freact cache-miss
52 http cache https://registry.npmjs.org/@types%2freact 6ms (cache hit)
53 silly packumentCache full:https://registry.npmjs.org/@types%2freact set size:2588986 disposed:false
54 silly fetch manifest @types/react-dom@^19
55 silly packumentCache full:https://registry.npmjs.org/@types%2freact-dom cache-miss
56 http cache https://registry.npmjs.org/@types%2freact-dom 2ms (cache hit)
57 silly packumentCache full:https://registry.npmjs.org/@types%2freact-dom set size:429026 disposed:false
58 silly fetch manifest eslint@^9
59 silly packumentCache full:https://registry.npmjs.org/eslint cache-miss
60 http cache https://registry.npmjs.org/eslint 9ms (cache hit)
61 silly packumentCache full:https://registry.npmjs.org/eslint set size:1942719 disposed:false
62 silly fetch manifest jiti@*
63 silly packumentCache full:https://registry.npmjs.org/jiti cache-miss
64 http cache https://registry.npmjs.org/jiti 2ms (cache hit)
65 silly packumentCache full:https://registry.npmjs.org/jiti set size:382310 disposed:false
66 silly fetch manifest eslint-config-next@16.1.6
67 silly packumentCache full:https://registry.npmjs.org/eslint-config-next cache-miss
68 http cache https://registry.npmjs.org/eslint-config-next 8ms (cache hit)
69 silly packumentCache full:https://registry.npmjs.org/eslint-config-next set size:6322201 disposed:false
70 silly fetch manifest typescript@^5
71 silly packumentCache full:https://registry.npmjs.org/typescript cache-miss
72 http cache https://registry.npmjs.org/typescript 17ms (cache hit)
73 silly packumentCache full:https://registry.npmjs.org/typescript set size:15276399 disposed:false
74 silly fetch manifest tailwindcss@^4
75 silly packumentCache full:https://registry.npmjs.org/tailwindcss cache-miss
76 http cache https://registry.npmjs.org/tailwindcss 12ms (cache hit)
77 silly packumentCache full:https://registry.npmjs.org/tailwindcss set size:10206660 disposed:false
78 silly placeDep ROOT @tailwindcss/postcss@4.2.0 OK for: frontend@0.1.0 want: ^4
79 silly placeDep ROOT @types/node@20.19.33 OK for: frontend@0.1.0 want: ^20
80 silly placeDep ROOT @types/react@19.2.14 OK for: frontend@0.1.0 want: ^19
81 silly placeDep ROOT @types/react-dom@19.2.3 OK for: frontend@0.1.0 want: ^19
82 silly placeDep ROOT eslint@9.39.3 OK for: frontend@0.1.0 want: ^9
83 silly placeDep ROOT eslint-config-next@16.1.6 OK for: frontend@0.1.0 want: 16.1.6
84 silly placeDep ROOT next@16.1.6 OK for: frontend@0.1.0 want: 16.1.6
85 silly placeDep ROOT react@19.2.3 OK for: next@16.1.6 want: ^18.2.0 || 19.0.0-rc-de68d2f4-20241204 || ^19.0.0
86 silly placeDep ROOT react-dom@19.2.3 OK for: next@16.1.6 want: ^18.2.0 || 19.0.0-rc-de68d2f4-20241204 || ^19.0.0
87 silly placeDep ROOT tailwindcss@4.2.0 OK for: frontend@0.1.0 want: ^4
88 silly placeDep ROOT typescript@5.9.3 OK for: frontend@0.1.0 want: ^5
89 silly fetch manifest postcss@^8.5.6
90 silly packumentCache full:https://registry.npmjs.org/postcss cache-miss
91 silly fetch manifest tailwindcss@4.2.0
92 silly packumentCache full:https://registry.npmjs.org/tailwindcss cache-miss
93 silly fetch manifest @alloc/quick-lru@^5.2.0
94 silly packumentCache full:https://registry.npmjs.org/@alloc%2fquick-lru cache-miss
95 silly fetch manifest @tailwindcss/node@4.2.0
96 silly packumentCache full:https://registry.npmjs.org/@tailwindcss%2fnode cache-miss
97 silly fetch manifest @tailwindcss/oxide@4.2.0
98 silly packumentCache full:https://registry.npmjs.org/@tailwindcss%2foxide cache-miss
99 silly fetch manifest undici-types@~6.21.0
100 silly packumentCache full:https://registry.npmjs.org/undici-types cache-miss
101 silly fetch manifest csstype@^3.2.2
102 silly packumentCache full:https://registry.npmjs.org/csstype cache-miss
103 http cache https://registry.npmjs.org/@alloc%2fquick-lru 12ms (cache hit)
104 silly packumentCache full:https://registry.npmjs.org/@alloc%2fquick-lru set size:7269 disposed:false
105 silly fetch manifest ajv@^6.12.4
106 silly packumentCache full:https://registry.npmjs.org/ajv cache-miss
107 http cache https://registry.npmjs.org/postcss 13ms (cache hit)
108 silly packumentCache full:https://registry.npmjs.org/postcss set size:696248 disposed:false
109 silly fetch manifest chalk@^4.0.0
110 silly packumentCache full:https://registry.npmjs.org/chalk cache-miss
111 http cache https://registry.npmjs.org/csstype 16ms (cache hit)
112 silly packumentCache full:https://registry.npmjs.org/csstype set size:274189 disposed:false
113 silly fetch manifest debug@^4.3.2
114 silly packumentCache full:https://registry.npmjs.org/debug cache-miss
115 http cache https://registry.npmjs.org/undici-types 17ms (cache hit)
116 silly packumentCache full:https://registry.npmjs.org/undici-types set size:171546 disposed:false
117 silly fetch manifest espree@^10.4.0
118 silly packumentCache full:https://registry.npmjs.org/espree cache-miss
119 http cache https://registry.npmjs.org/tailwindcss 26ms (cache hit)
120 silly packumentCache full:https://registry.npmjs.org/tailwindcss set size:10206660 disposed:false
121 silly fetch manifest ignore@^5.2.0
122 silly packumentCache full:https://registry.npmjs.org/ignore cache-miss
123 http cache https://registry.npmjs.org/@tailwindcss%2foxide 61ms (cache hit)
124 silly packumentCache full:https://registry.npmjs.org/@tailwindcss%2foxide set size:4067167 disposed:false
125 silly fetch manifest esquery@^1.5.0
126 silly packumentCache full:https://registry.npmjs.org/esquery cache-miss
127 http cache https://registry.npmjs.org/@tailwindcss%2fnode 71ms (cache hit)
128 silly packumentCache full:https://registry.npmjs.org/@tailwindcss%2fnode set size:1872634 disposed:false
129 silly fetch manifest esutils@^2.0.2
130 silly packumentCache full:https://registry.npmjs.org/esutils cache-miss
131 http cache https://registry.npmjs.org/chalk 64ms (cache hit)
132 silly packumentCache full:https://registry.npmjs.org/chalk set size:117861 disposed:false
133 silly fetch manifest find-up@^5.0.0
134 silly packumentCache full:https://registry.npmjs.org/find-up cache-miss
135 http cache https://registry.npmjs.org/espree 63ms (cache hit)
136 silly packumentCache full:https://registry.npmjs.org/espree set size:323320 disposed:false
137 silly fetch manifest is-glob@^4.0.0
138 silly packumentCache full:https://registry.npmjs.org/is-glob cache-miss
139 http cache https://registry.npmjs.org/esutils 8ms (cache hit)
140 silly packumentCache full:https://registry.npmjs.org/esutils set size:29522 disposed:false
141 silly fetch manifest minimatch@^3.1.2
142 silly packumentCache full:https://registry.npmjs.org/minimatch cache-miss
143 http cache https://registry.npmjs.org/esquery 14ms (cache hit)
144 silly packumentCache full:https://registry.npmjs.org/esquery set size:48888 disposed:false
145 silly fetch manifest @eslint/js@9.39.3
146 silly packumentCache full:https://registry.npmjs.org/@eslint%2fjs cache-miss
147 http cache https://registry.npmjs.org/ajv 73ms (cache hit)
148 silly packumentCache full:https://registry.npmjs.org/ajv set size:1120197 disposed:false
149 silly fetch manifest optionator@^0.9.3
150 silly packumentCache full:https://registry.npmjs.org/optionator cache-miss
151 http cache https://registry.npmjs.org/debug 71ms (cache hit)
152 silly packumentCache full:https://registry.npmjs.org/debug set size:195840 disposed:false
153 silly fetch manifest cross-spawn@^7.0.6
154 silly packumentCache full:https://registry.npmjs.org/cross-spawn cache-miss
155 http cache https://registry.npmjs.org/ignore 33ms (cache hit)
156 silly packumentCache full:https://registry.npmjs.org/ignore set size:237380 disposed:false
157 silly fetch manifest glob-parent@^6.0.2
158 silly packumentCache full:https://registry.npmjs.org/glob-parent cache-miss
159 http cache https://registry.npmjs.org/find-up 14ms (cache hit)
160 silly packumentCache full:https://registry.npmjs.org/find-up set size:42620 disposed:false
161 silly fetch manifest imurmurhash@^0.1.4
162 silly packumentCache full:https://registry.npmjs.org/imurmurhash cache-miss
163 http cache https://registry.npmjs.org/is-glob 13ms (cache hit)
164 silly packumentCache full:https://registry.npmjs.org/is-glob set size:40530 disposed:false
165 silly fetch manifest @eslint/core@^0.17.0
166 silly packumentCache full:https://registry.npmjs.org/@eslint%2fcore cache-miss
167 http cache https://registry.npmjs.org/cross-spawn 7ms (cache hit)
168 silly packumentCache full:https://registry.npmjs.org/cross-spawn set size:109066 disposed:false
169 silly fetch manifest eslint-scope@^8.4.0
170 silly packumentCache full:https://registry.npmjs.org/eslint-scope cache-miss
171 http cache https://registry.npmjs.org/optionator 10ms (cache hit)
172 silly packumentCache full:https://registry.npmjs.org/optionator set size:49651 disposed:false
173 silly fetch manifest lodash.merge@^4.6.2
174 silly packumentCache full:https://registry.npmjs.org/lodash.merge cache-miss
175 http cache https://registry.npmjs.org/glob-parent 7ms (cache hit)
176 silly packumentCache full:https://registry.npmjs.org/glob-parent set size:42445 disposed:false
177 silly fetch manifest @humanfs/node@^0.16.6
178 silly packumentCache full:https://registry.npmjs.org/@humanfs%2fnode cache-miss
179 http cache https://registry.npmjs.org/minimatch 16ms (cache hit)
180 silly packumentCache full:https://registry.npmjs.org/minimatch set size:313826 disposed:false
181 silly fetch manifest @types/estree@^1.0.6
182 silly packumentCache full:https://registry.npmjs.org/@types%2festree cache-miss
183 http cache https://registry.npmjs.org/@eslint%2fjs 17ms (cache hit)
184 silly packumentCache full:https://registry.npmjs.org/@eslint%2fjs set size:138411 disposed:false
185 silly fetch manifest fast-deep-equal@^3.1.3
186 silly packumentCache full:https://registry.npmjs.org/fast-deep-equal cache-miss
187 http cache https://registry.npmjs.org/eslint-scope 6ms (cache hit)
188 silly packumentCache full:https://registry.npmjs.org/eslint-scope set size:96445 disposed:false
189 silly fetch manifest natural-compare@^1.4.0
190 silly packumentCache full:https://registry.npmjs.org/natural-compare cache-miss
191 http cache https://registry.npmjs.org/imurmurhash 8ms (cache hit)
192 silly packumentCache full:https://registry.npmjs.org/imurmurhash set size:35819 disposed:false
193 silly fetch manifest @eslint/eslintrc@^3.3.1
194 silly packumentCache full:https://registry.npmjs.org/@eslint%2feslintrc cache-miss
195 http cache https://registry.npmjs.org/lodash.merge 7ms (cache hit)
196 silly packumentCache full:https://registry.npmjs.org/lodash.merge set size:78575 disposed:false
197 silly fetch manifest file-entry-cache@^8.0.0
198 silly packumentCache full:https://registry.npmjs.org/file-entry-cache cache-miss
199 http cache https://registry.npmjs.org/@humanfs%2fnode 6ms (cache hit)
200 silly packumentCache full:https://registry.npmjs.org/@humanfs%2fnode set size:37704 disposed:false
201 silly fetch manifest @eslint/plugin-kit@^0.4.1
202 silly packumentCache full:https://registry.npmjs.org/@eslint%2fplugin-kit cache-miss
203 http cache https://registry.npmjs.org/@types%2festree 6ms (cache hit)
204 silly packumentCache full:https://registry.npmjs.org/@types%2festree set size:74091 disposed:false
205 silly fetch manifest eslint-visitor-keys@^4.2.1
206 silly packumentCache full:https://registry.npmjs.org/eslint-visitor-keys cache-miss
207 http cache https://registry.npmjs.org/@eslint%2fcore 10ms (cache hit)
208 silly packumentCache full:https://registry.npmjs.org/@eslint%2fcore set size:51452 disposed:false
209 silly fetch manifest @eslint/config-array@^0.21.1
210 silly packumentCache full:https://registry.npmjs.org/@eslint%2fconfig-array cache-miss
211 http cache https://registry.npmjs.org/fast-deep-equal 7ms (cache hit)
212 silly packumentCache full:https://registry.npmjs.org/fast-deep-equal set size:48634 disposed:false
213 silly fetch manifest @humanwhocodes/retry@^0.4.2
214 silly packumentCache full:https://registry.npmjs.org/@humanwhocodes%2fretry cache-miss
215 http cache https://registry.npmjs.org/natural-compare 7ms (cache hit)
216 silly packumentCache full:https://registry.npmjs.org/natural-compare set size:7852 disposed:false
217 silly fetch manifest escape-string-regexp@^4.0.0
218 silly packumentCache full:https://registry.npmjs.org/escape-string-regexp cache-miss
219 http cache https://registry.npmjs.org/eslint-visitor-keys 5ms (cache hit)
220 silly packumentCache full:https://registry.npmjs.org/eslint-visitor-keys set size:69949 disposed:false
221 silly fetch manifest @eslint/config-helpers@^0.4.2
222 silly packumentCache full:https://registry.npmjs.org/@eslint%2fconfig-helpers cache-miss
223 http cache https://registry.npmjs.org/@eslint%2fplugin-kit 6ms (cache hit)
224 silly packumentCache full:https://registry.npmjs.org/@eslint%2fplugin-kit set size:65206 disposed:false
225 silly fetch manifest @eslint-community/regexpp@^4.12.1
226 silly packumentCache full:https://registry.npmjs.org/@eslint-community%2fregexpp cache-miss
227 http cache https://registry.npmjs.org/@eslint%2feslintrc 8ms (cache hit)
228 silly packumentCache full:https://registry.npmjs.org/@eslint%2feslintrc set size:163118 disposed:false
229 silly fetch manifest @eslint-community/eslint-utils@^4.8.0
230 silly packumentCache full:https://registry.npmjs.org/@eslint-community%2feslint-utils cache-miss
231 http cache https://registry.npmjs.org/file-entry-cache 8ms (cache hit)
232 silly packumentCache full:https://registry.npmjs.org/file-entry-cache set size:151480 disposed:false
233 silly fetch manifest @humanwhocodes/module-importer@^1.0.1
234 silly packumentCache full:https://registry.npmjs.org/@humanwhocodes%2fmodule-importer cache-miss
235 http cache https://registry.npmjs.org/@eslint%2fconfig-array 8ms (cache hit)
236 silly packumentCache full:https://registry.npmjs.org/@eslint%2fconfig-array set size:62322 disposed:false
237 silly fetch manifest json-stable-stringify-without-jsonify@^1.0.1
238 silly packumentCache full:https://registry.npmjs.org/json-stable-stringify-without-jsonify cache-miss
239 http cache https://registry.npmjs.org/@humanwhocodes%2fretry 8ms (cache hit)
240 silly packumentCache full:https://registry.npmjs.org/@humanwhocodes%2fretry set size:42348 disposed:false
241 silly fetch manifest globals@16.4.0
242 silly packumentCache full:https://registry.npmjs.org/globals cache-miss
243 http cache https://registry.npmjs.org/@eslint-community%2fregexpp 6ms (cache hit)
244 silly packumentCache full:https://registry.npmjs.org/@eslint-community%2fregexpp set size:106609 disposed:false
245 silly fetch manifest typescript-eslint@^8.46.0
246 silly packumentCache full:https://registry.npmjs.org/typescript-eslint cache-miss
247 http cache https://registry.npmjs.org/escape-string-regexp 7ms (cache hit)
248 silly packumentCache full:https://registry.npmjs.org/escape-string-regexp set size:22244 disposed:false
249 silly fetch manifest eslint-plugin-react@^7.37.0
250 silly packumentCache full:https://registry.npmjs.org/eslint-plugin-react cache-miss
251 http cache https://registry.npmjs.org/@eslint-community%2feslint-utils 6ms (cache hit)
252 silly packumentCache full:https://registry.npmjs.org/@eslint-community%2feslint-utils set size:93301 disposed:false
253 silly fetch manifest eslint-plugin-import@^2.32.0
254 silly packumentCache full:https://registry.npmjs.org/eslint-plugin-import cache-miss
255 http cache https://registry.npmjs.org/@humanwhocodes%2fmodule-importer 6ms (cache hit)
256 silly packumentCache full:https://registry.npmjs.org/@humanwhocodes%2fmodule-importer set size:9516 disposed:false
257 silly fetch manifest eslint-plugin-jsx-a11y@^6.10.0
258 silly packumentCache full:https://registry.npmjs.org/eslint-plugin-jsx-a11y cache-miss
259 http cache https://registry.npmjs.org/@eslint%2fconfig-helpers 8ms (cache hit)
260 silly packumentCache full:https://registry.npmjs.org/@eslint%2fconfig-helpers set size:39934 disposed:false
261 silly fetch manifest @next/eslint-plugin-next@16.1.6
262 silly packumentCache full:https://registry.npmjs.org/@next%2feslint-plugin-next cache-miss
263 http cache https://registry.npmjs.org/json-stable-stringify-without-jsonify 6ms (cache hit)
264 silly packumentCache full:https://registry.npmjs.org/json-stable-stringify-without-jsonify set size:5808 disposed:false
265 silly fetch manifest eslint-plugin-react-hooks@^7.0.0
266 silly packumentCache full:https://registry.npmjs.org/eslint-plugin-react-hooks cache-miss
267 http cache https://registry.npmjs.org/globals 6ms (cache hit)
268 silly packumentCache full:https://registry.npmjs.org/globals set size:304921 disposed:false
269 silly fetch manifest eslint-import-resolver-node@^0.3.6
270 silly packumentCache full:https://registry.npmjs.org/eslint-import-resolver-node cache-miss
271 http cache https://registry.npmjs.org/typescript-eslint 11ms (cache hit)
272 silly packumentCache full:https://registry.npmjs.org/typescript-eslint set size:3593900 disposed:false
273 silly fetch manifest eslint-import-resolver-typescript@^3.5.2
274 silly packumentCache full:https://registry.npmjs.org/eslint-import-resolver-typescript cache-miss
275 http cache https://registry.npmjs.org/eslint-plugin-react 21ms (cache hit)
276 silly packumentCache full:https://registry.npmjs.org/eslint-plugin-react set size:646827 disposed:false
277 silly fetch manifest postcss@8.4.31
278 silly packumentCache full:https://registry.npmjs.org/postcss cache-hit
279 silly fetch manifest @next/env@16.1.6
280 silly packumentCache full:https://registry.npmjs.org/@next%2fenv cache-miss
281 http cache https://registry.npmjs.org/eslint-plugin-import 24ms (cache hit)
282 silly packumentCache full:https://registry.npmjs.org/eslint-plugin-import set size:484928 disposed:false
283 silly fetch manifest styled-jsx@5.1.6
284 silly packumentCache full:https://registry.npmjs.org/styled-jsx cache-miss
285 http cache https://registry.npmjs.org/@next%2feslint-plugin-next 30ms (cache hit)
286 silly packumentCache full:https://registry.npmjs.org/@next%2feslint-plugin-next set size:6486281 disposed:false
287 silly fetch manifest @swc/helpers@0.5.15
288 silly packumentCache full:https://registry.npmjs.org/@swc%2fhelpers cache-miss
289 http cache https://registry.npmjs.org/eslint-plugin-jsx-a11y 53ms (cache hit)
290 silly packumentCache full:https://registry.npmjs.org/eslint-plugin-jsx-a11y set size:280052 disposed:false
291 silly fetch manifest caniuse-lite@^1.0.30001579
292 silly packumentCache full:https://registry.npmjs.org/caniuse-lite cache-miss
293 http cache https://registry.npmjs.org/eslint-plugin-react-hooks 61ms (cache hit)
294 silly packumentCache full:https://registry.npmjs.org/eslint-plugin-react-hooks set size:7169509 disposed:false
295 silly fetch manifest baseline-browser-mapping@^2.8.3
296 silly packumentCache full:https://registry.npmjs.org/baseline-browser-mapping cache-miss
297 http cache https://registry.npmjs.org/eslint-import-resolver-node 75ms (cache hit)
298 silly packumentCache full:https://registry.npmjs.org/eslint-import-resolver-node set size:35202 disposed:false
299 silly fetch manifest sharp@^0.34.4
300 silly packumentCache full:https://registry.npmjs.org/sharp cache-miss
301 http cache https://registry.npmjs.org/styled-jsx 53ms (cache hit)
302 silly packumentCache full:https://registry.npmjs.org/styled-jsx set size:436113 disposed:false
303 silly fetch manifest @next/swc-darwin-x64@16.1.6
304 silly packumentCache full:https://registry.npmjs.org/@next%2fswc-darwin-x64 cache-miss
305 http cache https://registry.npmjs.org/eslint-import-resolver-typescript 63ms (cache hit)
306 silly packumentCache full:https://registry.npmjs.org/eslint-import-resolver-typescript set size:334387 disposed:false
307 silly fetch manifest @next/swc-darwin-arm64@16.1.6
308 silly packumentCache full:https://registry.npmjs.org/@next%2fswc-darwin-arm64 cache-miss
309 http cache https://registry.npmjs.org/@next%2fenv 66ms (cache hit)
310 silly packumentCache full:https://registry.npmjs.org/@next%2fenv set size:6945220 disposed:false
311 silly fetch manifest @next/swc-linux-x64-gnu@16.1.6
312 silly packumentCache full:https://registry.npmjs.org/@next%2fswc-linux-x64-gnu cache-miss
313 http cache https://registry.npmjs.org/@swc%2fhelpers 60ms (cache hit)
314 silly packumentCache full:https://registry.npmjs.org/@swc%2fhelpers set size:655395 disposed:false
315 silly fetch manifest @next/swc-linux-x64-musl@16.1.6
316 silly packumentCache full:https://registry.npmjs.org/@next%2fswc-linux-x64-musl cache-miss
317 http cache https://registry.npmjs.org/caniuse-lite 57ms (cache hit)
318 silly packumentCache full:https://registry.npmjs.org/caniuse-lite set size:2256678 disposed:false
319 silly fetch manifest @next/swc-win32-x64-msvc@16.1.6
320 silly packumentCache full:https://registry.npmjs.org/@next%2fswc-win32-x64-msvc cache-miss
321 http cache https://registry.npmjs.org/sharp 48ms (cache hit)
322 silly packumentCache full:https://registry.npmjs.org/sharp set size:1034463 disposed:false
323 silly fetch manifest @next/swc-linux-arm64-gnu@16.1.6
324 silly packumentCache full:https://registry.npmjs.org/@next%2fswc-linux-arm64-gnu cache-miss
325 http cache https://registry.npmjs.org/baseline-browser-mapping 55ms (cache hit)
326 silly packumentCache full:https://registry.npmjs.org/baseline-browser-mapping set size:393828 disposed:false
327 silly fetch manifest @next/swc-linux-arm64-musl@16.1.6
328 silly packumentCache full:https://registry.npmjs.org/@next%2fswc-linux-arm64-musl cache-miss
329 http cache https://registry.npmjs.org/@next%2fswc-darwin-arm64 54ms (cache hit)
330 silly packumentCache full:https://registry.npmjs.org/@next%2fswc-darwin-arm64 set size:5000588 disposed:false
331 silly fetch manifest @next/swc-win32-arm64-msvc@16.1.6
332 silly packumentCache full:https://registry.npmjs.org/@next%2fswc-win32-arm64-msvc cache-miss
333 http cache https://registry.npmjs.org/@next%2fswc-darwin-x64 72ms (cache hit)
334 silly packumentCache full:https://registry.npmjs.org/@next%2fswc-darwin-x64 set size:4946228 disposed:false
335 silly fetch manifest scheduler@^0.27.0
336 silly packumentCache full:https://registry.npmjs.org/scheduler cache-miss
337 http cache https://registry.npmjs.org/@next%2fswc-win32-x64-msvc 52ms (cache hit)
338 silly packumentCache full:https://registry.npmjs.org/@next%2fswc-win32-x64-msvc set size:5019775 disposed:false
339 http cache https://registry.npmjs.org/@next%2fswc-linux-x64-gnu 79ms (cache hit)
340 silly packumentCache full:https://registry.npmjs.org/@next%2fswc-linux-x64-gnu set size:5046436 disposed:false
341 http cache https://registry.npmjs.org/@next%2fswc-linux-x64-musl 94ms (cache hit)
342 silly packumentCache full:https://registry.npmjs.org/@next%2fswc-linux-x64-musl set size:4802875 disposed:false
343 http cache https://registry.npmjs.org/@next%2fswc-win32-arm64-msvc 76ms (cache hit)
344 silly packumentCache full:https://registry.npmjs.org/@next%2fswc-win32-arm64-msvc set size:4831554 disposed:false
345 http cache https://registry.npmjs.org/@next%2fswc-linux-arm64-gnu 114ms (cache hit)
346 silly packumentCache full:https://registry.npmjs.org/@next%2fswc-linux-arm64-gnu set size:4848483 disposed:false
347 http cache https://registry.npmjs.org/@next%2fswc-linux-arm64-musl 130ms (cache hit)
348 silly packumentCache full:https://registry.npmjs.org/@next%2fswc-linux-arm64-musl set size:4865327 disposed:false
349 http cache https://registry.npmjs.org/scheduler 121ms (cache hit)
350 silly packumentCache full:https://registry.npmjs.org/scheduler set size:5403080 disposed:false
351 silly placeDep ROOT @alloc/quick-lru@5.2.0 OK for: @tailwindcss/postcss@4.2.0 want: ^5.2.0
352 silly placeDep ROOT @tailwindcss/node@4.2.0 OK for: @tailwindcss/postcss@4.2.0 want: 4.2.0
353 silly placeDep ROOT @tailwindcss/oxide@4.2.0 OK for: @tailwindcss/postcss@4.2.0 want: 4.2.0
354 silly placeDep ROOT postcss@8.5.6 OK for: @tailwindcss/postcss@4.2.0 want: ^8.5.6
355 silly fetch manifest jiti@^2.6.1
356 silly packumentCache full:https://registry.npmjs.org/jiti cache-hit
357 silly fetch manifest lightningcss@1.31.1
358 silly packumentCache full:https://registry.npmjs.org/lightningcss cache-miss
359 silly fetch manifest magic-string@^0.30.21
360 silly packumentCache full:https://registry.npmjs.org/magic-string cache-miss
361 silly fetch manifest source-map-js@^1.2.1
362 silly packumentCache full:https://registry.npmjs.org/source-map-js cache-miss
363 silly fetch manifest enhanced-resolve@^5.19.0
364 silly packumentCache full:https://registry.npmjs.org/enhanced-resolve cache-miss
365 silly fetch manifest @jridgewell/remapping@^2.3.5
366 silly packumentCache full:https://registry.npmjs.org/@jridgewell%2fremapping cache-miss
367 silly fetch manifest @tailwindcss/oxide-darwin-x64@4.2.0
368 silly packumentCache full:https://registry.npmjs.org/@tailwindcss%2foxide-darwin-x64 cache-miss
369 silly fetch manifest @tailwindcss/oxide-freebsd-x64@4.2.0
370 silly packumentCache full:https://registry.npmjs.org/@tailwindcss%2foxide-freebsd-x64 cache-miss
371 http cache https://registry.npmjs.org/enhanced-resolve 5ms (cache hit)
372 silly packumentCache full:https://registry.npmjs.org/enhanced-resolve set size:349613 disposed:false
373 silly fetch manifest @tailwindcss/oxide-wasm32-wasi@4.2.0
374 silly packumentCache full:https://registry.npmjs.org/@tailwindcss%2foxide-wasm32-wasi cache-miss
375 http cache https://registry.npmjs.org/lightningcss 7ms (cache hit)
376 silly packumentCache full:https://registry.npmjs.org/lightningcss set size:182441 disposed:false
377 silly fetch manifest @tailwindcss/oxide-darwin-arm64@4.2.0
378 silly packumentCache full:https://registry.npmjs.org/@tailwindcss%2foxide-darwin-arm64 cache-miss
379 http cache https://registry.npmjs.org/magic-string 9ms (cache hit)
380 silly packumentCache full:https://registry.npmjs.org/magic-string set size:331817 disposed:false
381 silly fetch manifest @tailwindcss/oxide-android-arm64@4.2.0
382 silly packumentCache full:https://registry.npmjs.org/@tailwindcss%2foxide-android-arm64 cache-miss
383 http cache https://registry.npmjs.org/@tailwindcss%2foxide-freebsd-x64 11ms (cache hit)
384 silly packumentCache full:https://registry.npmjs.org/@tailwindcss%2foxide-freebsd-x64 set size:2575035 disposed:false
385 silly fetch manifest @tailwindcss/oxide-linux-x64-gnu@4.2.0
386 silly packumentCache full:https://registry.npmjs.org/@tailwindcss%2foxide-linux-x64-gnu cache-miss
387 http cache https://registry.npmjs.org/source-map-js 18ms (cache hit)
388 silly packumentCache full:https://registry.npmjs.org/source-map-js set size:62640 disposed:false
389 silly fetch manifest @tailwindcss/oxide-linux-x64-musl@4.2.0
390 silly packumentCache full:https://registry.npmjs.org/@tailwindcss%2foxide-linux-x64-musl cache-miss
391 http cache https://registry.npmjs.org/@tailwindcss%2foxide-darwin-x64 20ms (cache hit)
392 silly packumentCache full:https://registry.npmjs.org/@tailwindcss%2foxide-darwin-x64 set size:2562229 disposed:false
393 silly fetch manifest @tailwindcss/oxide-win32-x64-msvc@4.2.0
394 silly packumentCache full:https://registry.npmjs.org/@tailwindcss%2foxide-win32-x64-msvc cache-miss
395 http cache https://registry.npmjs.org/@jridgewell%2fremapping 26ms (cache hit)
396 silly packumentCache full:https://registry.npmjs.org/@jridgewell%2fremapping set size:23809 disposed:false
397 silly fetch manifest @tailwindcss/oxide-linux-arm64-gnu@4.2.0
398 silly packumentCache full:https://registry.npmjs.org/@tailwindcss%2foxide-linux-arm64-gnu cache-miss
399 http cache https://registry.npmjs.org/@tailwindcss%2foxide-wasm32-wasi 25ms (cache hit)
400 silly packumentCache full:https://registry.npmjs.org/@tailwindcss%2foxide-wasm32-wasi set size:1117227 disposed:false
401 silly fetch manifest @tailwindcss/oxide-linux-arm64-musl@4.2.0
402 silly packumentCache full:https://registry.npmjs.org/@tailwindcss%2foxide-linux-arm64-musl cache-miss
403 http cache https://registry.npmjs.org/@tailwindcss%2foxide-darwin-arm64 33ms (cache hit)
404 silly packumentCache full:https://registry.npmjs.org/@tailwindcss%2foxide-darwin-arm64 set size:2594459 disposed:false
405 silly fetch manifest @tailwindcss/oxide-win32-arm64-msvc@4.2.0
406 silly packumentCache full:https://registry.npmjs.org/@tailwindcss%2foxide-win32-arm64-msvc cache-miss
407 http cache https://registry.npmjs.org/@tailwindcss%2foxide-android-arm64 40ms (cache hit)
408 silly packumentCache full:https://registry.npmjs.org/@tailwindcss%2foxide-android-arm64 set size:1733467 disposed:false
409 silly fetch manifest @tailwindcss/oxide-linux-arm-gnueabihf@4.2.0
410 silly packumentCache full:https://registry.npmjs.org/@tailwindcss%2foxide-linux-arm-gnueabihf cache-miss
411 http cache https://registry.npmjs.org/@tailwindcss%2foxide-win32-x64-msvc 29ms (cache hit)
412 silly packumentCache full:https://registry.npmjs.org/@tailwindcss%2foxide-win32-x64-msvc set size:2597937 disposed:false
413 silly fetch manifest nanoid@^3.3.11
414 silly packumentCache full:https://registry.npmjs.org/nanoid cache-miss
415 http cache https://registry.npmjs.org/@tailwindcss%2foxide-linux-x64-gnu 47ms (cache hit)
416 silly packumentCache full:https://registry.npmjs.org/@tailwindcss%2foxide-linux-x64-gnu set size:2614825 disposed:false
417 silly fetch manifest picocolors@^1.1.1
418 silly packumentCache full:https://registry.npmjs.org/picocolors cache-miss
419 http cache https://registry.npmjs.org/@tailwindcss%2foxide-linux-x64-musl 54ms (cache hit)
420 silly packumentCache full:https://registry.npmjs.org/@tailwindcss%2foxide-linux-x64-musl set size:2622403 disposed:false
421 http cache https://registry.npmjs.org/@tailwindcss%2foxide-linux-arm64-gnu 53ms (cache hit)
422 silly packumentCache full:https://registry.npmjs.org/@tailwindcss%2foxide-linux-arm64-gnu set size:2638153 disposed:false
423 http cache https://registry.npmjs.org/nanoid 27ms (cache hit)
424 silly packumentCache full:https://registry.npmjs.org/nanoid set size:298419 disposed:false
425 http cache https://registry.npmjs.org/@tailwindcss%2foxide-linux-arm-gnueabihf 42ms (cache hit)
426 silly packumentCache full:https://registry.npmjs.org/@tailwindcss%2foxide-linux-arm-gnueabihf set size:2660363 disposed:false
427 http cache https://registry.npmjs.org/picocolors 30ms (cache hit)
428 silly packumentCache full:https://registry.npmjs.org/picocolors set size:16648 disposed:false
429 http cache https://registry.npmjs.org/@tailwindcss%2foxide-linux-arm64-musl 64ms (cache hit)
430 silly packumentCache full:https://registry.npmjs.org/@tailwindcss%2foxide-linux-arm64-musl set size:2647987 disposed:false
431 http cache https://registry.npmjs.org/@tailwindcss%2foxide-win32-arm64-msvc 107ms (cache hit)
432 silly packumentCache full:https://registry.npmjs.org/@tailwindcss%2foxide-win32-arm64-msvc set size:1705779 disposed:false
433 silly placeDep ROOT @jridgewell/remapping@2.3.5 OK for: @tailwindcss/node@4.2.0 want: ^2.3.5
434 silly placeDep ROOT enhanced-resolve@5.19.0 OK for: @tailwindcss/node@4.2.0 want: ^5.19.0
435 silly placeDep ROOT jiti@2.6.1 OK for: @tailwindcss/node@4.2.0 want: ^2.6.1
436 silly placeDep ROOT lightningcss@1.31.1 OK for: @tailwindcss/node@4.2.0 want: 1.31.1
437 silly placeDep ROOT magic-string@0.30.21 OK for: @tailwindcss/node@4.2.0 want: ^0.30.21
438 silly placeDep ROOT source-map-js@1.2.1 OK for: @tailwindcss/node@4.2.0 want: ^1.2.1
439 silly fetch manifest @jridgewell/gen-mapping@^0.3.5
440 silly packumentCache full:https://registry.npmjs.org/@jridgewell%2fgen-mapping cache-miss
441 silly fetch manifest @jridgewell/trace-mapping@^0.3.24
442 silly packumentCache full:https://registry.npmjs.org/@jridgewell%2ftrace-mapping cache-miss
443 silly fetch manifest graceful-fs@^4.2.4
444 silly packumentCache full:https://registry.npmjs.org/graceful-fs cache-miss
445 silly fetch manifest tapable@^2.3.0
446 silly packumentCache full:https://registry.npmjs.org/tapable cache-miss
447 silly fetch manifest detect-libc@^2.0.3
448 silly packumentCache full:https://registry.npmjs.org/detect-libc cache-miss
449 silly fetch manifest lightningcss-darwin-x64@1.31.1
450 silly packumentCache full:https://registry.npmjs.org/lightningcss-darwin-x64 cache-miss
451 silly fetch manifest lightningcss-linux-x64-gnu@1.31.1
452 silly packumentCache full:https://registry.npmjs.org/lightningcss-linux-x64-gnu cache-miss
453 http cache https://registry.npmjs.org/detect-libc 12ms (cache hit)
454 silly packumentCache full:https://registry.npmjs.org/detect-libc set size:47861 disposed:false
455 silly fetch manifest lightningcss-win32-x64-msvc@1.31.1
456 silly packumentCache full:https://registry.npmjs.org/lightningcss-win32-x64-msvc cache-miss
457 http cache https://registry.npmjs.org/@jridgewell%2ftrace-mapping 19ms (cache hit)
458 silly packumentCache full:https://registry.npmjs.org/@jridgewell%2ftrace-mapping set size:170909 disposed:false
459 silly fetch manifest lightningcss-win32-arm64-msvc@1.31.1
460 silly packumentCache full:https://registry.npmjs.org/lightningcss-win32-arm64-msvc cache-miss
461 http cache https://registry.npmjs.org/tapable 26ms (cache hit)
462 silly packumentCache full:https://registry.npmjs.org/tapable set size:110375 disposed:false
463 silly fetch manifest lightningcss-darwin-arm64@1.31.1
464 silly packumentCache full:https://registry.npmjs.org/lightningcss-darwin-arm64 cache-miss
465 http cache https://registry.npmjs.org/graceful-fs 26ms (cache hit)
466 silly packumentCache full:https://registry.npmjs.org/graceful-fs set size:124285 disposed:false
467 silly fetch manifest lightningcss-linux-arm64-gnu@1.31.1
468 silly packumentCache full:https://registry.npmjs.org/lightningcss-linux-arm64-gnu cache-miss
469 http cache https://registry.npmjs.org/@jridgewell%2fgen-mapping 29ms (cache hit)
470 silly packumentCache full:https://registry.npmjs.org/@jridgewell%2fgen-mapping set size:80719 disposed:false
471 silly fetch manifest lightningcss-linux-arm-gnueabihf@1.31.1
472 silly packumentCache full:https://registry.npmjs.org/lightningcss-linux-arm-gnueabihf cache-miss
473 http cache https://registry.npmjs.org/lightningcss-linux-x64-gnu 20ms (cache hit)
474 silly packumentCache full:https://registry.npmjs.org/lightningcss-linux-x64-gnu set size:78391 disposed:false
475 silly fetch manifest lightningcss-linux-arm64-musl@1.31.1
476 silly packumentCache full:https://registry.npmjs.org/lightningcss-linux-arm64-musl cache-miss
477 http cache https://registry.npmjs.org/lightningcss-darwin-x64 24ms (cache hit)
478 silly packumentCache full:https://registry.npmjs.org/lightningcss-darwin-x64 set size:77015 disposed:false
479 silly fetch manifest lightningcss-linux-x64-musl@1.31.1
480 silly packumentCache full:https://registry.npmjs.org/lightningcss-linux-x64-musl cache-miss
481 http cache https://registry.npmjs.org/lightningcss-win32-arm64-msvc 6ms (cache hit)
482 silly packumentCache full:https://registry.npmjs.org/lightningcss-win32-arm64-msvc set size:24914 disposed:false
483 silly fetch manifest lightningcss-freebsd-x64@1.31.1
484 silly packumentCache full:https://registry.npmjs.org/lightningcss-freebsd-x64 cache-miss
485 http cache https://registry.npmjs.org/lightningcss-linux-arm-gnueabihf 3ms (cache hit)
486 silly packumentCache full:https://registry.npmjs.org/lightningcss-linux-arm-gnueabihf set size:79171 disposed:false
487 silly fetch manifest lightningcss-android-arm64@1.31.1
488 silly packumentCache full:https://registry.npmjs.org/lightningcss-android-arm64 cache-miss
489 http cache https://registry.npmjs.org/lightningcss-linux-arm64-gnu 5ms (cache hit)
490 silly packumentCache full:https://registry.npmjs.org/lightningcss-linux-arm64-gnu set size:78941 disposed:false
491 silly fetch manifest @jridgewell/sourcemap-codec@^1.5.5
492 silly packumentCache full:https://registry.npmjs.org/@jridgewell%2fsourcemap-codec cache-miss
493 http cache https://registry.npmjs.org/lightningcss-win32-x64-msvc 13ms (cache hit)
494 silly packumentCache full:https://registry.npmjs.org/lightningcss-win32-x64-msvc set size:77943 disposed:false
495 http cache https://registry.npmjs.org/lightningcss-darwin-arm64 7ms (cache hit)
496 silly packumentCache full:https://registry.npmjs.org/lightningcss-darwin-arm64 set size:77583 disposed:false
497 http cache https://registry.npmjs.org/lightningcss-linux-arm64-musl 5ms (cache hit)
498 silly packumentCache full:https://registry.npmjs.org/lightningcss-linux-arm64-musl set size:79156 disposed:false
499 http cache https://registry.npmjs.org/lightningcss-linux-x64-musl 4ms (cache hit)
500 silly packumentCache full:https://registry.npmjs.org/lightningcss-linux-x64-musl set size:78594 disposed:false
501 http cache https://registry.npmjs.org/@jridgewell%2fsourcemap-codec 3ms (cache hit)
502 silly packumentCache full:https://registry.npmjs.org/@jridgewell%2fsourcemap-codec set size:59275 disposed:false
503 http cache https://registry.npmjs.org/lightningcss-android-arm64 4ms (cache hit)
504 silly packumentCache full:https://registry.npmjs.org/lightningcss-android-arm64 set size:5971 disposed:false
505 http cache https://registry.npmjs.org/lightningcss-freebsd-x64 5ms (cache hit)
506 silly packumentCache full:https://registry.npmjs.org/lightningcss-freebsd-x64 set size:41190 disposed:false
507 silly placeDep ROOT @jridgewell/gen-mapping@0.3.13 OK for: @jridgewell/remapping@2.3.5 want: ^0.3.5
508 silly placeDep ROOT @jridgewell/trace-mapping@0.3.31 OK for: @jridgewell/remapping@2.3.5 want: ^0.3.24
509 silly fetch manifest @jridgewell/sourcemap-codec@^1.5.0
510 silly packumentCache full:https://registry.npmjs.org/@jridgewell%2fsourcemap-codec cache-hit
511 silly fetch manifest @jridgewell/resolve-uri@^3.1.0
512 silly packumentCache full:https://registry.npmjs.org/@jridgewell%2fresolve-uri cache-miss
513 silly fetch manifest @jridgewell/sourcemap-codec@^1.4.14
514 silly packumentCache full:https://registry.npmjs.org/@jridgewell%2fsourcemap-codec cache-hit
515 http cache https://registry.npmjs.org/@jridgewell%2fresolve-uri 3ms (cache hit)
516 silly packumentCache full:https://registry.npmjs.org/@jridgewell%2fresolve-uri set size:57361 disposed:false
517 silly placeDep ROOT @jridgewell/sourcemap-codec@1.5.5 OK for: @jridgewell/gen-mapping@0.3.13 want: ^1.5.0
518 silly placeDep ROOT @jridgewell/resolve-uri@3.1.2 OK for: @jridgewell/trace-mapping@0.3.31 want: ^3.1.0
519 silly placeDep ROOT @tailwindcss/oxide-android-arm64@4.2.0 OK for: @tailwindcss/oxide@4.2.0 want: 4.2.0
520 silly placeDep ROOT @tailwindcss/oxide-darwin-arm64@4.2.0 OK for: @tailwindcss/oxide@4.2.0 want: 4.2.0
521 silly placeDep ROOT @tailwindcss/oxide-darwin-x64@4.2.0 OK for: @tailwindcss/oxide@4.2.0 want: 4.2.0
522 silly placeDep ROOT @tailwindcss/oxide-freebsd-x64@4.2.0 OK for: @tailwindcss/oxide@4.2.0 want: 4.2.0
523 silly placeDep ROOT @tailwindcss/oxide-linux-arm-gnueabihf@4.2.0 OK for: @tailwindcss/oxide@4.2.0 want: 4.2.0
524 silly placeDep ROOT @tailwindcss/oxide-linux-arm64-gnu@4.2.0 OK for: @tailwindcss/oxide@4.2.0 want: 4.2.0
525 silly placeDep ROOT @tailwindcss/oxide-linux-arm64-musl@4.2.0 OK for: @tailwindcss/oxide@4.2.0 want: 4.2.0
526 silly placeDep ROOT @tailwindcss/oxide-linux-x64-gnu@4.2.0 OK for: @tailwindcss/oxide@4.2.0 want: 4.2.0
527 silly placeDep ROOT @tailwindcss/oxide-linux-x64-musl@4.2.0 OK for: @tailwindcss/oxide@4.2.0 want: 4.2.0
528 silly placeDep ROOT @tailwindcss/oxide-wasm32-wasi@4.2.0 OK for: @tailwindcss/oxide@4.2.0 want: 4.2.0
529 silly placeDep ROOT @tailwindcss/oxide-win32-arm64-msvc@4.2.0 OK for: @tailwindcss/oxide@4.2.0 want: 4.2.0
530 silly placeDep ROOT @tailwindcss/oxide-win32-x64-msvc@4.2.0 OK for: @tailwindcss/oxide@4.2.0 want: 4.2.0
531 silly placeDep ROOT undici-types@6.21.0 OK for: @types/node@20.19.33 want: ~6.21.0
532 silly placeDep ROOT csstype@3.2.3 OK for: @types/react@19.2.14 want: ^3.2.2
533 silly placeDep ROOT graceful-fs@4.2.11 OK for: enhanced-resolve@5.19.0 want: ^4.2.4
534 silly placeDep ROOT tapable@2.3.0 OK for: enhanced-resolve@5.19.0 want: ^2.3.0
535 silly fetch manifest eslint@^6.0.0 || ^7.0.0 || >=8.0.0
536 silly packumentCache full:https://registry.npmjs.org/eslint cache-miss
537 http cache https://registry.npmjs.org/eslint 4ms (cache hit)
538 silly packumentCache full:https://registry.npmjs.org/eslint set size:1942719 disposed:false
539 silly placeDep ROOT @eslint-community/eslint-utils@4.9.1 OK for: eslint@9.39.3 want: ^4.8.0
540 silly placeDep ROOT @eslint-community/regexpp@4.12.2 OK for: eslint@9.39.3 want: ^4.12.1
541 silly placeDep ROOT @eslint/config-array@0.21.1 OK for: eslint@9.39.3 want: ^0.21.1
542 silly placeDep ROOT @eslint/config-helpers@0.4.2 OK for: eslint@9.39.3 want: ^0.4.2
543 silly placeDep ROOT @eslint/core@0.17.0 OK for: eslint@9.39.3 want: ^0.17.0
544 silly placeDep ROOT @eslint/eslintrc@3.3.3 OK for: eslint@9.39.3 want: ^3.3.1
545 silly placeDep ROOT @eslint/js@9.39.3 OK for: eslint@9.39.3 want: 9.39.3
546 silly placeDep ROOT @eslint/plugin-kit@0.4.1 OK for: eslint@9.39.3 want: ^0.4.1
547 silly placeDep ROOT @humanfs/node@0.16.7 OK for: eslint@9.39.3 want: ^0.16.6
548 silly placeDep ROOT @humanwhocodes/module-importer@1.0.1 OK for: eslint@9.39.3 want: ^1.0.1
549 silly placeDep ROOT @humanwhocodes/retry@0.4.3 OK for: eslint@9.39.3 want: ^0.4.2
550 silly placeDep ROOT @types/estree@1.0.8 OK for: eslint@9.39.3 want: ^1.0.6
551 silly placeDep ROOT ajv@6.14.0 OK for: eslint@9.39.3 want: ^6.12.4
552 silly placeDep ROOT chalk@4.1.2 OK for: eslint@9.39.3 want: ^4.0.0
553 silly placeDep ROOT cross-spawn@7.0.6 OK for: eslint@9.39.3 want: ^7.0.6
554 silly placeDep ROOT debug@4.4.3 OK for: eslint@9.39.3 want: ^4.3.2
555 silly placeDep ROOT escape-string-regexp@4.0.0 OK for: eslint@9.39.3 want: ^4.0.0
556 silly placeDep ROOT eslint-scope@8.4.0 OK for: eslint@9.39.3 want: ^8.4.0
557 silly placeDep ROOT eslint-visitor-keys@4.2.1 OK for: eslint@9.39.3 want: ^4.2.1
558 silly placeDep ROOT espree@10.4.0 OK for: eslint@9.39.3 want: ^10.4.0
559 silly placeDep ROOT esquery@1.7.0 OK for: eslint@9.39.3 want: ^1.5.0
560 silly placeDep ROOT esutils@2.0.3 OK for: eslint@9.39.3 want: ^2.0.2
561 silly placeDep ROOT fast-deep-equal@3.1.3 OK for: eslint@9.39.3 want: ^3.1.3
562 silly placeDep ROOT file-entry-cache@8.0.0 OK for: eslint@9.39.3 want: ^8.0.0
563 silly placeDep ROOT find-up@5.0.0 OK for: eslint@9.39.3 want: ^5.0.0
564 silly placeDep ROOT glob-parent@6.0.2 OK for: eslint@9.39.3 want: ^6.0.2
565 silly placeDep ROOT ignore@5.3.2 OK for: eslint@9.39.3 want: ^5.2.0
566 silly placeDep ROOT imurmurhash@0.1.4 OK for: eslint@9.39.3 want: ^0.1.4
567 silly placeDep ROOT is-glob@4.0.3 OK for: eslint@9.39.3 want: ^4.0.0
568 silly placeDep ROOT json-stable-stringify-without-jsonify@1.0.1 OK for: eslint@9.39.3 want: ^1.0.1
569 silly placeDep ROOT lodash.merge@4.6.2 OK for: eslint@9.39.3 want: ^4.6.2
570 silly placeDep ROOT minimatch@3.1.3 OK for: eslint@9.39.3 want: ^3.1.2
571 silly placeDep ROOT natural-compare@1.4.0 OK for: eslint@9.39.3 want: ^1.4.0
572 silly placeDep ROOT optionator@0.9.4 OK for: eslint@9.39.3 want: ^0.9.3
573 silly fetch manifest eslint-visitor-keys@^3.4.3
574 silly packumentCache full:https://registry.npmjs.org/eslint-visitor-keys cache-hit
575 silly fetch manifest debug@^4.3.1
576 silly packumentCache full:https://registry.npmjs.org/debug cache-hit
577 silly fetch manifest @eslint/object-schema@^2.1.7
578 silly packumentCache full:https://registry.npmjs.org/@eslint%2fobject-schema cache-miss
579 silly fetch manifest @types/json-schema@^7.0.15
580 silly packumentCache full:https://registry.npmjs.org/@types%2fjson-schema cache-miss
581 silly fetch manifest espree@^10.0.1
582 silly packumentCache full:https://registry.npmjs.org/espree cache-hit
583 silly fetch manifest globals@^14.0.0
584 silly packumentCache full:https://registry.npmjs.org/globals cache-hit
585 silly fetch manifest import-fresh@^3.2.1
586 silly packumentCache full:https://registry.npmjs.org/import-fresh cache-miss
587 silly fetch manifest js-yaml@^4.1.1
588 silly packumentCache full:https://registry.npmjs.org/js-yaml cache-miss
589 silly fetch manifest strip-json-comments@^3.1.1
590 silly packumentCache full:https://registry.npmjs.org/strip-json-comments cache-miss
591 silly fetch manifest levn@^0.4.1
592 silly packumentCache full:https://registry.npmjs.org/levn cache-miss
593 silly fetch manifest @humanwhocodes/retry@^0.4.0
594 silly packumentCache full:https://registry.npmjs.org/@humanwhocodes%2fretry cache-hit
595 silly fetch manifest @humanfs/core@^0.19.1
596 silly packumentCache full:https://registry.npmjs.org/@humanfs%2fcore cache-miss
597 http cache https://registry.npmjs.org/@eslint%2fobject-schema 5ms (cache hit)
598 silly packumentCache full:https://registry.npmjs.org/@eslint%2fobject-schema set size:29255 disposed:false
599 silly fetch manifest fast-deep-equal@^3.1.1
600 silly packumentCache full:https://registry.npmjs.org/fast-deep-equal cache-hit
601 silly fetch manifest fast-json-stable-stringify@^2.0.0
602 silly packumentCache full:https://registry.npmjs.org/fast-json-stable-stringify cache-miss
603 http cache https://registry.npmjs.org/strip-json-comments 4ms (cache hit)
604 silly packumentCache full:https://registry.npmjs.org/strip-json-comments set size:43569 disposed:false
605 silly fetch manifest json-schema-traverse@^0.4.1
606 silly packumentCache full:https://registry.npmjs.org/json-schema-traverse cache-miss
607 http cache https://registry.npmjs.org/import-fresh 5ms (cache hit)
608 silly packumentCache full:https://registry.npmjs.org/import-fresh set size:21461 disposed:false
609 silly fetch manifest uri-js@^4.2.2
610 silly packumentCache full:https://registry.npmjs.org/uri-js cache-miss
611 http cache https://registry.npmjs.org/@types%2fjson-schema 7ms (cache hit)
612 silly packumentCache full:https://registry.npmjs.org/@types%2fjson-schema set size:44704 disposed:false
613 silly fetch manifest ansi-styles@^4.1.0
614 silly packumentCache full:https://registry.npmjs.org/ansi-styles cache-miss
615 http cache https://registry.npmjs.org/js-yaml 5ms (cache hit)
616 silly packumentCache full:https://registry.npmjs.org/js-yaml set size:152232 disposed:false
617 silly fetch manifest supports-color@^7.1.0
618 silly packumentCache full:https://registry.npmjs.org/supports-color cache-miss
619 http cache https://registry.npmjs.org/@humanfs%2fcore 7ms (cache hit)
620 silly packumentCache full:https://registry.npmjs.org/@humanfs%2fcore set size:35472 disposed:false
621 silly fetch manifest which@^2.0.1
622 silly packumentCache full:https://registry.npmjs.org/which cache-miss
623 http cache https://registry.npmjs.org/levn 7ms (cache hit)
624 silly packumentCache full:https://registry.npmjs.org/levn set size:28223 disposed:false
625 silly fetch manifest path-key@^3.1.0
626 silly packumentCache full:https://registry.npmjs.org/path-key cache-miss
627 http cache https://registry.npmjs.org/json-schema-traverse 6ms (cache hit)
628 silly packumentCache full:https://registry.npmjs.org/json-schema-traverse set size:23537 disposed:false
629 silly fetch manifest shebang-command@^2.0.0
630 silly packumentCache full:https://registry.npmjs.org/shebang-command cache-miss
631 http cache https://registry.npmjs.org/ansi-styles 7ms (cache hit)
632 silly packumentCache full:https://registry.npmjs.org/ansi-styles set size:63233 disposed:false
633 silly fetch manifest ms@^2.1.3
634 silly packumentCache full:https://registry.npmjs.org/ms cache-miss
635 http cache https://registry.npmjs.org/fast-json-stable-stringify 9ms (cache hit)
636 silly packumentCache full:https://registry.npmjs.org/fast-json-stable-stringify set size:11337 disposed:false
637 silly fetch manifest esrecurse@^4.3.0
638 silly packumentCache full:https://registry.npmjs.org/esrecurse cache-miss
639 http cache https://registry.npmjs.org/uri-js 8ms (cache hit)
640 silly packumentCache full:https://registry.npmjs.org/uri-js set size:42559 disposed:false
641 silly fetch manifest estraverse@^5.2.0
642 silly packumentCache full:https://registry.npmjs.org/estraverse cache-miss
643 http cache https://registry.npmjs.org/supports-color 8ms (cache hit)
644 silly packumentCache full:https://registry.npmjs.org/supports-color set size:118680 disposed:false
645 silly fetch manifest acorn@^8.15.0
646 silly packumentCache full:https://registry.npmjs.org/acorn cache-miss
647 http cache https://registry.npmjs.org/which 7ms (cache hit)
648 silly packumentCache full:https://registry.npmjs.org/which set size:67805 disposed:false
649 silly fetch manifest acorn-jsx@^5.3.2
650 silly packumentCache full:https://registry.npmjs.org/acorn-jsx cache-miss
651 http cache https://registry.npmjs.org/path-key 7ms (cache hit)
652 silly packumentCache full:https://registry.npmjs.org/path-key set size:16975 disposed:false
653 silly fetch manifest estraverse@^5.1.0
654 silly packumentCache full:https://registry.npmjs.org/estraverse cache-miss
655 http cache https://registry.npmjs.org/shebang-command 6ms (cache hit)
656 silly packumentCache full:https://registry.npmjs.org/shebang-command set size:8525 disposed:false
657 silly fetch manifest flat-cache@^4.0.0
658 silly packumentCache full:https://registry.npmjs.org/flat-cache cache-miss
659 http cache https://registry.npmjs.org/esrecurse 5ms (cache hit)
660 silly packumentCache full:https://registry.npmjs.org/esrecurse set size:29005 disposed:false
661 silly fetch manifest locate-path@^6.0.0
662 silly packumentCache full:https://registry.npmjs.org/locate-path cache-miss
663 http cache https://registry.npmjs.org/ms 5ms (cache hit)
664 silly packumentCache full:https://registry.npmjs.org/ms set size:92208 disposed:false
665 silly fetch manifest path-exists@^4.0.0
666 silly packumentCache full:https://registry.npmjs.org/path-exists cache-miss
667 http cache https://registry.npmjs.org/estraverse 6ms (cache hit)
668 silly packumentCache full:https://registry.npmjs.org/estraverse set size:62412 disposed:false
669 silly fetch manifest is-glob@^4.0.3
670 silly packumentCache full:https://registry.npmjs.org/is-glob cache-hit
671 silly fetch manifest is-extglob@^2.1.1
672 silly packumentCache full:https://registry.npmjs.org/is-extglob cache-miss
673 http cache https://registry.npmjs.org/acorn-jsx 4ms (cache hit)
674 silly packumentCache full:https://registry.npmjs.org/acorn-jsx set size:71068 disposed:false
675 silly fetch manifest brace-expansion@^1.1.7
676 silly packumentCache full:https://registry.npmjs.org/brace-expansion cache-miss
677 http cache https://registry.npmjs.org/acorn 6ms (cache hit)
678 silly packumentCache full:https://registry.npmjs.org/acorn set size:379626 disposed:false
679 silly fetch manifest prelude-ls@^1.2.1
680 silly packumentCache full:https://registry.npmjs.org/prelude-ls cache-miss
681 http cache https://registry.npmjs.org/estraverse 6ms (cache hit)
682 silly packumentCache full:https://registry.npmjs.org/estraverse set size:62412 disposed:false
683 silly packumentCache full:https://registry.npmjs.org/estraverse dispose
684 silly fetch manifest deep-is@^0.1.3
685 silly packumentCache full:https://registry.npmjs.org/deep-is cache-miss
686 http cache https://registry.npmjs.org/flat-cache 8ms (cache hit)
687 silly packumentCache full:https://registry.npmjs.org/flat-cache set size:164041 disposed:false
688 silly fetch manifest word-wrap@^1.2.5
689 silly packumentCache full:https://registry.npmjs.org/word-wrap cache-miss
690 http cache https://registry.npmjs.org/locate-path 8ms (cache hit)
691 silly packumentCache full:https://registry.npmjs.org/locate-path set size:31329 disposed:false
692 silly fetch manifest type-check@^0.4.0
693 silly packumentCache full:https://registry.npmjs.org/type-check cache-miss
694 http cache https://registry.npmjs.org/is-extglob 7ms (cache hit)
695 silly packumentCache full:https://registry.npmjs.org/is-extglob set size:11766 disposed:false
696 silly fetch manifest fast-levenshtein@^2.0.6
697 silly packumentCache full:https://registry.npmjs.org/fast-levenshtein cache-miss
698 http cache https://registry.npmjs.org/prelude-ls 5ms (cache hit)
699 silly packumentCache full:https://registry.npmjs.org/prelude-ls set size:25777 disposed:false
700 http cache https://registry.npmjs.org/path-exists 8ms (cache hit)
701 silly packumentCache full:https://registry.npmjs.org/path-exists set size:13704 disposed:false
702 http cache https://registry.npmjs.org/brace-expansion 7ms (cache hit)
703 silly packumentCache full:https://registry.npmjs.org/brace-expansion set size:51042 disposed:false
704 http cache https://registry.npmjs.org/deep-is 6ms (cache hit)
705 silly packumentCache full:https://registry.npmjs.org/deep-is set size:10205 disposed:false
706 http cache https://registry.npmjs.org/word-wrap 4ms (cache hit)
707 silly packumentCache full:https://registry.npmjs.org/word-wrap set size:37835 disposed:false
708 http cache https://registry.npmjs.org/type-check 4ms (cache hit)
709 silly packumentCache full:https://registry.npmjs.org/type-check set size:21221 disposed:false
710 http cache https://registry.npmjs.org/fast-levenshtein 4ms (cache hit)
711 silly packumentCache full:https://registry.npmjs.org/fast-levenshtein set size:39317 disposed:false
712 silly placeDep node_modules/@eslint-community/eslint-utils eslint-visitor-keys@3.4.3 OK for: @eslint-community/eslint-utils@4.9.1 want: ^3.4.3
713 silly placeDep ROOT @eslint/object-schema@2.1.7 OK for: @eslint/config-array@0.21.1 want: ^2.1.7
714 silly placeDep ROOT @types/json-schema@7.0.15 OK for: @eslint/core@0.17.0 want: ^7.0.15
715 silly placeDep ROOT globals@14.0.0 OK for: @eslint/eslintrc@3.3.3 want: ^14.0.0
716 silly placeDep ROOT import-fresh@3.3.1 OK for: @eslint/eslintrc@3.3.3 want: ^3.2.1
717 silly placeDep ROOT js-yaml@4.1.1 OK for: @eslint/eslintrc@3.3.3 want: ^4.1.1
718 silly placeDep ROOT strip-json-comments@3.1.1 OK for: @eslint/eslintrc@3.3.3 want: ^3.1.1
719 silly fetch manifest parent-module@^1.0.0
720 silly packumentCache full:https://registry.npmjs.org/parent-module cache-miss
721 silly fetch manifest resolve-from@^4.0.0
722 silly packumentCache full:https://registry.npmjs.org/resolve-from cache-miss
723 silly fetch manifest argparse@^2.0.1
724 silly packumentCache full:https://registry.npmjs.org/argparse cache-miss
725 http cache https://registry.npmjs.org/parent-module 2ms (cache hit)
726 silly packumentCache full:https://registry.npmjs.org/parent-module set size:18255 disposed:false
727 http cache https://registry.npmjs.org/resolve-from 1ms (cache hit)
728 silly packumentCache full:https://registry.npmjs.org/resolve-from set size:12911 disposed:false
729 http cache https://registry.npmjs.org/argparse 2ms (cache hit)
730 silly packumentCache full:https://registry.npmjs.org/argparse set size:49266 disposed:false
731 silly placeDep ROOT levn@0.4.1 OK for: @eslint/plugin-kit@0.4.1 want: ^0.4.1
732 silly fetch manifest type-check@~0.4.0
733 silly packumentCache full:https://registry.npmjs.org/type-check cache-hit
734 silly placeDep ROOT @humanfs/core@0.19.1 OK for: @humanfs/node@0.16.7 want: ^0.19.1
735 silly placeDep ROOT fast-json-stable-stringify@2.1.0 OK for: ajv@6.14.0 want: ^2.0.0
736 silly placeDep ROOT json-schema-traverse@0.4.1 OK for: ajv@6.14.0 want: ^0.4.1
737 silly placeDep ROOT uri-js@4.4.1 OK for: ajv@6.14.0 want: ^4.2.2
738 silly fetch manifest punycode@^2.1.0
739 silly packumentCache full:https://registry.npmjs.org/punycode cache-miss
740 http cache https://registry.npmjs.org/punycode 1ms (cache hit)
741 silly packumentCache full:https://registry.npmjs.org/punycode set size:61302 disposed:false
742 silly placeDep ROOT ansi-styles@4.3.0 OK for: chalk@4.1.2 want: ^4.1.0
743 silly placeDep ROOT supports-color@7.2.0 OK for: chalk@4.1.2 want: ^7.1.0
744 silly fetch manifest color-convert@^2.0.1
745 silly packumentCache full:https://registry.npmjs.org/color-convert cache-miss
746 silly fetch manifest has-flag@^4.0.0
747 silly packumentCache full:https://registry.npmjs.org/has-flag cache-miss
748 http cache https://registry.npmjs.org/has-flag 2ms (cache hit)
749 silly packumentCache full:https://registry.npmjs.org/has-flag set size:15180 disposed:false
750 http cache https://registry.npmjs.org/color-convert 2ms (cache hit)
751 silly packumentCache full:https://registry.npmjs.org/color-convert set size:72663 disposed:false
752 silly placeDep ROOT color-convert@2.0.1 OK for: ansi-styles@4.3.0 want: ^2.0.1
753 silly fetch manifest color-name@~1.1.4
754 silly packumentCache full:https://registry.npmjs.org/color-name cache-miss
755 http cache https://registry.npmjs.org/color-name 4ms (cache hit)
756 silly packumentCache full:https://registry.npmjs.org/color-name set size:19467 disposed:false
757 silly placeDep ROOT color-name@1.1.4 OK for: color-convert@2.0.1 want: ~1.1.4
758 silly placeDep ROOT path-key@3.1.1 OK for: cross-spawn@7.0.6 want: ^3.1.0
759 silly placeDep ROOT shebang-command@2.0.0 OK for: cross-spawn@7.0.6 want: ^2.0.0
760 silly placeDep ROOT which@2.0.2 OK for: cross-spawn@7.0.6 want: ^2.0.1
761 silly fetch manifest shebang-regex@^3.0.0
762 silly packumentCache full:https://registry.npmjs.org/shebang-regex cache-miss
763 silly fetch manifest isexe@^2.0.0
764 silly packumentCache full:https://registry.npmjs.org/isexe cache-miss
765 http cache https://registry.npmjs.org/isexe 1ms (cache hit)
766 silly packumentCache full:https://registry.npmjs.org/isexe set size:31756 disposed:false
767 http cache https://registry.npmjs.org/shebang-regex 3ms (cache hit)
768 silly packumentCache full:https://registry.npmjs.org/shebang-regex set size:9763 disposed:false
769 silly placeDep ROOT ms@2.1.3 OK for: debug@4.4.3 want: ^2.1.3
770 silly fetch manifest eslint@>=9.0.0
771 silly packumentCache full:https://registry.npmjs.org/eslint cache-miss
772 http cache https://registry.npmjs.org/eslint 3ms (cache hit)
773 silly packumentCache full:https://registry.npmjs.org/eslint set size:1942719 disposed:false
774 silly fetch manifest typescript@>=3.3.1
775 silly packumentCache full:https://registry.npmjs.org/typescript cache-miss
776 http cache https://registry.npmjs.org/typescript 14ms (cache hit)
777 silly packumentCache full:https://registry.npmjs.org/typescript set size:15276399 disposed:false
778 silly fetch manifest eslint@^3 || ^4 || ^5 || ^6 || ^7 || ^8 || ^9.7
779 silly packumentCache full:https://registry.npmjs.org/eslint cache-miss
780 http cache https://registry.npmjs.org/eslint 10ms (cache hit)
781 silly packumentCache full:https://registry.npmjs.org/eslint set size:1942719 disposed:false
782 silly fetch manifest eslint@^2 || ^3 || ^4 || ^5 || ^6 || ^7.2.0 || ^8 || ^9
783 silly packumentCache full:https://registry.npmjs.org/eslint cache-miss
784 http cache https://registry.npmjs.org/eslint 4ms (cache hit)
785 silly packumentCache full:https://registry.npmjs.org/eslint set size:1942719 disposed:false
786 silly fetch manifest eslint@^3 || ^4 || ^5 || ^6 || ^7 || ^8 || ^9
787 silly packumentCache full:https://registry.npmjs.org/eslint cache-miss
788 http cache https://registry.npmjs.org/eslint 3ms (cache hit)
789 silly packumentCache full:https://registry.npmjs.org/eslint set size:1942719 disposed:false
790 silly fetch manifest eslint@^3.0.0 || ^4.0.0 || ^5.0.0 || ^6.0.0 || ^7.0.0 || ^8.0.0-0 || ^9.0.0
791 silly packumentCache full:https://registry.npmjs.org/eslint cache-miss
792 http cache https://registry.npmjs.org/eslint 3ms (cache hit)
793 silly packumentCache full:https://registry.npmjs.org/eslint set size:1942719 disposed:false
794 silly fetch manifest eslint-plugin-import-x@*
795 silly packumentCache full:https://registry.npmjs.org/eslint-plugin-import-x cache-miss
796 http cache https://registry.npmjs.org/eslint-plugin-import-x 2ms (cache hit)
797 silly packumentCache full:https://registry.npmjs.org/eslint-plugin-import-x set size:270464 disposed:false
798 silly fetch manifest @typescript-eslint/utils@^8.0.0
799 silly packumentCache full:https://registry.npmjs.org/@typescript-eslint%2futils cache-miss
800 http cache https://registry.npmjs.org/@typescript-eslint%2futils 11ms (cache hit)
801 silly packumentCache full:https://registry.npmjs.org/@typescript-eslint%2futils set size:9727323 disposed:false
802 silly placeDep ROOT @next/eslint-plugin-next@16.1.6 OK for: eslint-config-next@16.1.6 want: 16.1.6
803 silly placeDep ROOT eslint-import-resolver-node@0.3.9 OK for: eslint-config-next@16.1.6 want: ^0.3.6
804 silly placeDep ROOT eslint-import-resolver-typescript@3.10.1 OK for: eslint-config-next@16.1.6 want: ^3.5.2
805 silly placeDep ROOT eslint-plugin-import@2.32.0 OK for: eslint-config-next@16.1.6 want: ^2.32.0
806 silly placeDep ROOT eslint-plugin-jsx-a11y@6.10.2 OK for: eslint-config-next@16.1.6 want: ^6.10.0
807 silly placeDep ROOT eslint-plugin-react@7.37.5 OK for: eslint-config-next@16.1.6 want: ^7.37.0
808 silly placeDep ROOT eslint-plugin-react-hooks@7.0.1 OK for: eslint-config-next@16.1.6 want: ^7.0.0
809 silly placeDep node_modules/eslint-config-next globals@16.4.0 OK for: eslint-config-next@16.1.6 want: 16.4.0
810 silly placeDep ROOT typescript-eslint@8.56.0 OK for: eslint-config-next@16.1.6 want: ^8.46.0
811 silly fetch manifest fast-glob@3.3.1
812 silly packumentCache full:https://registry.npmjs.org/fast-glob cache-miss
813 silly fetch manifest debug@^3.2.7
814 silly packumentCache full:https://registry.npmjs.org/debug cache-hit
815 silly fetch manifest is-core-module@^2.13.0
816 silly packumentCache full:https://registry.npmjs.org/is-core-module cache-miss
817 silly fetch manifest resolve@^1.22.4
818 silly packumentCache full:https://registry.npmjs.org/resolve cache-miss
819 silly fetch manifest tinyglobby@^0.2.13
820 silly packumentCache full:https://registry.npmjs.org/tinyglobby cache-miss
821 silly fetch manifest stable-hash@^0.0.5
822 silly packumentCache full:https://registry.npmjs.org/stable-hash cache-miss
823 silly fetch manifest get-tsconfig@^4.10.0
824 silly packumentCache full:https://registry.npmjs.org/get-tsconfig cache-miss
825 silly fetch manifest is-bun-module@^2.0.0
826 silly packumentCache full:https://registry.npmjs.org/is-bun-module cache-miss
827 http cache https://registry.npmjs.org/stable-hash 6ms (cache hit)
828 silly packumentCache full:https://registry.npmjs.org/stable-hash set size:18359 disposed:false
829 silly fetch manifest unrs-resolver@^1.6.2
830 silly packumentCache full:https://registry.npmjs.org/unrs-resolver cache-miss
831 http cache https://registry.npmjs.org/resolve 7ms (cache hit)
832 silly packumentCache full:https://registry.npmjs.org/resolve set size:238156 disposed:false
833 silly fetch manifest @nolyfill/is-core-module@1.0.39
834 silly packumentCache full:https://registry.npmjs.org/@nolyfill%2fis-core-module cache-miss
835 http cache https://registry.npmjs.org/is-bun-module 7ms (cache hit)
836 silly packumentCache full:https://registry.npmjs.org/is-bun-module set size:19768 disposed:false
837 silly fetch manifest @rtsao/scc@^1.1.0
838 silly packumentCache full:https://registry.npmjs.org/@rtsao%2fscc cache-miss
839 http cache https://registry.npmjs.org/is-core-module 8ms (cache hit)
840 silly packumentCache full:https://registry.npmjs.org/is-core-module set size:71788 disposed:false
841 silly fetch manifest array-includes@^3.1.9
842 silly packumentCache full:https://registry.npmjs.org/array-includes cache-miss
843 http cache https://registry.npmjs.org/get-tsconfig 9ms (cache hit)
844 silly packumentCache full:https://registry.npmjs.org/get-tsconfig set size:112628 disposed:false
845 silly fetch manifest array.prototype.findlastindex@^1.2.6
846 silly packumentCache full:https://registry.npmjs.org/array.prototype.findlastindex cache-miss
847 http cache https://registry.npmjs.org/tinyglobby 10ms (cache hit)
848 silly packumentCache full:https://registry.npmjs.org/tinyglobby set size:49812 disposed:false
849 silly fetch manifest array.prototype.flat@^1.3.3
850 silly packumentCache full:https://registry.npmjs.org/array.prototype.flat cache-miss
851 http cache https://registry.npmjs.org/fast-glob 10ms (cache hit)
852 silly packumentCache full:https://registry.npmjs.org/fast-glob set size:220556 disposed:false
853 silly fetch manifest array.prototype.flatmap@^1.3.3
854 silly packumentCache full:https://registry.npmjs.org/array.prototype.flatmap cache-miss
855 http cache https://registry.npmjs.org/array.prototype.flat 3ms (cache hit)
856 silly packumentCache full:https://registry.npmjs.org/array.prototype.flat set size:38327 disposed:false
857 silly fetch manifest doctrine@^2.1.0
858 silly packumentCache full:https://registry.npmjs.org/doctrine cache-miss
859 http cache https://registry.npmjs.org/array-includes 5ms (cache hit)
860 silly packumentCache full:https://registry.npmjs.org/array-includes set size:77143 disposed:false
861 silly fetch manifest eslint-module-utils@^2.12.1
862 silly packumentCache full:https://registry.npmjs.org/eslint-module-utils cache-miss
863 http cache https://registry.npmjs.org/array.prototype.findlastindex 5ms (cache hit)
864 silly packumentCache full:https://registry.npmjs.org/array.prototype.findlastindex set size:44828 disposed:false
865 silly fetch manifest hasown@^2.0.2
866 silly packumentCache full:https://registry.npmjs.org/hasown cache-miss
867 http cache https://registry.npmjs.org/@nolyfill%2fis-core-module 7ms (cache hit)
868 silly packumentCache full:https://registry.npmjs.org/@nolyfill%2fis-core-module set size:10461 disposed:false
869 silly fetch manifest is-core-module@^2.16.1
870 silly packumentCache full:https://registry.npmjs.org/is-core-module cache-hit
871 silly fetch manifest object.fromentries@^2.0.8
872 silly packumentCache full:https://registry.npmjs.org/object.fromentries cache-miss
873 http cache https://registry.npmjs.org/array.prototype.flatmap 4ms (cache hit)
874 silly packumentCache full:https://registry.npmjs.org/array.prototype.flatmap set size:51458 disposed:false
875 silly fetch manifest object.groupby@^1.0.3
876 silly packumentCache full:https://registry.npmjs.org/object.groupby cache-miss
877 http cache https://registry.npmjs.org/unrs-resolver 10ms (cache hit)
878 silly packumentCache full:https://registry.npmjs.org/unrs-resolver set size:142730 disposed:false
879 silly fetch manifest object.values@^1.2.1
880 silly packumentCache full:https://registry.npmjs.org/object.values cache-miss
881 http cache https://registry.npmjs.org/@rtsao%2fscc 9ms (cache hit)
882 silly packumentCache full:https://registry.npmjs.org/@rtsao%2fscc set size:6332 disposed:false
883 silly fetch manifest semver@^6.3.1
884 silly packumentCache full:https://registry.npmjs.org/semver cache-miss
885 http cache https://registry.npmjs.org/object.groupby 3ms (cache hit)
886 silly packumentCache full:https://registry.npmjs.org/object.groupby set size:15504 disposed:false
887 silly fetch manifest string.prototype.trimend@^1.0.9
888 silly packumentCache full:https://registry.npmjs.org/string.prototype.trimend cache-miss
889 http cache https://registry.npmjs.org/doctrine 5ms (cache hit)
890 silly packumentCache full:https://registry.npmjs.org/doctrine set size:64052 disposed:false
891 silly fetch manifest tsconfig-paths@^3.15.0
892 silly packumentCache full:https://registry.npmjs.org/tsconfig-paths cache-miss
893 http cache https://registry.npmjs.org/eslint-module-utils 6ms (cache hit)
894 silly packumentCache full:https://registry.npmjs.org/eslint-module-utils set size:77496 disposed:false
895 silly fetch manifest aria-query@^5.3.2
896 silly packumentCache full:https://registry.npmjs.org/aria-query cache-miss
897 http cache https://registry.npmjs.org/hasown 6ms (cache hit)
898 silly packumentCache full:https://registry.npmjs.org/hasown set size:12476 disposed:false
899 silly fetch manifest array-includes@^3.1.8
900 silly packumentCache full:https://registry.npmjs.org/array-includes cache-hit
901 silly fetch manifest array.prototype.flatmap@^1.3.2
902 silly packumentCache full:https://registry.npmjs.org/array.prototype.flatmap cache-hit
903 silly fetch manifest ast-types-flow@^0.0.8
904 silly packumentCache full:https://registry.npmjs.org/ast-types-flow cache-miss
905 http cache https://registry.npmjs.org/object.fromentries 6ms (cache hit)
906 silly packumentCache full:https://registry.npmjs.org/object.fromentries set size:37686 disposed:false
907 silly fetch manifest axe-core@^4.10.0
908 silly packumentCache full:https://registry.npmjs.org/axe-core cache-miss
909 http cache https://registry.npmjs.org/semver 5ms (cache hit)
910 silly packumentCache full:https://registry.npmjs.org/semver set size:229678 disposed:false
911 silly fetch manifest axobject-query@^4.1.0
912 silly packumentCache full:https://registry.npmjs.org/axobject-query cache-miss
913 http cache https://registry.npmjs.org/object.values 7ms (cache hit)
914 silly packumentCache full:https://registry.npmjs.org/object.values set size:49009 disposed:false
915 silly fetch manifest damerau-levenshtein@^1.0.8
916 silly packumentCache full:https://registry.npmjs.org/damerau-levenshtein cache-miss
917 http cache https://registry.npmjs.org/string.prototype.trimend 7ms (cache hit)
918 silly packumentCache full:https://registry.npmjs.org/string.prototype.trimend set size:41090 disposed:false
919 silly fetch manifest emoji-regex@^9.2.2
920 silly packumentCache full:https://registry.npmjs.org/emoji-regex cache-miss
921 http cache https://registry.npmjs.org/aria-query 6ms (cache hit)
922 silly packumentCache full:https://registry.npmjs.org/aria-query set size:98864 disposed:false
923 silly fetch manifest jsx-ast-utils@^3.3.5
924 silly packumentCache full:https://registry.npmjs.org/jsx-ast-utils cache-miss
925 http cache https://registry.npmjs.org/ast-types-flow 6ms (cache hit)
926 silly packumentCache full:https://registry.npmjs.org/ast-types-flow set size:15144 disposed:false
927 silly fetch manifest language-tags@^1.0.9
928 silly packumentCache full:https://registry.npmjs.org/language-tags cache-miss
929 http cache https://registry.npmjs.org/tsconfig-paths 8ms (cache hit)
930 silly packumentCache full:https://registry.npmjs.org/tsconfig-paths set size:192565 disposed:false
931 silly fetch manifest safe-regex-test@^1.0.3
932 silly packumentCache full:https://registry.npmjs.org/safe-regex-test cache-miss
933 http cache https://registry.npmjs.org/axobject-query 6ms (cache hit)
934 silly packumentCache full:https://registry.npmjs.org/axobject-query set size:75032 disposed:false
935 silly fetch manifest string.prototype.includes@^2.0.1
936 silly packumentCache full:https://registry.npmjs.org/string.prototype.includes cache-miss
937 http cache https://registry.npmjs.org/damerau-levenshtein 6ms (cache hit)
938 silly packumentCache full:https://registry.npmjs.org/damerau-levenshtein set size:23390 disposed:false
939 silly fetch manifest array.prototype.findlast@^1.2.5
940 silly packumentCache full:https://registry.npmjs.org/array.prototype.findlast cache-miss
941 http cache https://registry.npmjs.org/axe-core 14ms (cache hit)
942 silly packumentCache full:https://registry.npmjs.org/axe-core set size:9166083 disposed:false
943 silly fetch manifest array.prototype.tosorted@^1.1.4
944 silly packumentCache full:https://registry.npmjs.org/array.prototype.tosorted cache-miss
945 http cache https://registry.npmjs.org/emoji-regex 33ms (cache hit)
946 silly packumentCache full:https://registry.npmjs.org/emoji-regex set size:89088 disposed:false
947 silly fetch manifest es-iterator-helpers@^1.2.1
948 silly packumentCache full:https://registry.npmjs.org/es-iterator-helpers cache-miss
949 http cache https://registry.npmjs.org/jsx-ast-utils 33ms (cache hit)
950 silly packumentCache full:https://registry.npmjs.org/jsx-ast-utils set size:115998 disposed:false
951 silly fetch manifest estraverse@^5.3.0
952 silly packumentCache full:https://registry.npmjs.org/estraverse cache-hit
953 silly fetch manifest jsx-ast-utils@^2.4.1 || ^3.0.0
954 silly packumentCache full:https://registry.npmjs.org/jsx-ast-utils cache-hit
955 silly fetch manifest object.entries@^1.1.9
956 silly packumentCache full:https://registry.npmjs.org/object.entries cache-miss
957 http cache https://registry.npmjs.org/language-tags 34ms (cache hit)
958 silly packumentCache full:https://registry.npmjs.org/language-tags set size:38675 disposed:false
959 silly fetch manifest prop-types@^15.8.1
960 silly packumentCache full:https://registry.npmjs.org/prop-types cache-miss
961 http cache https://registry.npmjs.org/safe-regex-test 33ms (cache hit)
962 silly packumentCache full:https://registry.npmjs.org/safe-regex-test set size:17412 disposed:false
963 silly fetch manifest resolve@^2.0.0-next.5
964 silly packumentCache full:https://registry.npmjs.org/resolve cache-hit
965 silly fetch manifest string.prototype.matchall@^4.0.12
966 silly packumentCache full:https://registry.npmjs.org/string.prototype.matchall cache-miss
967 http cache https://registry.npmjs.org/string.prototype.includes 33ms (cache hit)
968 silly packumentCache full:https://registry.npmjs.org/string.prototype.includes set size:10217 disposed:false
969 silly fetch manifest string.prototype.repeat@^1.0.0
970 silly packumentCache full:https://registry.npmjs.org/string.prototype.repeat cache-miss
971 http cache https://registry.npmjs.org/array.prototype.findlast 33ms (cache hit)
972 silly packumentCache full:https://registry.npmjs.org/array.prototype.findlast set size:40323 disposed:false
973 silly fetch manifest zod@^3.25.0 || ^4.0.0
974 silly packumentCache full:https://registry.npmjs.org/zod cache-miss
975 http cache https://registry.npmjs.org/array.prototype.tosorted 7ms (cache hit)
976 silly packumentCache full:https://registry.npmjs.org/array.prototype.tosorted set size:24661 disposed:false
977 silly fetch manifest @babel/core@^7.24.4
978 silly packumentCache full:https://registry.npmjs.org/@babel%2fcore cache-miss
979 http cache https://registry.npmjs.org/object.entries 5ms (cache hit)
980 silly packumentCache full:https://registry.npmjs.org/object.entries set size:50037 disposed:false
981 silly fetch manifest @babel/parser@^7.24.4
982 silly packumentCache full:https://registry.npmjs.org/@babel%2fparser cache-miss
983 http cache https://registry.npmjs.org/es-iterator-helpers 7ms (cache hit)
984 silly packumentCache full:https://registry.npmjs.org/es-iterator-helpers set size:227037 disposed:false
985 silly fetch manifest hermes-parser@^0.25.1
986 silly packumentCache full:https://registry.npmjs.org/hermes-parser cache-miss
987 http cache https://registry.npmjs.org/string.prototype.repeat 5ms (cache hit)
988 silly packumentCache full:https://registry.npmjs.org/string.prototype.repeat set size:8608 disposed:false
989 silly fetch manifest zod-validation-error@^3.5.0 || ^4.0.0
990 silly packumentCache full:https://registry.npmjs.org/zod-validation-error cache-miss
991 http cache https://registry.npmjs.org/prop-types 6ms (cache hit)
992 silly packumentCache full:https://registry.npmjs.org/prop-types set size:76747 disposed:false
993 silly fetch manifest @typescript-eslint/utils@8.56.0
994 silly packumentCache full:https://registry.npmjs.org/@typescript-eslint%2futils cache-miss
995 http cache https://registry.npmjs.org/string.prototype.matchall 6ms (cache hit)
996 silly packumentCache full:https://registry.npmjs.org/string.prototype.matchall set size:63239 disposed:false
997 silly fetch manifest @typescript-eslint/parser@8.56.0
998 silly packumentCache full:https://registry.npmjs.org/@typescript-eslint%2fparser cache-miss
999 http cache https://registry.npmjs.org/zod 11ms (cache hit)
1000 silly packumentCache full:https://registry.npmjs.org/zod set size:3489329 disposed:false
1001 silly fetch manifest @typescript-eslint/eslint-plugin@8.56.0
1002 silly packumentCache full:https://registry.npmjs.org/@typescript-eslint%2feslint-plugin cache-miss
1003 http cache https://registry.npmjs.org/@babel%2fcore 19ms (cache hit)
1004 silly packumentCache full:https://registry.npmjs.org/@babel%2fcore set size:756140 disposed:false
1005 silly fetch manifest @typescript-eslint/typescript-estree@8.56.0
1006 silly packumentCache full:https://registry.npmjs.org/@typescript-eslint%2ftypescript-estree cache-miss
1007 http cache https://registry.npmjs.org/zod-validation-error 19ms (cache hit)
1008 silly packumentCache full:https://registry.npmjs.org/zod-validation-error set size:178465 disposed:false
1009 http cache https://registry.npmjs.org/@typescript-eslint%2futils 31ms (cache hit)
1010 silly packumentCache full:https://registry.npmjs.org/@typescript-eslint%2futils set size:9727323 disposed:false
1011 http cache https://registry.npmjs.org/hermes-parser 60ms (cache hit)
1012 silly packumentCache full:https://registry.npmjs.org/hermes-parser set size:160109 disposed:false
1013 http cache https://registry.npmjs.org/@typescript-eslint%2fparser 69ms (cache hit)
1014 silly packumentCache full:https://registry.npmjs.org/@typescript-eslint%2fparser set size:14819040 disposed:false
1015 http cache https://registry.npmjs.org/@babel%2fparser 127ms (cache hit)
1016 silly packumentCache full:https://registry.npmjs.org/@babel%2fparser set size:714217 disposed:false
1017 http cache https://registry.npmjs.org/@typescript-eslint%2feslint-plugin 136ms (cache hit)
1018 silly packumentCache full:https://registry.npmjs.org/@typescript-eslint%2feslint-plugin set size:17426288 disposed:false
1019 http cache https://registry.npmjs.org/@typescript-eslint%2ftypescript-estree 183ms (cache hit)
1020 silly packumentCache full:https://registry.npmjs.org/@typescript-eslint%2ftypescript-estree set size:15979685 disposed:false
1021 silly placeDep ROOT fast-glob@3.3.1 OK for: @next/eslint-plugin-next@16.1.6 want: 3.3.1
1022 silly fetch manifest merge2@^1.3.0
1023 silly packumentCache full:https://registry.npmjs.org/merge2 cache-miss
1024 silly fetch manifest micromatch@^4.0.4
1025 silly packumentCache full:https://registry.npmjs.org/micromatch cache-miss
1026 silly fetch manifest glob-parent@^5.1.2
1027 silly packumentCache full:https://registry.npmjs.org/glob-parent cache-hit
1028 silly fetch manifest @nodelib/fs.stat@^2.0.2
1029 silly packumentCache full:https://registry.npmjs.org/@nodelib%2ffs.stat cache-miss
1030 silly fetch manifest @nodelib/fs.walk@^1.2.3
1031 silly packumentCache full:https://registry.npmjs.org/@nodelib%2ffs.walk cache-miss
1032 http cache https://registry.npmjs.org/@nodelib%2ffs.walk 4ms (cache hit)
1033 silly packumentCache full:https://registry.npmjs.org/@nodelib%2ffs.walk set size:41589 disposed:false
1034 http cache https://registry.npmjs.org/@nodelib%2ffs.stat 4ms (cache hit)
1035 silly packumentCache full:https://registry.npmjs.org/@nodelib%2ffs.stat set size:36993 disposed:false
1036 http cache https://registry.npmjs.org/merge2 4ms (cache hit)
1037 silly packumentCache full:https://registry.npmjs.org/merge2 set size:46159 disposed:false
1038 http cache https://registry.npmjs.org/micromatch 5ms (cache hit)
1039 silly packumentCache full:https://registry.npmjs.org/micromatch set size:240630 disposed:false
1040 silly placeDep node_modules/eslint-import-resolver-node debug@3.2.7 OK for: eslint-import-resolver-node@0.3.9 want: ^3.2.7
1041 silly placeDep ROOT is-core-module@2.16.1 OK for: eslint-import-resolver-node@0.3.9 want: ^2.13.0
1042 silly placeDep ROOT resolve@1.22.11 OK for: eslint-import-resolver-node@0.3.9 want: ^1.22.4
1043 silly fetch manifest path-parse@^1.0.7
1044 silly packumentCache full:https://registry.npmjs.org/path-parse cache-miss
1045 silly fetch manifest supports-preserve-symlinks-flag@^1.0.0
1046 silly packumentCache full:https://registry.npmjs.org/supports-preserve-symlinks-flag cache-miss
1047 http cache https://registry.npmjs.org/supports-preserve-symlinks-flag 2ms (cache hit)
1048 silly packumentCache full:https://registry.npmjs.org/supports-preserve-symlinks-flag set size:6802 disposed:false
1049 http cache https://registry.npmjs.org/path-parse 2ms (cache hit)
1050 silly packumentCache full:https://registry.npmjs.org/path-parse set size:14523 disposed:false
1051 silly placeDep ROOT @nolyfill/is-core-module@1.0.39 OK for: eslint-import-resolver-typescript@3.10.1 want: 1.0.39
1052 silly placeDep ROOT get-tsconfig@4.13.6 OK for: eslint-import-resolver-typescript@3.10.1 want: ^4.10.0
1053 silly placeDep ROOT is-bun-module@2.0.0 OK for: eslint-import-resolver-typescript@3.10.1 want: ^2.0.0
1054 silly placeDep ROOT stable-hash@0.0.5 OK for: eslint-import-resolver-typescript@3.10.1 want: ^0.0.5
1055 silly placeDep ROOT tinyglobby@0.2.15 OK for: eslint-import-resolver-typescript@3.10.1 want: ^0.2.13
1056 silly placeDep ROOT unrs-resolver@1.11.1 OK for: eslint-import-resolver-typescript@3.10.1 want: ^1.6.2
1057 silly fetch manifest resolve-pkg-maps@^1.0.0
1058 silly packumentCache full:https://registry.npmjs.org/resolve-pkg-maps cache-miss
1059 silly fetch manifest semver@^7.7.1
1060 silly packumentCache full:https://registry.npmjs.org/semver cache-hit
1061 silly fetch manifest fdir@^6.5.0
1062 silly packumentCache full:https://registry.npmjs.org/fdir cache-miss
1063 silly fetch manifest picomatch@^4.0.3
1064 silly packumentCache full:https://registry.npmjs.org/picomatch cache-miss
1065 silly fetch manifest napi-postinstall@^0.3.0
1066 silly packumentCache full:https://registry.npmjs.org/napi-postinstall cache-miss
1067 silly fetch manifest @unrs/resolver-binding-win32-x64-msvc@1.11.1
1068 silly packumentCache full:https://registry.npmjs.org/@unrs%2fresolver-binding-win32-x64-msvc cache-miss
1069 silly fetch manifest @unrs/resolver-binding-win32-arm64-msvc@1.11.1
1070 silly packumentCache full:https://registry.npmjs.org/@unrs%2fresolver-binding-win32-arm64-msvc cache-miss
1071 silly fetch manifest @unrs/resolver-binding-win32-ia32-msvc@1.11.1
1072 silly packumentCache full:https://registry.npmjs.org/@unrs%2fresolver-binding-win32-ia32-msvc cache-miss
1073 http cache https://registry.npmjs.org/@unrs%2fresolver-binding-win32-arm64-msvc 4ms (cache hit)
1074 silly packumentCache full:https://registry.npmjs.org/@unrs%2fresolver-binding-win32-arm64-msvc set size:59292 disposed:false
1075 silly fetch manifest @unrs/resolver-binding-linux-x64-gnu@1.11.1
1076 silly packumentCache full:https://registry.npmjs.org/@unrs%2fresolver-binding-linux-x64-gnu cache-miss
1077 http cache https://registry.npmjs.org/resolve-pkg-maps 5ms (cache hit)
1078 silly packumentCache full:https://registry.npmjs.org/resolve-pkg-maps set size:11615 disposed:false
1079 silly fetch manifest @unrs/resolver-binding-linux-x64-musl@1.11.1
1080 silly packumentCache full:https://registry.npmjs.org/@unrs%2fresolver-binding-linux-x64-musl cache-miss
1081 http cache https://registry.npmjs.org/picomatch 5ms (cache hit)
1082 silly packumentCache full:https://registry.npmjs.org/picomatch set size:118818 disposed:false
1083 silly fetch manifest @unrs/resolver-binding-freebsd-x64@1.11.1
1084 silly packumentCache full:https://registry.npmjs.org/@unrs%2fresolver-binding-freebsd-x64 cache-miss
1085 http cache https://registry.npmjs.org/fdir 6ms (cache hit)
1086 silly packumentCache full:https://registry.npmjs.org/fdir set size:136182 disposed:false
1087 silly fetch manifest @unrs/resolver-binding-android-arm64@1.11.1
1088 silly packumentCache full:https://registry.npmjs.org/@unrs%2fresolver-binding-android-arm64 cache-miss
1089 http cache https://registry.npmjs.org/@unrs%2fresolver-binding-win32-x64-msvc 7ms (cache hit)
1090 silly packumentCache full:https://registry.npmjs.org/@unrs%2fresolver-binding-win32-x64-msvc set size:58760 disposed:false
1091 silly fetch manifest @unrs/resolver-binding-linux-arm64-gnu@1.11.1
1092 silly packumentCache full:https://registry.npmjs.org/@unrs%2fresolver-binding-linux-arm64-gnu cache-miss
1093 http cache https://registry.npmjs.org/napi-postinstall 7ms (cache hit)
1094 silly packumentCache full:https://registry.npmjs.org/napi-postinstall set size:41400 disposed:false
1095 silly fetch manifest @unrs/resolver-binding-linux-arm64-musl@1.11.1
1096 silly packumentCache full:https://registry.npmjs.org/@unrs%2fresolver-binding-linux-arm64-musl cache-miss
1097 http cache https://registry.npmjs.org/@unrs%2fresolver-binding-win32-ia32-msvc 8ms (cache hit)
1098 silly packumentCache full:https://registry.npmjs.org/@unrs%2fresolver-binding-win32-ia32-msvc set size:59023 disposed:false
1099 silly fetch manifest @unrs/resolver-binding-android-arm-eabi@1.11.1
1100 silly packumentCache full:https://registry.npmjs.org/@unrs%2fresolver-binding-android-arm-eabi cache-miss
1101 http cache https://registry.npmjs.org/@unrs%2fresolver-binding-android-arm64 3ms (cache hit)
1102 silly packumentCache full:https://registry.npmjs.org/@unrs%2fresolver-binding-android-arm64 set size:12351 disposed:false
1103 silly fetch manifest @unrs/resolver-binding-linux-arm-gnueabihf@1.11.1
1104 silly packumentCache full:https://registry.npmjs.org/@unrs%2fresolver-binding-linux-arm-gnueabihf cache-miss
1105 http cache https://registry.npmjs.org/@unrs%2fresolver-binding-linux-x64-gnu 5ms (cache hit)
1106 silly packumentCache full:https://registry.npmjs.org/@unrs%2fresolver-binding-linux-x64-gnu set size:59167 disposed:false
1107 silly fetch manifest @unrs/resolver-binding-linux-arm-musleabihf@1.11.1
1108 silly packumentCache full:https://registry.npmjs.org/@unrs%2fresolver-binding-linux-arm-musleabihf cache-miss
1109 http cache https://registry.npmjs.org/@unrs%2fresolver-binding-freebsd-x64 5ms (cache hit)
1110 silly packumentCache full:https://registry.npmjs.org/@unrs%2fresolver-binding-freebsd-x64 set size:58172 disposed:false
1111 silly fetch manifest @unrs/resolver-binding-linux-ppc64-gnu@1.11.1
1112 silly packumentCache full:https://registry.npmjs.org/@unrs%2fresolver-binding-linux-ppc64-gnu cache-miss
1113 http cache https://registry.npmjs.org/@unrs%2fresolver-binding-linux-x64-musl 6ms (cache hit)
1114 silly packumentCache full:https://registry.npmjs.org/@unrs%2fresolver-binding-linux-x64-musl set size:59364 disposed:false
1115 silly fetch manifest @unrs/resolver-binding-linux-riscv64-gnu@1.11.1
1116 silly packumentCache full:https://registry.npmjs.org/@unrs%2fresolver-binding-linux-riscv64-gnu cache-miss
1117 http cache https://registry.npmjs.org/@unrs%2fresolver-binding-linux-arm64-gnu 4ms (cache hit)
1118 silly packumentCache full:https://registry.npmjs.org/@unrs%2fresolver-binding-linux-arm64-gnu set size:59697 disposed:false
1119 silly fetch manifest @unrs/resolver-binding-linux-riscv64-musl@1.11.1
1120 silly packumentCache full:https://registry.npmjs.org/@unrs%2fresolver-binding-linux-riscv64-musl cache-miss
1121 http cache https://registry.npmjs.org/@unrs%2fresolver-binding-android-arm-eabi 4ms (cache hit)
1122 silly packumentCache full:https://registry.npmjs.org/@unrs%2fresolver-binding-android-arm-eabi set size:12473 disposed:false
1123 silly fetch manifest @unrs/resolver-binding-linux-s390x-gnu@1.11.1
1124 silly packumentCache full:https://registry.npmjs.org/@unrs%2fresolver-binding-linux-s390x-gnu cache-miss
1125 http cache https://registry.npmjs.org/@unrs%2fresolver-binding-linux-arm64-musl 4ms (cache hit)
1126 silly packumentCache full:https://registry.npmjs.org/@unrs%2fresolver-binding-linux-arm64-musl set size:59889 disposed:false
1127 silly fetch manifest @unrs/resolver-binding-darwin-x64@1.11.1
1128 silly packumentCache full:https://registry.npmjs.org/@unrs%2fresolver-binding-darwin-x64 cache-miss
1129 http cache https://registry.npmjs.org/@unrs%2fresolver-binding-linux-s390x-gnu 2ms (cache hit)
1130 silly packumentCache full:https://registry.npmjs.org/@unrs%2fresolver-binding-linux-s390x-gnu set size:59697 disposed:false
1131 silly fetch manifest @unrs/resolver-binding-darwin-arm64@1.11.1
1132 silly packumentCache full:https://registry.npmjs.org/@unrs%2fresolver-binding-darwin-arm64 cache-miss
1133 http cache https://registry.npmjs.org/@unrs%2fresolver-binding-linux-arm-musleabihf 5ms (cache hit)
1134 silly packumentCache full:https://registry.npmjs.org/@unrs%2fresolver-binding-linux-arm-musleabihf set size:60135 disposed:false
1135 silly fetch manifest @unrs/resolver-binding-wasm32-wasi@1.11.1
1136 silly packumentCache full:https://registry.npmjs.org/@unrs%2fresolver-binding-wasm32-wasi cache-miss
1137 http cache https://registry.npmjs.org/@unrs%2fresolver-binding-linux-arm-gnueabihf 5ms (cache hit)
1138 silly packumentCache full:https://registry.npmjs.org/@unrs%2fresolver-binding-linux-arm-gnueabihf set size:59902 disposed:false
1139 http cache https://registry.npmjs.org/@unrs%2fresolver-binding-linux-riscv64-musl 4ms (cache hit)
1140 silly packumentCache full:https://registry.npmjs.org/@unrs%2fresolver-binding-linux-riscv64-musl set size:40293 disposed:false
1141 http cache https://registry.npmjs.org/@unrs%2fresolver-binding-linux-riscv64-gnu 5ms (cache hit)
1142 silly packumentCache full:https://registry.npmjs.org/@unrs%2fresolver-binding-linux-riscv64-gnu set size:50987 disposed:false
1143 http cache https://registry.npmjs.org/@unrs%2fresolver-binding-linux-ppc64-gnu 5ms (cache hit)
1144 silly packumentCache full:https://registry.npmjs.org/@unrs%2fresolver-binding-linux-ppc64-gnu set size:59704 disposed:false
1145 http cache https://registry.npmjs.org/@unrs%2fresolver-binding-darwin-x64 5ms (cache hit)
1146 silly packumentCache full:https://registry.npmjs.org/@unrs%2fresolver-binding-darwin-x64 set size:57901 disposed:false
1147 http cache https://registry.npmjs.org/@unrs%2fresolver-binding-darwin-arm64 3ms (cache hit)
1148 silly packumentCache full:https://registry.npmjs.org/@unrs%2fresolver-binding-darwin-arm64 set size:58434 disposed:false
1149 http cache https://registry.npmjs.org/@unrs%2fresolver-binding-wasm32-wasi 3ms (cache hit)
1150 silly packumentCache full:https://registry.npmjs.org/@unrs%2fresolver-binding-wasm32-wasi set size:61704 disposed:false
1151 silly placeDep ROOT @rtsao/scc@1.1.0 OK for: eslint-plugin-import@2.32.0 want: ^1.1.0
1152 silly placeDep ROOT array-includes@3.1.9 OK for: eslint-plugin-import@2.32.0 want: ^3.1.9
1153 silly placeDep ROOT array.prototype.findlastindex@1.2.6 OK for: eslint-plugin-import@2.32.0 want: ^1.2.6
1154 silly placeDep ROOT array.prototype.flat@1.3.3 OK for: eslint-plugin-import@2.32.0 want: ^1.3.3
1155 silly placeDep ROOT array.prototype.flatmap@1.3.3 OK for: eslint-plugin-import@2.32.0 want: ^1.3.3
1156 silly placeDep node_modules/eslint-plugin-import debug@3.2.7 OK for: eslint-plugin-import@2.32.0 want: ^3.2.7
1157 silly placeDep ROOT doctrine@2.1.0 OK for: eslint-plugin-import@2.32.0 want: ^2.1.0
1158 silly placeDep ROOT eslint-module-utils@2.12.1 OK for: eslint-plugin-import@2.32.0 want: ^2.12.1
1159 silly placeDep ROOT hasown@2.0.2 OK for: eslint-plugin-import@2.32.0 want: ^2.0.2
1160 silly placeDep ROOT object.fromentries@2.0.8 OK for: eslint-plugin-import@2.32.0 want: ^2.0.8
1161 silly placeDep ROOT object.groupby@1.0.3 OK for: eslint-plugin-import@2.32.0 want: ^1.0.3
1162 silly placeDep ROOT object.values@1.2.1 OK for: eslint-plugin-import@2.32.0 want: ^1.2.1
1163 silly placeDep ROOT semver@6.3.1 OK for: eslint-plugin-import@2.32.0 want: ^6.3.1
1164 silly placeDep ROOT string.prototype.trimend@1.0.9 OK for: eslint-plugin-import@2.32.0 want: ^1.0.9
1165 silly placeDep ROOT tsconfig-paths@3.15.0 OK for: eslint-plugin-import@2.32.0 want: ^3.15.0
1166 silly fetch manifest call-bind@^1.0.8
1167 silly packumentCache full:https://registry.npmjs.org/call-bind cache-miss
1168 silly fetch manifest call-bound@^1.0.4
1169 silly packumentCache full:https://registry.npmjs.org/call-bound cache-miss
1170 silly fetch manifest define-properties@^1.2.1
1171 silly packumentCache full:https://registry.npmjs.org/define-properties cache-miss
1172 silly fetch manifest es-abstract@^1.24.0
1173 silly packumentCache full:https://registry.npmjs.org/es-abstract cache-miss
1174 silly fetch manifest es-object-atoms@^1.1.1
1175 silly packumentCache full:https://registry.npmjs.org/es-object-atoms cache-miss
1176 silly fetch manifest get-intrinsic@^1.3.0
1177 silly packumentCache full:https://registry.npmjs.org/get-intrinsic cache-miss
1178 silly fetch manifest is-string@^1.1.1
1179 silly packumentCache full:https://registry.npmjs.org/is-string cache-miss
1180 http cache https://registry.npmjs.org/es-object-atoms 3ms (cache hit)
1181 silly packumentCache full:https://registry.npmjs.org/es-object-atoms set size:15304 disposed:false
1182 silly fetch manifest math-intrinsics@^1.1.0
1183 silly packumentCache full:https://registry.npmjs.org/math-intrinsics cache-miss
1184 http cache https://registry.npmjs.org/call-bind 3ms (cache hit)
1185 silly packumentCache full:https://registry.npmjs.org/call-bind set size:30096 disposed:false
1186 silly fetch manifest call-bound@^1.0.4
1187 silly packumentCache full:https://registry.npmjs.org/call-bound cache-miss
1188 http cache https://registry.npmjs.org/get-intrinsic 4ms (cache hit)
1189 silly packumentCache full:https://registry.npmjs.org/get-intrinsic set size:60985 disposed:false
1190 silly fetch manifest define-properties@^1.2.1
1191 silly packumentCache full:https://registry.npmjs.org/define-properties cache-miss
1192 http cache https://registry.npmjs.org/es-abstract 4ms (cache hit)
1193 silly packumentCache full:https://registry.npmjs.org/es-abstract set size:378584 disposed:false
1194 silly fetch manifest es-abstract@^1.23.9
1195 silly packumentCache full:https://registry.npmjs.org/es-abstract cache-hit
1196 silly fetch manifest es-errors@^1.3.0
1197 silly packumentCache full:https://registry.npmjs.org/es-errors cache-miss
1198 http cache https://registry.npmjs.org/call-bound 6ms (cache hit)
1199 silly packumentCache full:https://registry.npmjs.org/call-bound set size:15317 disposed:false
1200 silly fetch manifest es-shim-unscopables@^1.1.0
1201 silly packumentCache full:https://registry.npmjs.org/es-shim-unscopables cache-miss
1202 http cache https://registry.npmjs.org/define-properties 7ms (cache hit)
1203 silly packumentCache full:https://registry.npmjs.org/define-properties set size:31491 disposed:false
1204 silly fetch manifest es-abstract@^1.23.5
1205 silly packumentCache full:https://registry.npmjs.org/es-abstract cache-hit
1206 silly fetch manifest es-shim-unscopables@^1.0.2
1207 silly packumentCache full:https://registry.npmjs.org/es-shim-unscopables cache-miss
1208 http cache https://registry.npmjs.org/is-string 7ms (cache hit)
1209 silly packumentCache full:https://registry.npmjs.org/is-string set size:29636 disposed:false
1210 silly fetch manifest es-shim-unscopables@^1.0.2
1211 silly packumentCache full:https://registry.npmjs.org/es-shim-unscopables cache-miss
1212 http cache https://registry.npmjs.org/call-bound 7ms (cache hit)
1213 silly packumentCache full:https://registry.npmjs.org/call-bound set size:15317 disposed:false
1214 silly packumentCache full:https://registry.npmjs.org/call-bound dispose
1215 silly fetch manifest function-bind@^1.1.2
1216 silly packumentCache full:https://registry.npmjs.org/function-bind cache-miss
1217 http cache https://registry.npmjs.org/math-intrinsics 7ms (cache hit)
1218 silly packumentCache full:https://registry.npmjs.org/math-intrinsics set size:9265 disposed:false
1219 silly fetch manifest call-bind@^1.0.7
1220 silly packumentCache full:https://registry.npmjs.org/call-bind cache-hit
1221 silly fetch manifest es-abstract@^1.23.2
1222 silly packumentCache full:https://registry.npmjs.org/es-abstract cache-hit
1223 silly fetch manifest es-object-atoms@^1.0.0
1224 silly packumentCache full:https://registry.npmjs.org/es-object-atoms cache-hit
1225 silly fetch manifest call-bound@^1.0.3
1226 silly packumentCache full:https://registry.npmjs.org/call-bound cache-hit
1227 silly fetch manifest call-bound@^1.0.2
1228 silly packumentCache full:https://registry.npmjs.org/call-bound cache-hit
1229 silly fetch manifest json5@^1.0.2
1230 silly packumentCache full:https://registry.npmjs.org/json5 cache-miss
1231 http cache https://registry.npmjs.org/es-errors 5ms (cache hit)
1232 silly packumentCache full:https://registry.npmjs.org/es-errors set size:16918 disposed:false
1233 silly fetch manifest minimist@^1.2.6
1234 silly packumentCache full:https://registry.npmjs.org/minimist cache-miss
1235 http cache https://registry.npmjs.org/es-shim-unscopables 6ms (cache hit)
1236 silly packumentCache full:https://registry.npmjs.org/es-shim-unscopables set size:13965 disposed:false
1237 silly fetch manifest strip-bom@^3.0.0
1238 silly packumentCache full:https://registry.npmjs.org/strip-bom cache-miss
1239 http cache https://registry.npmjs.org/es-shim-unscopables 5ms (cache hit)
1240 silly packumentCache full:https://registry.npmjs.org/es-shim-unscopables set size:13965 disposed:false
1241 silly packumentCache full:https://registry.npmjs.org/es-shim-unscopables dispose
1242 silly fetch manifest @types/json5@^0.0.29
1243 silly packumentCache full:https://registry.npmjs.org/@types%2fjson5 cache-miss
1244 http cache https://registry.npmjs.org/define-properties 8ms (cache hit)
1245 silly packumentCache full:https://registry.npmjs.org/define-properties set size:31491 disposed:false
1246 silly packumentCache full:https://registry.npmjs.org/define-properties dispose
1247 http cache https://registry.npmjs.org/es-shim-unscopables 6ms (cache hit)
1248 silly packumentCache full:https://registry.npmjs.org/es-shim-unscopables set size:13965 disposed:true
1249 silly packumentCache full:https://registry.npmjs.org/es-shim-unscopables dispose
1250 http cache https://registry.npmjs.org/minimist 3ms (cache hit)
1251 silly packumentCache full:https://registry.npmjs.org/minimist set size:77082 disposed:false
1252 http cache https://registry.npmjs.org/strip-bom 3ms (cache hit)
1253 silly packumentCache full:https://registry.npmjs.org/strip-bom set size:19359 disposed:false
1254 http cache https://registry.npmjs.org/json5 4ms (cache hit)
1255 silly packumentCache full:https://registry.npmjs.org/json5 set size:86136 disposed:false
1256 http cache https://registry.npmjs.org/function-bind 6ms (cache hit)
1257 silly packumentCache full:https://registry.npmjs.org/function-bind set size:15733 disposed:false
1258 http cache https://registry.npmjs.org/@types%2fjson5 4ms (cache hit)
1259 silly packumentCache full:https://registry.npmjs.org/@types%2fjson5 set size:19581 disposed:false
1260 silly placeDep ROOT call-bind@1.0.8 OK for: array-includes@3.1.9 want: ^1.0.8
1261 silly placeDep ROOT call-bound@1.0.4 OK for: array-includes@3.1.9 want: ^1.0.4
1262 silly placeDep ROOT define-properties@1.2.1 OK for: array-includes@3.1.9 want: ^1.2.1
1263 silly placeDep ROOT es-abstract@1.24.1 OK for: array-includes@3.1.9 want: ^1.24.0
1264 silly placeDep ROOT es-object-atoms@1.1.1 OK for: array-includes@3.1.9 want: ^1.1.1
1265 silly placeDep ROOT get-intrinsic@1.3.0 OK for: array-includes@3.1.9 want: ^1.3.0
1266 silly placeDep ROOT is-string@1.1.1 OK for: array-includes@3.1.9 want: ^1.1.1
1267 silly placeDep ROOT math-intrinsics@1.1.0 OK for: array-includes@3.1.9 want: ^1.1.0
1268 silly fetch manifest call-bind-apply-helpers@^1.0.0
1269 silly packumentCache full:https://registry.npmjs.org/call-bind-apply-helpers cache-miss
1270 silly fetch manifest es-define-property@^1.0.0
1271 silly packumentCache full:https://registry.npmjs.org/es-define-property cache-miss
1272 silly fetch manifest get-intrinsic@^1.2.4
1273 silly packumentCache full:https://registry.npmjs.org/get-intrinsic cache-hit
1274 silly fetch manifest set-function-length@^1.2.2
1275 silly packumentCache full:https://registry.npmjs.org/set-function-length cache-miss
1276 silly fetch manifest call-bind-apply-helpers@^1.0.2
1277 silly packumentCache full:https://registry.npmjs.org/call-bind-apply-helpers cache-miss
1278 silly fetch manifest define-data-property@^1.0.1
1279 silly packumentCache full:https://registry.npmjs.org/define-data-property cache-miss
1280 silly fetch manifest has-property-descriptors@^1.0.0
1281 silly packumentCache full:https://registry.npmjs.org/has-property-descriptors cache-miss
1282 silly fetch manifest object-keys@^1.1.1
1283 silly packumentCache full:https://registry.npmjs.org/object-keys cache-miss
1284 http cache https://registry.npmjs.org/call-bind-apply-helpers 3ms (cache hit)
1285 silly packumentCache full:https://registry.npmjs.org/call-bind-apply-helpers set size:12744 disposed:false
1286 silly fetch manifest array-buffer-byte-length@^1.0.2
1287 silly packumentCache full:https://registry.npmjs.org/array-buffer-byte-length cache-miss
1288 http cache https://registry.npmjs.org/define-data-property 3ms (cache hit)
1289 silly packumentCache full:https://registry.npmjs.org/define-data-property set size:28048 disposed:false
1290 silly fetch manifest arraybuffer.prototype.slice@^1.0.4
1291 silly packumentCache full:https://registry.npmjs.org/arraybuffer.prototype.slice cache-miss
1292 http cache https://registry.npmjs.org/has-property-descriptors 3ms (cache hit)
1293 silly packumentCache full:https://registry.npmjs.org/has-property-descriptors set size:12452 disposed:false
1294 silly fetch manifest available-typed-arrays@^1.0.7
1295 silly packumentCache full:https://registry.npmjs.org/available-typed-arrays cache-miss
1296 http cache https://registry.npmjs.org/call-bind-apply-helpers 4ms (cache hit)
1297 silly packumentCache full:https://registry.npmjs.org/call-bind-apply-helpers set size:12744 disposed:false
1298 silly packumentCache full:https://registry.npmjs.org/call-bind-apply-helpers dispose
1299 silly fetch manifest data-view-buffer@^1.0.2
1300 silly packumentCache full:https://registry.npmjs.org/data-view-buffer cache-miss
1301 http cache https://registry.npmjs.org/object-keys 3ms (cache hit)
1302 silly packumentCache full:https://registry.npmjs.org/object-keys set size:67744 disposed:false
1303 silly fetch manifest data-view-byte-length@^1.0.2
1304 silly packumentCache full:https://registry.npmjs.org/data-view-byte-length cache-miss
1305 http cache https://registry.npmjs.org/es-define-property 5ms (cache hit)
1306 silly packumentCache full:https://registry.npmjs.org/es-define-property set size:8542 disposed:false
1307 silly fetch manifest data-view-byte-offset@^1.0.1
1308 silly packumentCache full:https://registry.npmjs.org/data-view-byte-offset cache-miss
1309 http cache https://registry.npmjs.org/set-function-length 5ms (cache hit)
1310 silly packumentCache full:https://registry.npmjs.org/set-function-length set size:24261 disposed:false
1311 silly fetch manifest es-define-property@^1.0.1
1312 silly packumentCache full:https://registry.npmjs.org/es-define-property cache-hit
1313 silly fetch manifest es-set-tostringtag@^2.1.0
1314 silly packumentCache full:https://registry.npmjs.org/es-set-tostringtag cache-miss
1315 http cache https://registry.npmjs.org/es-set-tostringtag 3ms (cache hit)
1316 silly packumentCache full:https://registry.npmjs.org/es-set-tostringtag set size:22094 disposed:false
1317 silly fetch manifest es-to-primitive@^1.3.0
1318 silly packumentCache full:https://registry.npmjs.org/es-to-primitive cache-miss
1319 http cache https://registry.npmjs.org/array-buffer-byte-length 5ms (cache hit)
1320 silly packumentCache full:https://registry.npmjs.org/array-buffer-byte-length set size:13099 disposed:false
1321 silly fetch manifest function.prototype.name@^1.1.8
1322 silly packumentCache full:https://registry.npmjs.org/function.prototype.name cache-miss
1323 http cache https://registry.npmjs.org/available-typed-arrays 5ms (cache hit)
1324 silly packumentCache full:https://registry.npmjs.org/available-typed-arrays set size:31390 disposed:false
1325 silly fetch manifest get-proto@^1.0.1
1326 silly packumentCache full:https://registry.npmjs.org/get-proto cache-miss
1327 http cache https://registry.npmjs.org/data-view-byte-offset 4ms (cache hit)
1328 silly packumentCache full:https://registry.npmjs.org/data-view-byte-offset set size:9200 disposed:false
1329 silly fetch manifest get-symbol-description@^1.1.0
1330 silly packumentCache full:https://registry.npmjs.org/get-symbol-description cache-miss
1331 http cache https://registry.npmjs.org/data-view-byte-length 5ms (cache hit)
1332 silly packumentCache full:https://registry.npmjs.org/data-view-byte-length set size:12269 disposed:false
1333 silly fetch manifest globalthis@^1.0.4
1334 silly packumentCache full:https://registry.npmjs.org/globalthis cache-miss
1335 http cache https://registry.npmjs.org/data-view-buffer 6ms (cache hit)
1336 silly packumentCache full:https://registry.npmjs.org/data-view-buffer set size:11789 disposed:false
1337 silly fetch manifest gopd@^1.2.0
1338 silly packumentCache full:https://registry.npmjs.org/gopd cache-miss
1339 http cache https://registry.npmjs.org/arraybuffer.prototype.slice 6ms (cache hit)
1340 silly packumentCache full:https://registry.npmjs.org/arraybuffer.prototype.slice set size:20917 disposed:false
1341 silly fetch manifest has-property-descriptors@^1.0.2
1342 silly packumentCache full:https://registry.npmjs.org/has-property-descriptors cache-hit
1343 silly fetch manifest has-proto@^1.2.0
1344 silly packumentCache full:https://registry.npmjs.org/has-proto cache-miss
1345 http cache https://registry.npmjs.org/es-to-primitive 4ms (cache hit)
1346 silly packumentCache full:https://registry.npmjs.org/es-to-primitive set size:22465 disposed:false
1347 silly fetch manifest has-symbols@^1.1.0
1348 silly packumentCache full:https://registry.npmjs.org/has-symbols cache-miss
1349 http cache https://registry.npmjs.org/get-proto 4ms (cache hit)
1350 silly packumentCache full:https://registry.npmjs.org/get-proto set size:8300 disposed:false
1351 silly fetch manifest internal-slot@^1.1.0
1352 silly packumentCache full:https://registry.npmjs.org/internal-slot cache-miss
1353 http cache https://registry.npmjs.org/get-symbol-description 3ms (cache hit)
1354 silly packumentCache full:https://registry.npmjs.org/get-symbol-description set size:15540 disposed:false
1355 silly fetch manifest is-array-buffer@^3.0.5
1356 silly packumentCache full:https://registry.npmjs.org/is-array-buffer cache-miss
1357 http cache https://registry.npmjs.org/function.prototype.name 4ms (cache hit)
1358 silly packumentCache full:https://registry.npmjs.org/function.prototype.name set size:44756 disposed:false
1359 silly fetch manifest is-callable@^1.2.7
1360 silly packumentCache full:https://registry.npmjs.org/is-callable cache-miss
1361 http cache https://registry.npmjs.org/globalthis 4ms (cache hit)
1362 silly packumentCache full:https://registry.npmjs.org/globalthis set size:22522 disposed:false
1363 silly fetch manifest is-data-view@^1.0.2
1364 silly packumentCache full:https://registry.npmjs.org/is-data-view cache-miss
1365 http cache https://registry.npmjs.org/gopd 4ms (cache hit)
1366 silly packumentCache full:https://registry.npmjs.org/gopd set size:11458 disposed:false
1367 silly fetch manifest is-negative-zero@^2.0.3
1368 silly packumentCache full:https://registry.npmjs.org/is-negative-zero cache-miss
1369 http cache https://registry.npmjs.org/has-proto 4ms (cache hit)
1370 silly packumentCache full:https://registry.npmjs.org/has-proto set size:21527 disposed:false
1371 silly fetch manifest is-regex@^1.2.1
1372 silly packumentCache full:https://registry.npmjs.org/is-regex cache-miss
1373 http cache https://registry.npmjs.org/has-symbols 4ms (cache hit)
1374 silly packumentCache full:https://registry.npmjs.org/has-symbols set size:21550 disposed:false
1375 silly fetch manifest is-set@^2.0.3
1376 silly packumentCache full:https://registry.npmjs.org/is-set cache-miss
1377 http cache https://registry.npmjs.org/internal-slot 4ms (cache hit)
1378 silly packumentCache full:https://registry.npmjs.org/internal-slot set size:30267 disposed:false
1379 silly fetch manifest is-shared-array-buffer@^1.0.4
1380 silly packumentCache full:https://registry.npmjs.org/is-shared-array-buffer cache-miss
1381 http cache https://registry.npmjs.org/is-array-buffer 4ms (cache hit)
1382 silly packumentCache full:https://registry.npmjs.org/is-array-buffer set size:33562 disposed:false
1383 silly fetch manifest is-typed-array@^1.1.15
1384 silly packumentCache full:https://registry.npmjs.org/is-typed-array cache-miss
1385 http cache https://registry.npmjs.org/is-data-view 4ms (cache hit)
1386 silly packumentCache full:https://registry.npmjs.org/is-data-view set size:13756 disposed:false
1387 silly fetch manifest is-weakref@^1.1.1
1388 silly packumentCache full:https://registry.npmjs.org/is-weakref cache-miss
1389 http cache https://registry.npmjs.org/is-callable 4ms (cache hit)
1390 silly packumentCache full:https://registry.npmjs.org/is-callable set size:66606 disposed:false
1391 silly fetch manifest object-inspect@^1.13.4
1392 silly packumentCache full:https://registry.npmjs.org/object-inspect cache-miss
1393 http cache https://registry.npmjs.org/is-negative-zero 4ms (cache hit)
1394 silly packumentCache full:https://registry.npmjs.org/is-negative-zero set size:22152 disposed:false
1395 silly fetch manifest object.assign@^4.1.7
1396 silly packumentCache full:https://registry.npmjs.org/object.assign cache-miss
1397 http cache https://registry.npmjs.org/is-regex 5ms (cache hit)
1398 silly packumentCache full:https://registry.npmjs.org/is-regex set size:42924 disposed:false
1399 silly fetch manifest own-keys@^1.0.1
1400 silly packumentCache full:https://registry.npmjs.org/own-keys cache-miss
1401 http cache https://registry.npmjs.org/is-shared-array-buffer 4ms (cache hit)
1402 silly packumentCache full:https://registry.npmjs.org/is-shared-array-buffer set size:19880 disposed:false
1403 silly fetch manifest regexp.prototype.flags@^1.5.4
1404 silly packumentCache full:https://registry.npmjs.org/regexp.prototype.flags cache-miss
1405 http cache https://registry.npmjs.org/is-set 5ms (cache hit)
1406 silly packumentCache full:https://registry.npmjs.org/is-set set size:16614 disposed:false
1407 silly fetch manifest safe-array-concat@^1.1.3
1408 silly packumentCache full:https://registry.npmjs.org/safe-array-concat cache-miss
1409 http cache https://registry.npmjs.org/is-typed-array 4ms (cache hit)
1410 silly packumentCache full:https://registry.npmjs.org/is-typed-array set size:79965 disposed:false
1411 silly fetch manifest safe-push-apply@^1.0.0
1412 silly packumentCache full:https://registry.npmjs.org/safe-push-apply cache-miss
1413 http cache https://registry.npmjs.org/is-weakref 5ms (cache hit)
1414 silly packumentCache full:https://registry.npmjs.org/is-weakref set size:18473 disposed:false
1415 silly fetch manifest safe-regex-test@^1.1.0
1416 silly packumentCache full:https://registry.npmjs.org/safe-regex-test cache-hit
1417 silly fetch manifest set-proto@^1.0.0
1418 silly packumentCache full:https://registry.npmjs.org/set-proto cache-miss
1419 http cache https://registry.npmjs.org/object-inspect 4ms (cache hit)
1420 silly packumentCache full:https://registry.npmjs.org/object-inspect set size:101912 disposed:false
1421 silly fetch manifest stop-iteration-iterator@^1.1.0
1422 silly packumentCache full:https://registry.npmjs.org/stop-iteration-iterator cache-miss
1423 http cache https://registry.npmjs.org/object.assign 6ms (cache hit)
1424 silly packumentCache full:https://registry.npmjs.org/object.assign set size:85907 disposed:false
1425 silly fetch manifest string.prototype.trim@^1.2.10
1426 silly packumentCache full:https://registry.npmjs.org/string.prototype.trim cache-miss
1427 http cache https://registry.npmjs.org/own-keys 6ms (cache hit)
1428 silly packumentCache full:https://registry.npmjs.org/own-keys set size:8735 disposed:false
1429 silly fetch manifest string.prototype.trimstart@^1.0.8
1430 silly packumentCache full:https://registry.npmjs.org/string.prototype.trimstart cache-miss
1431 http cache https://registry.npmjs.org/safe-push-apply 5ms (cache hit)
1432 silly packumentCache full:https://registry.npmjs.org/safe-push-apply set size:5759 disposed:false
1433 silly fetch manifest typed-array-buffer@^1.0.3
1434 silly packumentCache full:https://registry.npmjs.org/typed-array-buffer cache-miss
1435 http cache https://registry.npmjs.org/safe-array-concat 6ms (cache hit)
1436 silly packumentCache full:https://registry.npmjs.org/safe-array-concat set size:22426 disposed:false
1437 silly fetch manifest typed-array-byte-length@^1.0.3
1438 silly packumentCache full:https://registry.npmjs.org/typed-array-byte-length cache-miss
1439 http cache https://registry.npmjs.org/regexp.prototype.flags 6ms (cache hit)
1440 silly packumentCache full:https://registry.npmjs.org/regexp.prototype.flags set size:60621 disposed:false
1441 silly fetch manifest typed-array-byte-offset@^1.0.4
1442 silly packumentCache full:https://registry.npmjs.org/typed-array-byte-offset cache-miss
1443 http cache https://registry.npmjs.org/stop-iteration-iterator 5ms (cache hit)
1444 silly packumentCache full:https://registry.npmjs.org/stop-iteration-iterator set size:9160 disposed:false
1445 silly fetch manifest typed-array-length@^1.0.7
1446 silly packumentCache full:https://registry.npmjs.org/typed-array-length cache-miss
1447 http cache https://registry.npmjs.org/set-proto 6ms (cache hit)
1448 silly packumentCache full:https://registry.npmjs.org/set-proto set size:5334 disposed:false
1449 silly fetch manifest unbox-primitive@^1.1.0
1450 silly packumentCache full:https://registry.npmjs.org/unbox-primitive cache-miss
1451 http cache https://registry.npmjs.org/string.prototype.trim 5ms (cache hit)
1452 silly packumentCache full:https://registry.npmjs.org/string.prototype.trim set size:54116 disposed:false
1453 silly fetch manifest which-typed-array@^1.1.19
1454 silly packumentCache full:https://registry.npmjs.org/which-typed-array cache-miss
1455 http cache https://registry.npmjs.org/string.prototype.trimstart 4ms (cache hit)
1456 silly packumentCache full:https://registry.npmjs.org/string.prototype.trimstart set size:38291 disposed:false
1457 silly fetch manifest has-tostringtag@^1.0.2
1458 silly packumentCache full:https://registry.npmjs.org/has-tostringtag cache-miss
1459 http cache https://registry.npmjs.org/typed-array-buffer 5ms (cache hit)
1460 silly packumentCache full:https://registry.npmjs.org/typed-array-buffer set size:14045 disposed:false
1461 http cache https://registry.npmjs.org/typed-array-byte-length 5ms (cache hit)
1462 silly packumentCache full:https://registry.npmjs.org/typed-array-byte-length set size:18382 disposed:false
1463 http cache https://registry.npmjs.org/typed-array-byte-offset 4ms (cache hit)
1464 silly packumentCache full:https://registry.npmjs.org/typed-array-byte-offset set size:21714 disposed:false
1465 http cache https://registry.npmjs.org/typed-array-length 4ms (cache hit)
1466 silly packumentCache full:https://registry.npmjs.org/typed-array-length set size:32113 disposed:false
1467 http cache https://registry.npmjs.org/unbox-primitive 5ms (cache hit)
1468 silly packumentCache full:https://registry.npmjs.org/unbox-primitive set size:15669 disposed:false
1469 http cache https://registry.npmjs.org/which-typed-array 4ms (cache hit)
1470 silly packumentCache full:https://registry.npmjs.org/which-typed-array set size:93605 disposed:false
1471 http cache https://registry.npmjs.org/has-tostringtag 4ms (cache hit)
1472 silly packumentCache full:https://registry.npmjs.org/has-tostringtag set size:13945 disposed:false
1473 silly placeDep ROOT es-errors@1.3.0 OK for: array.prototype.findlastindex@1.2.6 want: ^1.3.0
1474 silly placeDep ROOT es-shim-unscopables@1.1.0 OK for: array.prototype.findlastindex@1.2.6 want: ^1.1.0
1475 silly placeDep ROOT call-bind-apply-helpers@1.0.2 OK for: call-bind@1.0.8 want: ^1.0.0
1476 silly placeDep ROOT es-define-property@1.0.1 OK for: call-bind@1.0.8 want: ^1.0.0
1477 silly placeDep ROOT set-function-length@1.2.2 OK for: call-bind@1.0.8 want: ^1.2.2
1478 silly fetch manifest define-data-property@^1.1.4
1479 silly packumentCache full:https://registry.npmjs.org/define-data-property cache-hit
1480 silly fetch manifest gopd@^1.0.1
1481 silly packumentCache full:https://registry.npmjs.org/gopd cache-hit
1482 silly placeDep ROOT function-bind@1.1.2 OK for: call-bind-apply-helpers@1.0.2 want: ^1.1.2
1483 silly placeDep ROOT define-data-property@1.1.4 OK for: define-properties@1.2.1 want: ^1.0.1
1484 silly placeDep ROOT has-property-descriptors@1.0.2 OK for: define-properties@1.2.1 want: ^1.0.0
1485 silly placeDep ROOT object-keys@1.1.1 OK for: define-properties@1.2.1 want: ^1.1.1
1486 silly placeDep ROOT gopd@1.2.0 OK for: define-data-property@1.1.4 want: ^1.0.1
1487 silly placeDep ROOT array-buffer-byte-length@1.0.2 OK for: es-abstract@1.24.1 want: ^1.0.2
1488 silly placeDep ROOT arraybuffer.prototype.slice@1.0.4 OK for: es-abstract@1.24.1 want: ^1.0.4
1489 silly placeDep ROOT available-typed-arrays@1.0.7 OK for: es-abstract@1.24.1 want: ^1.0.7
1490 silly placeDep ROOT data-view-buffer@1.0.2 OK for: es-abstract@1.24.1 want: ^1.0.2
1491 silly placeDep ROOT data-view-byte-length@1.0.2 OK for: es-abstract@1.24.1 want: ^1.0.2
1492 silly placeDep ROOT data-view-byte-offset@1.0.1 OK for: es-abstract@1.24.1 want: ^1.0.1
1493 silly placeDep ROOT es-set-tostringtag@2.1.0 OK for: es-abstract@1.24.1 want: ^2.1.0
1494 silly placeDep ROOT es-to-primitive@1.3.0 OK for: es-abstract@1.24.1 want: ^1.3.0
1495 silly placeDep ROOT function.prototype.name@1.1.8 OK for: es-abstract@1.24.1 want: ^1.1.8
1496 silly placeDep ROOT get-proto@1.0.1 OK for: es-abstract@1.24.1 want: ^1.0.1
1497 silly placeDep ROOT get-symbol-description@1.1.0 OK for: es-abstract@1.24.1 want: ^1.1.0
1498 silly placeDep ROOT globalthis@1.0.4 OK for: es-abstract@1.24.1 want: ^1.0.4
1499 silly placeDep ROOT has-proto@1.2.0 OK for: es-abstract@1.24.1 want: ^1.2.0
1500 silly placeDep ROOT has-symbols@1.1.0 OK for: es-abstract@1.24.1 want: ^1.1.0
1501 silly placeDep ROOT internal-slot@1.1.0 OK for: es-abstract@1.24.1 want: ^1.1.0
1502 silly placeDep ROOT is-array-buffer@3.0.5 OK for: es-abstract@1.24.1 want: ^3.0.5
1503 silly placeDep ROOT is-callable@1.2.7 OK for: es-abstract@1.24.1 want: ^1.2.7
1504 silly placeDep ROOT is-data-view@1.0.2 OK for: es-abstract@1.24.1 want: ^1.0.2
1505 silly placeDep ROOT is-negative-zero@2.0.3 OK for: es-abstract@1.24.1 want: ^2.0.3
1506 silly placeDep ROOT is-regex@1.2.1 OK for: es-abstract@1.24.1 want: ^1.2.1
1507 silly placeDep ROOT is-set@2.0.3 OK for: es-abstract@1.24.1 want: ^2.0.3
1508 silly placeDep ROOT is-shared-array-buffer@1.0.4 OK for: es-abstract@1.24.1 want: ^1.0.4
1509 silly placeDep ROOT is-typed-array@1.1.15 OK for: es-abstract@1.24.1 want: ^1.1.15
1510 silly placeDep ROOT is-weakref@1.1.1 OK for: es-abstract@1.24.1 want: ^1.1.1
1511 silly placeDep ROOT object-inspect@1.13.4 OK for: es-abstract@1.24.1 want: ^1.13.4
1512 silly placeDep ROOT object.assign@4.1.7 OK for: es-abstract@1.24.1 want: ^4.1.7
1513 silly placeDep ROOT own-keys@1.0.1 OK for: es-abstract@1.24.1 want: ^1.0.1
1514 silly placeDep ROOT regexp.prototype.flags@1.5.4 OK for: es-abstract@1.24.1 want: ^1.5.4
1515 silly placeDep ROOT safe-array-concat@1.1.3 OK for: es-abstract@1.24.1 want: ^1.1.3
1516 silly placeDep ROOT safe-push-apply@1.0.0 OK for: es-abstract@1.24.1 want: ^1.0.0
1517 silly placeDep ROOT safe-regex-test@1.1.0 OK for: es-abstract@1.24.1 want: ^1.1.0
1518 silly placeDep ROOT set-proto@1.0.0 OK for: es-abstract@1.24.1 want: ^1.0.0
1519 silly placeDep ROOT stop-iteration-iterator@1.1.0 OK for: es-abstract@1.24.1 want: ^1.1.0
1520 silly placeDep ROOT string.prototype.trim@1.2.10 OK for: es-abstract@1.24.1 want: ^1.2.10
1521 silly placeDep ROOT string.prototype.trimstart@1.0.8 OK for: es-abstract@1.24.1 want: ^1.0.8
1522 silly placeDep ROOT typed-array-buffer@1.0.3 OK for: es-abstract@1.24.1 want: ^1.0.3
1523 silly placeDep ROOT typed-array-byte-length@1.0.3 OK for: es-abstract@1.24.1 want: ^1.0.3
1524 silly placeDep ROOT typed-array-byte-offset@1.0.4 OK for: es-abstract@1.24.1 want: ^1.0.4
1525 silly placeDep ROOT typed-array-length@1.0.7 OK for: es-abstract@1.24.1 want: ^1.0.7
1526 silly placeDep ROOT unbox-primitive@1.1.0 OK for: es-abstract@1.24.1 want: ^1.1.0
1527 silly placeDep ROOT which-typed-array@1.1.20 OK for: es-abstract@1.24.1 want: ^1.1.19
1528 silly fetch manifest is-array-buffer@^3.0.4
1529 silly packumentCache full:https://registry.npmjs.org/is-array-buffer cache-hit
1530 silly fetch manifest possible-typed-array-names@^1.0.0
1531 silly packumentCache full:https://registry.npmjs.org/possible-typed-array-names cache-miss
1532 silly fetch manifest is-data-view@^1.0.1
1533 silly packumentCache full:https://registry.npmjs.org/is-data-view cache-hit
1534 silly fetch manifest is-date-object@^1.0.5
1535 silly packumentCache full:https://registry.npmjs.org/is-date-object cache-miss
1536 silly fetch manifest is-symbol@^1.0.4
1537 silly packumentCache full:https://registry.npmjs.org/is-symbol cache-miss
1538 silly fetch manifest functions-have-names@^1.2.3
1539 silly packumentCache full:https://registry.npmjs.org/functions-have-names cache-miss
1540 silly fetch manifest dunder-proto@^1.0.1
1541 silly packumentCache full:https://registry.npmjs.org/dunder-proto cache-miss
1542 silly fetch manifest dunder-proto@^1.0.0
1543 silly packumentCache full:https://registry.npmjs.org/dunder-proto cache-miss
1544 silly fetch manifest side-channel@^1.1.0
1545 silly packumentCache full:https://registry.npmjs.org/side-channel cache-miss
1546 http cache https://registry.npmjs.org/possible-typed-array-names 7ms (cache hit)
1547 silly packumentCache full:https://registry.npmjs.org/possible-typed-array-names set size:9167 disposed:false
1548 silly fetch manifest is-typed-array@^1.1.13
1549 silly packumentCache full:https://registry.npmjs.org/is-typed-array cache-hit
1550 silly fetch manifest which-typed-array@^1.1.16
1551 silly packumentCache full:https://registry.npmjs.org/which-typed-array cache-hit
1552 silly fetch manifest set-function-name@^2.0.2
1553 silly packumentCache full:https://registry.npmjs.org/set-function-name cache-miss
1554 http cache https://registry.npmjs.org/side-channel 6ms (cache hit)
1555 silly packumentCache full:https://registry.npmjs.org/side-channel set size:24660 disposed:false
1556 silly fetch manifest isarray@^2.0.5
1557 silly packumentCache full:https://registry.npmjs.org/isarray cache-miss
1558 http cache https://registry.npmjs.org/is-date-object 7ms (cache hit)
1559 silly packumentCache full:https://registry.npmjs.org/is-date-object set size:25050 disposed:false
1560 silly fetch manifest isarray@^2.0.5
1561 silly packumentCache full:https://registry.npmjs.org/isarray cache-miss
1562 http cache https://registry.npmjs.org/functions-have-names 7ms (cache hit)
1563 silly packumentCache full:https://registry.npmjs.org/functions-have-names set size:24196 disposed:false
1564 silly fetch manifest dunder-proto@^1.0.1
1565 silly packumentCache full:https://registry.npmjs.org/dunder-proto cache-miss
1566 http cache https://registry.npmjs.org/dunder-proto 7ms (cache hit)
1567 silly packumentCache full:https://registry.npmjs.org/dunder-proto set size:8256 disposed:false
1568 silly fetch manifest for-each@^0.3.3
1569 silly packumentCache full:https://registry.npmjs.org/for-each cache-miss
1570 http cache https://registry.npmjs.org/is-symbol 8ms (cache hit)
1571 silly packumentCache full:https://registry.npmjs.org/is-symbol set size:22675 disposed:false
1572 silly fetch manifest for-each@^0.3.3
1573 silly packumentCache full:https://registry.npmjs.org/for-each cache-miss
1574 http cache https://registry.npmjs.org/dunder-proto 8ms (cache hit)
1575 silly packumentCache full:https://registry.npmjs.org/dunder-proto set size:8256 disposed:false
1576 silly packumentCache full:https://registry.npmjs.org/dunder-proto dispose
1577 silly fetch manifest reflect.getprototypeof@^1.0.9
1578 silly packumentCache full:https://registry.npmjs.org/reflect.getprototypeof cache-miss
1579 http cache https://registry.npmjs.org/set-function-name 4ms (cache hit)
1580 silly packumentCache full:https://registry.npmjs.org/set-function-name set size:13766 disposed:false
1581 silly fetch manifest for-each@^0.3.3
1582 silly packumentCache full:https://registry.npmjs.org/for-each cache-miss
1583 http cache https://registry.npmjs.org/for-each 3ms (cache hit)
1584 silly packumentCache full:https://registry.npmjs.org/for-each set size:14327 disposed:false
1585 silly fetch manifest reflect.getprototypeof@^1.0.6
1586 silly packumentCache full:https://registry.npmjs.org/reflect.getprototypeof cache-miss
1587 http cache https://registry.npmjs.org/dunder-proto 4ms (cache hit)
1588 silly packumentCache full:https://registry.npmjs.org/dunder-proto set size:8256 disposed:true
1589 silly packumentCache full:https://registry.npmjs.org/dunder-proto dispose
1590 silly fetch manifest has-bigints@^1.0.2
1591 silly packumentCache full:https://registry.npmjs.org/has-bigints cache-miss
1592 http cache https://registry.npmjs.org/isarray 4ms (cache hit)
1593 silly packumentCache full:https://registry.npmjs.org/isarray set size:17392 disposed:false
1594 silly fetch manifest which-boxed-primitive@^1.1.1
1595 silly packumentCache full:https://registry.npmjs.org/which-boxed-primitive cache-miss
1596 http cache https://registry.npmjs.org/isarray 5ms (cache hit)
1597 silly packumentCache full:https://registry.npmjs.org/isarray set size:17392 disposed:false
1598 silly packumentCache full:https://registry.npmjs.org/isarray dispose
1599 silly fetch manifest for-each@^0.3.5
1600 silly packumentCache full:https://registry.npmjs.org/for-each cache-hit
1601 http cache https://registry.npmjs.org/reflect.getprototypeof 4ms (cache hit)
1602 silly packumentCache full:https://registry.npmjs.org/reflect.getprototypeof set size:44083 disposed:false
1603 http cache https://registry.npmjs.org/for-each 4ms (cache hit)
1604 silly packumentCache full:https://registry.npmjs.org/for-each set size:14327 disposed:false
1605 silly packumentCache full:https://registry.npmjs.org/for-each dispose
1606 http cache https://registry.npmjs.org/for-each 3ms (cache hit)
1607 silly packumentCache full:https://registry.npmjs.org/for-each set size:14327 disposed:true
1608 silly packumentCache full:https://registry.npmjs.org/for-each dispose
1609 http cache https://registry.npmjs.org/reflect.getprototypeof 3ms (cache hit)
1610 silly packumentCache full:https://registry.npmjs.org/reflect.getprototypeof set size:44083 disposed:false
1611 silly packumentCache full:https://registry.npmjs.org/reflect.getprototypeof dispose
1612 http cache https://registry.npmjs.org/which-boxed-primitive 2ms (cache hit)
1613 silly packumentCache full:https://registry.npmjs.org/which-boxed-primitive set size:19407 disposed:false
1614 http cache https://registry.npmjs.org/has-bigints 3ms (cache hit)
1615 silly packumentCache full:https://registry.npmjs.org/has-bigints set size:14176 disposed:false
1616 silly placeDep ROOT possible-typed-array-names@1.1.0 OK for: available-typed-arrays@1.0.7 want: ^1.0.0
1617 silly placeDep ROOT has-tostringtag@1.0.2 OK for: es-set-tostringtag@2.1.0 want: ^1.0.2
1618 silly placeDep ROOT is-date-object@1.1.0 OK for: es-to-primitive@1.3.0 want: ^1.0.5
1619 silly placeDep ROOT is-symbol@1.1.1 OK for: es-to-primitive@1.3.0 want: ^1.0.4
1620 silly placeDep node_modules/eslint-module-utils debug@3.2.7 OK for: eslint-module-utils@2.12.1 want: ^3.2.7
1621 silly placeDep ROOT aria-query@5.3.2 OK for: eslint-plugin-jsx-a11y@6.10.2 want: ^5.3.2
1622 silly placeDep ROOT ast-types-flow@0.0.8 OK for: eslint-plugin-jsx-a11y@6.10.2 want: ^0.0.8
1623 silly placeDep ROOT axe-core@4.11.1 OK for: eslint-plugin-jsx-a11y@6.10.2 want: ^4.10.0
1624 silly placeDep ROOT axobject-query@4.1.0 OK for: eslint-plugin-jsx-a11y@6.10.2 want: ^4.1.0
1625 silly placeDep ROOT damerau-levenshtein@1.0.8 OK for: eslint-plugin-jsx-a11y@6.10.2 want: ^1.0.8
1626 silly placeDep ROOT emoji-regex@9.2.2 OK for: eslint-plugin-jsx-a11y@6.10.2 want: ^9.2.2
1627 silly placeDep ROOT jsx-ast-utils@3.3.5 OK for: eslint-plugin-jsx-a11y@6.10.2 want: ^3.3.5
1628 silly placeDep ROOT language-tags@1.0.9 OK for: eslint-plugin-jsx-a11y@6.10.2 want: ^1.0.9
1629 silly placeDep ROOT string.prototype.includes@2.0.1 OK for: eslint-plugin-jsx-a11y@6.10.2 want: ^2.0.1
1630 silly fetch manifest language-subtag-registry@^0.3.20
1631 silly packumentCache full:https://registry.npmjs.org/language-subtag-registry cache-miss
1632 http cache https://registry.npmjs.org/language-subtag-registry 2ms (cache hit)
1633 silly packumentCache full:https://registry.npmjs.org/language-subtag-registry set size:46437 disposed:false
1634 silly placeDep ROOT array.prototype.findlast@1.2.5 OK for: eslint-plugin-react@7.37.5 want: ^1.2.5
1635 silly placeDep ROOT array.prototype.tosorted@1.1.4 OK for: eslint-plugin-react@7.37.5 want: ^1.1.4
1636 silly placeDep ROOT es-iterator-helpers@1.2.2 OK for: eslint-plugin-react@7.37.5 want: ^1.2.1
1637 silly placeDep ROOT estraverse@5.3.0 OK for: eslint-plugin-react@7.37.5 want: ^5.3.0
1638 silly placeDep ROOT object.entries@1.1.9 OK for: eslint-plugin-react@7.37.5 want: ^1.1.9
1639 silly placeDep ROOT prop-types@15.8.1 OK for: eslint-plugin-react@7.37.5 want: ^15.8.1
1640 silly placeDep node_modules/eslint-plugin-react resolve@2.0.0-next.6 OK for: eslint-plugin-react@7.37.5 want: ^2.0.0-next.5
1641 silly placeDep ROOT string.prototype.matchall@4.0.12 OK for: eslint-plugin-react@7.37.5 want: ^4.0.12
1642 silly placeDep ROOT string.prototype.repeat@1.0.0 OK for: eslint-plugin-react@7.37.5 want: ^1.0.0
1643 silly fetch manifest iterator.prototype@^1.1.5
1644 silly packumentCache full:https://registry.npmjs.org/iterator.prototype cache-miss
1645 silly fetch manifest loose-envify@^1.4.0
1646 silly packumentCache full:https://registry.npmjs.org/loose-envify cache-miss
1647 silly fetch manifest object-assign@^4.1.1
1648 silly packumentCache full:https://registry.npmjs.org/object-assign cache-miss
1649 silly fetch manifest react-is@^16.13.1
1650 silly packumentCache full:https://registry.npmjs.org/react-is cache-miss
1651 silly fetch manifest node-exports-info@^1.6.0
1652 silly packumentCache full:https://registry.npmjs.org/node-exports-info cache-miss
1653 http cache https://registry.npmjs.org/node-exports-info 2ms (cache hit)
1654 silly packumentCache full:https://registry.npmjs.org/node-exports-info set size:58723 disposed:false
1655 http cache https://registry.npmjs.org/loose-envify 4ms (cache hit)
1656 silly packumentCache full:https://registry.npmjs.org/loose-envify set size:12559 disposed:false
1657 http cache https://registry.npmjs.org/object-assign 4ms (cache hit)
1658 silly packumentCache full:https://registry.npmjs.org/object-assign set size:28988 disposed:false
1659 http cache https://registry.npmjs.org/iterator.prototype 4ms (cache hit)
1660 silly packumentCache full:https://registry.npmjs.org/iterator.prototype set size:26870 disposed:false
1661 http cache https://registry.npmjs.org/react-is 7ms (cache hit)
1662 silly packumentCache full:https://registry.npmjs.org/react-is set size:5269788 disposed:false
1663 silly placeDep ROOT iterator.prototype@1.1.5 OK for: es-iterator-helpers@1.2.2 want: ^1.1.5
1664 silly placeDep ROOT @babel/core@7.29.0 OK for: eslint-plugin-react-hooks@7.0.1 want: ^7.24.4
1665 silly placeDep ROOT @babel/parser@7.29.0 OK for: eslint-plugin-react-hooks@7.0.1 want: ^7.24.4
1666 silly placeDep ROOT hermes-parser@0.25.1 OK for: eslint-plugin-react-hooks@7.0.1 want: ^0.25.1
1667 silly placeDep ROOT zod@4.3.6 OK for: eslint-plugin-react-hooks@7.0.1 want: ^3.25.0 || ^4.0.0
1668 silly placeDep ROOT zod-validation-error@4.0.2 OK for: eslint-plugin-react-hooks@7.0.1 want: ^3.5.0 || ^4.0.0
1669 silly fetch manifest json5@^2.2.3
1670 silly packumentCache full:https://registry.npmjs.org/json5 cache-hit
1671 silly fetch manifest gensync@^1.0.0-beta.2
1672 silly packumentCache full:https://registry.npmjs.org/gensync cache-miss
1673 silly fetch manifest @babel/types@^7.29.0
1674 silly packumentCache full:https://registry.npmjs.org/@babel%2ftypes cache-miss
1675 silly fetch manifest @babel/parser@^7.29.0
1676 silly packumentCache full:https://registry.npmjs.org/@babel%2fparser cache-hit
1677 silly fetch manifest @babel/helpers@^7.28.6
1678 silly packumentCache full:https://registry.npmjs.org/@babel%2fhelpers cache-miss
1679 silly fetch manifest @babel/template@^7.28.6
1680 silly packumentCache full:https://registry.npmjs.org/@babel%2ftemplate cache-miss
1681 silly fetch manifest @babel/traverse@^7.29.0
1682 silly packumentCache full:https://registry.npmjs.org/@babel%2ftraverse cache-miss
1683 silly fetch manifest @babel/generator@^7.29.0
1684 silly packumentCache full:https://registry.npmjs.org/@babel%2fgenerator cache-miss
1685 silly fetch manifest @babel/code-frame@^7.29.0
1686 silly packumentCache full:https://registry.npmjs.org/@babel%2fcode-frame cache-miss
1687 http cache https://registry.npmjs.org/gensync 4ms (cache hit)
1688 silly packumentCache full:https://registry.npmjs.org/gensync set size:15068 disposed:false
1689 silly fetch manifest convert-source-map@^2.0.0
1690 silly packumentCache full:https://registry.npmjs.org/convert-source-map cache-miss
1691 http cache https://registry.npmjs.org/@babel%2ftemplate 4ms (cache hit)
1692 silly packumentCache full:https://registry.npmjs.org/@babel%2ftemplate set size:225245 disposed:false
1693 silly fetch manifest @babel/helper-module-transforms@^7.28.6
1694 silly packumentCache full:https://registry.npmjs.org/@babel%2fhelper-module-transforms cache-miss
1695 http cache https://registry.npmjs.org/@babel%2fhelpers 5ms (cache hit)
1696 silly packumentCache full:https://registry.npmjs.org/@babel%2fhelpers set size:384482 disposed:false
1697 silly fetch manifest @babel/helper-compilation-targets@^7.28.6
1698 silly packumentCache full:https://registry.npmjs.org/@babel%2fhelper-compilation-targets cache-miss
1699 http cache https://registry.npmjs.org/@babel%2ftraverse 6ms (cache hit)
1700 silly packumentCache full:https://registry.npmjs.org/@babel%2ftraverse set size:546499 disposed:false
1701 silly fetch manifest @babel/types@^7.29.0
1702 silly packumentCache full:https://registry.npmjs.org/@babel%2ftypes cache-miss
1703 http cache https://registry.npmjs.org/@babel%2fgenerator 8ms (cache hit)
1704 silly packumentCache full:https://registry.npmjs.org/@babel%2fgenerator set size:504910 disposed:false
1705 silly fetch manifest hermes-estree@0.25.1
1706 silly packumentCache full:https://registry.npmjs.org/hermes-estree cache-miss
1707 http cache https://registry.npmjs.org/@babel%2ftypes 11ms (cache hit)
1708 silly packumentCache full:https://registry.npmjs.org/@babel%2ftypes set size:485839 disposed:false
1709 http cache https://registry.npmjs.org/@babel%2fcode-frame 12ms (cache hit)
1710 silly packumentCache full:https://registry.npmjs.org/@babel%2fcode-frame set size:194176 disposed:false
1711 http cache https://registry.npmjs.org/@babel%2ftypes 8ms (cache hit)
1712 silly packumentCache full:https://registry.npmjs.org/@babel%2ftypes set size:485839 disposed:false
1713 silly packumentCache full:https://registry.npmjs.org/@babel%2ftypes dispose
1714 http cache https://registry.npmjs.org/convert-source-map 14ms (cache hit)
1715 silly packumentCache full:https://registry.npmjs.org/convert-source-map set size:66997 disposed:false
1716 http cache https://registry.npmjs.org/@babel%2fhelper-compilation-targets 12ms (cache hit)
1717 silly packumentCache full:https://registry.npmjs.org/@babel%2fhelper-compilation-targets set size:216684 disposed:false
1718 http cache https://registry.npmjs.org/@babel%2fhelper-module-transforms 14ms (cache hit)
1719 silly packumentCache full:https://registry.npmjs.org/@babel%2fhelper-module-transforms set size:331474 disposed:false
1720 http cache https://registry.npmjs.org/hermes-estree 10ms (cache hit)
1721 silly packumentCache full:https://registry.npmjs.org/hermes-estree set size:121216 disposed:false
1722 silly fetch manifest @babel/core@^7.0.0
1723 silly packumentCache full:https://registry.npmjs.org/@babel%2fcore cache-hit
1724 silly placeDep ROOT @babel/code-frame@7.29.0 OK for: @babel/core@7.29.0 want: ^7.29.0
1725 silly placeDep ROOT @babel/generator@7.29.1 OK for: @babel/core@7.29.0 want: ^7.29.0
1726 silly placeDep ROOT @babel/helper-compilation-targets@7.28.6 OK for: @babel/core@7.29.0 want: ^7.28.6
1727 silly placeDep ROOT @babel/helper-module-transforms@7.28.6 OK for: @babel/core@7.29.0 want: ^7.28.6
1728 silly placeDep ROOT @babel/helpers@7.28.6 OK for: @babel/core@7.29.0 want: ^7.28.6
1729 silly placeDep ROOT @babel/template@7.28.6 OK for: @babel/core@7.29.0 want: ^7.28.6
1730 silly placeDep ROOT @babel/traverse@7.29.0 OK for: @babel/core@7.29.0 want: ^7.29.0
1731 silly placeDep ROOT @babel/types@7.29.0 OK for: @babel/core@7.29.0 want: ^7.29.0
1732 silly placeDep ROOT convert-source-map@2.0.0 OK for: @babel/core@7.29.0 want: ^2.0.0
1733 silly placeDep ROOT gensync@1.0.0-beta.2 OK for: @babel/core@7.29.0 want: ^1.0.0-beta.2
1734 silly placeDep ROOT json5@2.2.3 OK for: @babel/core@7.29.0 want: ^2.2.3
1735 silly fetch manifest js-tokens@^4.0.0
1736 silly packumentCache full:https://registry.npmjs.org/js-tokens cache-miss
1737 silly fetch manifest @babel/helper-validator-identifier@^7.28.5
1738 silly packumentCache full:https://registry.npmjs.org/@babel%2fhelper-validator-identifier cache-miss
1739 silly fetch manifest jsesc@^3.0.2
1740 silly packumentCache full:https://registry.npmjs.org/jsesc cache-miss
1741 silly fetch manifest lru-cache@^5.1.1
1742 silly packumentCache full:https://registry.npmjs.org/lru-cache cache-miss
1743 silly fetch manifest browserslist@^4.24.0
1744 silly packumentCache full:https://registry.npmjs.org/browserslist cache-miss
1745 silly fetch manifest @babel/compat-data@^7.28.6
1746 silly packumentCache full:https://registry.npmjs.org/@babel%2fcompat-data cache-miss
1747 silly fetch manifest @babel/helper-validator-option@^7.27.1
1748 silly packumentCache full:https://registry.npmjs.org/@babel%2fhelper-validator-option cache-miss
1749 http cache https://registry.npmjs.org/js-tokens 4ms (cache hit)
1750 silly packumentCache full:https://registry.npmjs.org/js-tokens set size:41947 disposed:false
1751 silly fetch manifest @babel/traverse@^7.28.6
1752 silly packumentCache full:https://registry.npmjs.org/@babel%2ftraverse cache-hit
1753 silly fetch manifest @babel/helper-module-imports@^7.28.6
1754 silly packumentCache full:https://registry.npmjs.org/@babel%2fhelper-module-imports cache-miss
1755 http cache https://registry.npmjs.org/jsesc 3ms (cache hit)
1756 silly packumentCache full:https://registry.npmjs.org/jsesc set size:61512 disposed:false
1757 silly fetch manifest @babel/helper-validator-identifier@^7.28.5
1758 silly packumentCache full:https://registry.npmjs.org/@babel%2fhelper-validator-identifier cache-miss
1759 http cache https://registry.npmjs.org/browserslist 4ms (cache hit)
1760 silly packumentCache full:https://registry.npmjs.org/browserslist set size:502989 disposed:false
1761 silly fetch manifest @babel/types@^7.28.6
1762 silly packumentCache full:https://registry.npmjs.org/@babel%2ftypes cache-hit
1763 silly fetch manifest @babel/helper-globals@^7.28.0
1764 silly packumentCache full:https://registry.npmjs.org/@babel%2fhelper-globals cache-miss
1765 http cache https://registry.npmjs.org/lru-cache 7ms (cache hit)
1766 silly packumentCache full:https://registry.npmjs.org/lru-cache set size:413591 disposed:false
1767 silly fetch manifest @babel/helper-string-parser@^7.27.1
1768 silly packumentCache full:https://registry.npmjs.org/@babel%2fhelper-string-parser cache-miss
1769 http cache https://registry.npmjs.org/@babel%2fhelper-validator-identifier 9ms (cache hit)
1770 silly packumentCache full:https://registry.npmjs.org/@babel%2fhelper-validator-identifier set size:114475 disposed:false
1771 http cache https://registry.npmjs.org/@babel%2fhelper-validator-option 10ms (cache hit)
1772 silly packumentCache full:https://registry.npmjs.org/@babel%2fhelper-validator-option set size:90529 disposed:false
1773 http cache https://registry.npmjs.org/@babel%2fcompat-data 10ms (cache hit)
1774 silly packumentCache full:https://registry.npmjs.org/@babel%2fcompat-data set size:303539 disposed:false
1775 http cache https://registry.npmjs.org/@babel%2fhelper-validator-identifier 8ms (cache hit)
1776 silly packumentCache full:https://registry.npmjs.org/@babel%2fhelper-validator-identifier set size:114475 disposed:false
1777 silly packumentCache full:https://registry.npmjs.org/@babel%2fhelper-validator-identifier dispose
1778 http cache https://registry.npmjs.org/@babel%2fhelper-globals 10ms (cache hit)
1779 silly packumentCache full:https://registry.npmjs.org/@babel%2fhelper-globals set size:13624 disposed:false
1780 http cache https://registry.npmjs.org/@babel%2fhelper-module-imports 15ms (cache hit)
1781 silly packumentCache full:https://registry.npmjs.org/@babel%2fhelper-module-imports set size:191525 disposed:false
1782 http cache https://registry.npmjs.org/@babel%2fhelper-string-parser 9ms (cache hit)
1783 silly packumentCache full:https://registry.npmjs.org/@babel%2fhelper-string-parser set size:80211 disposed:false
1784 silly placeDep ROOT @babel/helper-validator-identifier@7.28.5 OK for: @babel/code-frame@7.29.0 want: ^7.28.5
1785 silly placeDep ROOT js-tokens@4.0.0 OK for: @babel/code-frame@7.29.0 want: ^4.0.0
1786 silly placeDep ROOT picocolors@1.1.1 OK for: @babel/code-frame@7.29.0 want: ^1.1.1
1787 silly placeDep ROOT jsesc@3.1.0 OK for: @babel/generator@7.29.1 want: ^3.0.2
1788 silly placeDep ROOT @babel/compat-data@7.29.0 OK for: @babel/helper-compilation-targets@7.28.6 want: ^7.28.6
1789 silly placeDep ROOT @babel/helper-validator-option@7.27.1 OK for: @babel/helper-compilation-targets@7.28.6 want: ^7.27.1
1790 silly placeDep ROOT browserslist@4.28.1 OK for: @babel/helper-compilation-targets@7.28.6 want: ^4.24.0
1791 silly placeDep ROOT lru-cache@5.1.1 OK for: @babel/helper-compilation-targets@7.28.6 want: ^5.1.1
1792 silly fetch manifest baseline-browser-mapping@^2.9.0
1793 silly packumentCache full:https://registry.npmjs.org/baseline-browser-mapping cache-hit
1794 silly fetch manifest caniuse-lite@^1.0.30001759
1795 silly packumentCache full:https://registry.npmjs.org/caniuse-lite cache-miss
1796 silly fetch manifest electron-to-chromium@^1.5.263
1797 silly packumentCache full:https://registry.npmjs.org/electron-to-chromium cache-miss
1798 silly fetch manifest node-releases@^2.0.27
1799 silly packumentCache full:https://registry.npmjs.org/node-releases cache-miss
1800 silly fetch manifest update-browserslist-db@^1.2.0
1801 silly packumentCache full:https://registry.npmjs.org/update-browserslist-db cache-miss
1802 silly fetch manifest yallist@^3.0.2
1803 silly packumentCache full:https://registry.npmjs.org/yallist cache-miss
1804 http cache https://registry.npmjs.org/node-releases 5ms (cache hit)
1805 silly packumentCache full:https://registry.npmjs.org/node-releases set size:269192 disposed:false
1806 http cache https://registry.npmjs.org/yallist 8ms (cache hit)
1807 silly packumentCache full:https://registry.npmjs.org/yallist set size:34610 disposed:false
1808 http cache https://registry.npmjs.org/update-browserslist-db 9ms (cache hit)
1809 silly packumentCache full:https://registry.npmjs.org/update-browserslist-db set size:62000 disposed:false
1810 http cache https://registry.npmjs.org/caniuse-lite 11ms (cache hit)
1811 silly packumentCache full:https://registry.npmjs.org/caniuse-lite set size:2256678 disposed:false
1812 http cache https://registry.npmjs.org/electron-to-chromium 20ms (cache hit)
1813 silly packumentCache full:https://registry.npmjs.org/electron-to-chromium set size:4719879 disposed:false
1814 silly placeDep ROOT @babel/helper-module-imports@7.28.6 OK for: @babel/helper-module-transforms@7.28.6 want: ^7.28.6
1815 silly placeDep ROOT @babel/helper-globals@7.28.0 OK for: @babel/traverse@7.29.0 want: ^7.28.0
1816 silly placeDep ROOT @babel/helper-string-parser@7.27.1 OK for: @babel/types@7.29.0 want: ^7.27.1
1817 silly fetch manifest browserslist@>= 4.21.0
1818 silly packumentCache full:https://registry.npmjs.org/browserslist cache-hit
1819 silly placeDep ROOT baseline-browser-mapping@2.10.0 OK for: browserslist@4.28.1 want: ^2.9.0
1820 silly placeDep ROOT caniuse-lite@1.0.30001772 OK for: browserslist@4.28.1 want: ^1.0.30001759
1821 silly placeDep ROOT electron-to-chromium@1.5.302 OK for: browserslist@4.28.1 want: ^1.5.263
1822 silly placeDep ROOT node-releases@2.0.27 OK for: browserslist@4.28.1 want: ^2.0.27
1823 silly placeDep ROOT update-browserslist-db@1.2.3 OK for: browserslist@4.28.1 want: ^1.2.0
1824 silly fetch manifest escalade@^3.2.0
1825 silly packumentCache full:https://registry.npmjs.org/escalade cache-miss
1826 http cache https://registry.npmjs.org/escalade 2ms (cache hit)
1827 silly packumentCache full:https://registry.npmjs.org/escalade set size:33724 disposed:false
1828 silly placeDep ROOT esrecurse@4.3.0 OK for: eslint-scope@8.4.0 want: ^4.3.0
1829 silly placeDep ROOT acorn@8.16.0 OK for: espree@10.4.0 want: ^8.15.0
1830 silly placeDep ROOT acorn-jsx@5.3.2 OK for: espree@10.4.0 want: ^5.3.2
1831 silly placeDep ROOT @nodelib/fs.stat@2.0.5 OK for: fast-glob@3.3.1 want: ^2.0.2
1832 silly placeDep ROOT @nodelib/fs.walk@1.2.8 OK for: fast-glob@3.3.1 want: ^1.2.3
1833 silly placeDep node_modules/fast-glob glob-parent@5.1.2 OK for: fast-glob@3.3.1 want: ^5.1.2
1834 silly placeDep ROOT merge2@1.4.1 OK for: fast-glob@3.3.1 want: ^1.3.0
1835 silly placeDep ROOT micromatch@4.0.8 OK for: fast-glob@3.3.1 want: ^4.0.4
1836 silly fetch manifest fastq@^1.6.0
1837 silly packumentCache full:https://registry.npmjs.org/fastq cache-miss
1838 silly fetch manifest @nodelib/fs.scandir@2.1.5
1839 silly packumentCache full:https://registry.npmjs.org/@nodelib%2ffs.scandir cache-miss
1840 silly fetch manifest braces@^3.0.3
1841 silly packumentCache full:https://registry.npmjs.org/braces cache-miss
1842 silly fetch manifest picomatch@^2.3.1
1843 silly packumentCache full:https://registry.npmjs.org/picomatch cache-hit
1844 http cache https://registry.npmjs.org/fastq 3ms (cache hit)
1845 silly packumentCache full:https://registry.npmjs.org/fastq set size:78301 disposed:false
1846 http cache https://registry.npmjs.org/@nodelib%2ffs.scandir 3ms (cache hit)
1847 silly packumentCache full:https://registry.npmjs.org/@nodelib%2ffs.scandir set size:49256 disposed:false
1848 http cache https://registry.npmjs.org/braces 4ms (cache hit)
1849 silly packumentCache full:https://registry.npmjs.org/braces set size:114529 disposed:false
1850 silly placeDep ROOT @nodelib/fs.scandir@2.1.5 OK for: @nodelib/fs.walk@1.2.8 want: 2.1.5
1851 silly placeDep ROOT fastq@1.20.1 OK for: @nodelib/fs.walk@1.2.8 want: ^1.6.0
1852 silly fetch manifest run-parallel@^1.1.9
1853 silly packumentCache full:https://registry.npmjs.org/run-parallel cache-miss
1854 silly fetch manifest reusify@^1.0.4
1855 silly packumentCache full:https://registry.npmjs.org/reusify cache-miss
1856 http cache https://registry.npmjs.org/reusify 3ms (cache hit)
1857 silly packumentCache full:https://registry.npmjs.org/reusify set size:14249 disposed:false
1858 http cache https://registry.npmjs.org/run-parallel 4ms (cache hit)
1859 silly packumentCache full:https://registry.npmjs.org/run-parallel set size:35172 disposed:false
1860 silly placeDep ROOT run-parallel@1.2.0 OK for: @nodelib/fs.scandir@2.1.5 want: ^1.1.9
1861 silly fetch manifest queue-microtask@^1.2.2
1862 silly packumentCache full:https://registry.npmjs.org/queue-microtask cache-miss
1863 http cache https://registry.npmjs.org/queue-microtask 1ms (cache hit)
1864 silly packumentCache full:https://registry.npmjs.org/queue-microtask set size:36088 disposed:false
1865 silly placeDep ROOT reusify@1.1.0 OK for: fastq@1.20.1 want: ^1.0.4
1866 silly placeDep ROOT flat-cache@4.0.1 OK for: file-entry-cache@8.0.0 want: ^4.0.0
1867 silly fetch manifest keyv@^4.5.4
1868 silly packumentCache full:https://registry.npmjs.org/keyv cache-miss
1869 silly fetch manifest flatted@^3.2.9
1870 silly packumentCache full:https://registry.npmjs.org/flatted cache-miss
1871 http cache https://registry.npmjs.org/flatted 2ms (cache hit)
1872 silly packumentCache full:https://registry.npmjs.org/flatted set size:126610 disposed:false
1873 http cache https://registry.npmjs.org/keyv 3ms (cache hit)
1874 silly packumentCache full:https://registry.npmjs.org/keyv set size:235223 disposed:false
1875 silly placeDep ROOT locate-path@6.0.0 OK for: find-up@5.0.0 want: ^6.0.0
1876 silly placeDep ROOT path-exists@4.0.0 OK for: find-up@5.0.0 want: ^4.0.0
1877 silly fetch manifest p-locate@^5.0.0
1878 silly packumentCache full:https://registry.npmjs.org/p-locate cache-miss
1879 http cache https://registry.npmjs.org/p-locate 2ms (cache hit)
1880 silly packumentCache full:https://registry.npmjs.org/p-locate set size:22488 disposed:false
1881 silly placeDep ROOT flatted@3.3.3 OK for: flat-cache@4.0.1 want: ^3.2.9
1882 silly placeDep ROOT keyv@4.5.4 OK for: flat-cache@4.0.1 want: ^4.5.4
1883 silly fetch manifest json-buffer@3.0.1
1884 silly packumentCache full:https://registry.npmjs.org/json-buffer cache-miss
1885 http cache https://registry.npmjs.org/json-buffer 1ms (cache hit)
1886 silly packumentCache full:https://registry.npmjs.org/json-buffer set size:23474 disposed:false
1887 silly placeDep ROOT functions-have-names@1.2.3 OK for: function.prototype.name@1.1.8 want: ^1.2.3
1888 silly placeDep ROOT dunder-proto@1.0.1 OK for: get-proto@1.0.1 want: ^1.0.1
1889 silly placeDep ROOT resolve-pkg-maps@1.0.0 OK for: get-tsconfig@4.13.6 want: ^1.0.0
1890 silly placeDep ROOT hermes-estree@0.25.1 OK for: hermes-parser@0.25.1 want: 0.25.1
1891 silly placeDep ROOT parent-module@1.0.1 OK for: import-fresh@3.3.1 want: ^1.0.0
1892 silly placeDep ROOT resolve-from@4.0.0 OK for: import-fresh@3.3.1 want: ^4.0.0
1893 silly fetch manifest callsites@^3.0.0
1894 silly packumentCache full:https://registry.npmjs.org/callsites cache-miss
1895 http cache https://registry.npmjs.org/callsites 1ms (cache hit)
1896 silly packumentCache full:https://registry.npmjs.org/callsites set size:21349 disposed:false
1897 silly placeDep ROOT side-channel@1.1.0 OK for: internal-slot@1.1.0 want: ^1.1.0
1898 silly fetch manifest side-channel-list@^1.0.0
1899 silly packumentCache full:https://registry.npmjs.org/side-channel-list cache-miss
1900 silly fetch manifest side-channel-map@^1.0.1
1901 silly packumentCache full:https://registry.npmjs.org/side-channel-map cache-miss
1902 silly fetch manifest side-channel-weakmap@^1.0.2
1903 silly packumentCache full:https://registry.npmjs.org/side-channel-weakmap cache-miss
1904 http cache https://registry.npmjs.org/side-channel-list 2ms (cache hit)
1905 silly packumentCache full:https://registry.npmjs.org/side-channel-list set size:6005 disposed:false
1906 http cache https://registry.npmjs.org/side-channel-weakmap 2ms (cache hit)
1907 silly packumentCache full:https://registry.npmjs.org/side-channel-weakmap set size:12620 disposed:false
1908 http cache https://registry.npmjs.org/side-channel-map 2ms (cache hit)
1909 silly packumentCache full:https://registry.npmjs.org/side-channel-map set size:9126 disposed:false
1910 silly placeDep node_modules/is-bun-module semver@7.7.4 OK for: is-bun-module@2.0.0 want: ^7.7.1
1911 silly placeDep ROOT is-extglob@2.1.1 OK for: is-glob@4.0.3 want: ^2.1.1
1912 silly placeDep ROOT set-function-name@2.0.2 OK for: iterator.prototype@1.1.5 want: ^2.0.2
1913 silly placeDep ROOT argparse@2.0.1 OK for: js-yaml@4.1.1 want: ^2.0.1
1914 silly placeDep ROOT json-buffer@3.0.1 OK for: keyv@4.5.4 want: 3.0.1
1915 silly placeDep ROOT language-subtag-registry@0.3.23 OK for: language-tags@1.0.9 want: ^0.3.20
1916 silly placeDep ROOT prelude-ls@1.2.1 OK for: levn@0.4.1 want: ^1.2.1
1917 silly placeDep ROOT type-check@0.4.0 OK for: levn@0.4.1 want: ~0.4.0
1918 silly placeDep ROOT detect-libc@2.1.2 OK for: lightningcss@1.31.1 want: ^2.0.3
1919 silly placeDep ROOT lightningcss-android-arm64@1.31.1 OK for: lightningcss@1.31.1 want: 1.31.1
1920 silly placeDep ROOT lightningcss-darwin-arm64@1.31.1 OK for: lightningcss@1.31.1 want: 1.31.1
1921 silly placeDep ROOT lightningcss-darwin-x64@1.31.1 OK for: lightningcss@1.31.1 want: 1.31.1
1922 silly placeDep ROOT lightningcss-freebsd-x64@1.31.1 OK for: lightningcss@1.31.1 want: 1.31.1
1923 silly placeDep ROOT lightningcss-linux-arm-gnueabihf@1.31.1 OK for: lightningcss@1.31.1 want: 1.31.1
1924 silly placeDep ROOT lightningcss-linux-arm64-gnu@1.31.1 OK for: lightningcss@1.31.1 want: 1.31.1
1925 silly placeDep ROOT lightningcss-linux-arm64-musl@1.31.1 OK for: lightningcss@1.31.1 want: 1.31.1
1926 silly placeDep ROOT lightningcss-linux-x64-gnu@1.31.1 OK for: lightningcss@1.31.1 want: 1.31.1
1927 silly placeDep ROOT lightningcss-linux-x64-musl@1.31.1 OK for: lightningcss@1.31.1 want: 1.31.1
1928 silly placeDep ROOT lightningcss-win32-arm64-msvc@1.31.1 OK for: lightningcss@1.31.1 want: 1.31.1
1929 silly placeDep ROOT lightningcss-win32-x64-msvc@1.31.1 OK for: lightningcss@1.31.1 want: 1.31.1
1930 silly placeDep ROOT p-locate@5.0.0 OK for: locate-path@6.0.0 want: ^5.0.0
1931 silly fetch manifest p-limit@^3.0.2
1932 silly packumentCache full:https://registry.npmjs.org/p-limit cache-miss
1933 http cache https://registry.npmjs.org/p-limit 2ms (cache hit)
1934 silly packumentCache full:https://registry.npmjs.org/p-limit set size:61867 disposed:false
1935 silly placeDep ROOT yallist@3.1.1 OK for: lru-cache@5.1.1 want: ^3.0.2
1936 silly placeDep ROOT braces@3.0.3 OK for: micromatch@4.0.8 want: ^3.0.3
1937 silly placeDep ROOT picomatch@2.3.1 OK for: micromatch@4.0.8 want: ^2.3.1
1938 silly fetch manifest fill-range@^7.1.1
1939 silly packumentCache full:https://registry.npmjs.org/fill-range cache-miss
1940 http cache https://registry.npmjs.org/fill-range 1ms (cache hit)
1941 silly packumentCache full:https://registry.npmjs.org/fill-range set size:90212 disposed:false
1942 silly placeDep ROOT fill-range@7.1.1 OK for: braces@3.0.3 want: ^7.1.1
1943 silly fetch manifest to-regex-range@^5.0.1
1944 silly packumentCache full:https://registry.npmjs.org/to-regex-range cache-miss
1945 http cache https://registry.npmjs.org/to-regex-range 2ms (cache hit)
1946 silly packumentCache full:https://registry.npmjs.org/to-regex-range set size:61569 disposed:false
1947 silly placeDep ROOT to-regex-range@5.0.1 OK for: fill-range@7.1.1 want: ^5.0.1
1948 silly fetch manifest is-number@^7.0.0
1949 silly packumentCache full:https://registry.npmjs.org/is-number cache-miss
1950 http cache https://registry.npmjs.org/is-number 1ms (cache hit)
1951 silly packumentCache full:https://registry.npmjs.org/is-number set size:36183 disposed:false
1952 silly placeDep ROOT brace-expansion@1.1.12 OK for: minimatch@3.1.3 want: ^1.1.7
1953 silly fetch manifest concat-map@0.0.1
1954 silly packumentCache full:https://registry.npmjs.org/concat-map cache-miss
1955 silly fetch manifest balanced-match@^1.0.0
1956 silly packumentCache full:https://registry.npmjs.org/balanced-match cache-miss
1957 http cache https://registry.npmjs.org/concat-map 1ms (cache hit)
1958 silly packumentCache full:https://registry.npmjs.org/concat-map set size:9290 disposed:false
1959 http cache https://registry.npmjs.org/balanced-match 1ms (cache hit)
1960 silly packumentCache full:https://registry.npmjs.org/balanced-match set size:36751 disposed:false
1961 silly placeDep ROOT balanced-match@1.0.2 OK for: brace-expansion@1.1.12 want: ^1.0.0
1962 silly placeDep ROOT concat-map@0.0.1 OK for: brace-expansion@1.1.12 want: 0.0.1
1963 silly fetch manifest react@^18.2.0 || 19.0.0-rc-de68d2f4-20241204 || ^19.0.0
1964 silly packumentCache full:https://registry.npmjs.org/react cache-miss
1965 http cache https://registry.npmjs.org/react 6ms (cache hit)
1966 silly packumentCache full:https://registry.npmjs.org/react set size:6508025 disposed:false
1967 silly placeDep ROOT @next/env@16.1.6 OK for: next@16.1.6 want: 16.1.6
1968 silly placeDep ROOT @next/swc-darwin-arm64@16.1.6 OK for: next@16.1.6 want: 16.1.6
1969 silly placeDep ROOT @next/swc-darwin-x64@16.1.6 OK for: next@16.1.6 want: 16.1.6
1970 silly placeDep ROOT @next/swc-linux-arm64-gnu@16.1.6 OK for: next@16.1.6 want: 16.1.6
1971 silly placeDep ROOT @next/swc-linux-arm64-musl@16.1.6 OK for: next@16.1.6 want: 16.1.6
1972 silly placeDep ROOT @next/swc-linux-x64-gnu@16.1.6 OK for: next@16.1.6 want: 16.1.6
1973 silly placeDep ROOT @next/swc-linux-x64-musl@16.1.6 OK for: next@16.1.6 want: 16.1.6
1974 silly placeDep ROOT @next/swc-win32-arm64-msvc@16.1.6 OK for: next@16.1.6 want: 16.1.6
1975 silly placeDep ROOT @next/swc-win32-x64-msvc@16.1.6 OK for: next@16.1.6 want: 16.1.6
1976 silly placeDep ROOT @swc/helpers@0.5.15 OK for: next@16.1.6 want: 0.5.15
1977 silly placeDep node_modules/next postcss@8.4.31 OK for: next@16.1.6 want: 8.4.31
1978 silly placeDep ROOT sharp@0.34.5 OK for: next@16.1.6 want: ^0.34.4
1979 silly placeDep ROOT styled-jsx@5.1.6 OK for: next@16.1.6 want: 5.1.6
1980 silly fetch manifest tslib@^2.8.0
1981 silly packumentCache full:https://registry.npmjs.org/tslib cache-miss
1982 silly fetch manifest nanoid@^3.3.6
1983 silly packumentCache full:https://registry.npmjs.org/nanoid cache-hit
1984 silly fetch manifest semver@^7.7.3
1985 silly packumentCache full:https://registry.npmjs.org/semver cache-hit
1986 silly fetch manifest @img/colour@^1.0.0
1987 silly packumentCache full:https://registry.npmjs.org/@img%2fcolour cache-miss
1988 silly fetch manifest @img/sharp-wasm32@0.34.5
1989 silly packumentCache full:https://registry.npmjs.org/@img%2fsharp-wasm32 cache-miss
1990 silly fetch manifest @img/sharp-linux-arm@0.34.5
1991 silly packumentCache full:https://registry.npmjs.org/@img%2fsharp-linux-arm cache-miss
1992 silly fetch manifest @img/sharp-linux-x64@0.34.5
1993 silly packumentCache full:https://registry.npmjs.org/@img%2fsharp-linux-x64 cache-miss
1994 silly fetch manifest @img/sharp-win32-x64@0.34.5
1995 silly packumentCache full:https://registry.npmjs.org/@img%2fsharp-win32-x64 cache-miss
1996 silly fetch manifest @img/sharp-darwin-x64@0.34.5
1997 silly packumentCache full:https://registry.npmjs.org/@img%2fsharp-darwin-x64 cache-miss
1998 http cache https://registry.npmjs.org/@img%2fcolour 7ms (cache hit)
1999 silly packumentCache full:https://registry.npmjs.org/@img%2fcolour set size:7189 disposed:false
2000 silly fetch manifest @img/sharp-win32-ia32@0.34.5
2001 silly packumentCache full:https://registry.npmjs.org/@img%2fsharp-win32-ia32 cache-miss
2002 http cache https://registry.npmjs.org/@img%2fsharp-linux-x64 7ms (cache hit)
2003 silly packumentCache full:https://registry.npmjs.org/@img%2fsharp-linux-x64 set size:66311 disposed:false
2004 silly fetch manifest @img/sharp-linux-arm64@0.34.5
2005 silly packumentCache full:https://registry.npmjs.org/@img%2fsharp-linux-arm64 cache-miss
2006 http cache https://registry.npmjs.org/@img%2fsharp-darwin-x64 7ms (cache hit)
2007 silly packumentCache full:https://registry.npmjs.org/@img%2fsharp-darwin-x64 set size:65222 disposed:false
2008 silly fetch manifest @img/sharp-linux-ppc64@0.34.5
2009 silly packumentCache full:https://registry.npmjs.org/@img%2fsharp-linux-ppc64 cache-miss
2010 http cache https://registry.npmjs.org/@img%2fsharp-wasm32 8ms (cache hit)
2011 silly packumentCache full:https://registry.npmjs.org/@img%2fsharp-wasm32 set size:61337 disposed:false
2012 silly fetch manifest @img/sharp-linux-s390x@0.34.5
2013 silly packumentCache full:https://registry.npmjs.org/@img%2fsharp-linux-s390x cache-miss
2014 http cache https://registry.npmjs.org/tslib 9ms (cache hit)
2015 silly packumentCache full:https://registry.npmjs.org/tslib set size:108760 disposed:false
2016 silly fetch manifest @img/sharp-win32-arm64@0.34.5
2017 silly packumentCache full:https://registry.npmjs.org/@img%2fsharp-win32-arm64 cache-miss
2018 http cache https://registry.npmjs.org/@img%2fsharp-linux-arm 10ms (cache hit)
2019 silly packumentCache full:https://registry.npmjs.org/@img%2fsharp-linux-arm set size:66643 disposed:false
2020 silly fetch manifest @img/sharp-darwin-arm64@0.34.5
2021 silly packumentCache full:https://registry.npmjs.org/@img%2fsharp-darwin-arm64 cache-miss
2022 http cache https://registry.npmjs.org/@img%2fsharp-win32-x64 9ms (cache hit)
2023 silly packumentCache full:https://registry.npmjs.org/@img%2fsharp-win32-x64 set size:64388 disposed:false
2024 silly fetch manifest @img/sharp-linux-riscv64@0.34.5
2025 silly packumentCache full:https://registry.npmjs.org/@img%2fsharp-linux-riscv64 cache-miss
2026 http cache https://registry.npmjs.org/@img%2fsharp-linux-arm64 7ms (cache hit)
2027 silly packumentCache full:https://registry.npmjs.org/@img%2fsharp-linux-arm64 set size:67207 disposed:false
2028 silly fetch manifest @img/sharp-linuxmusl-x64@0.34.5
2029 silly packumentCache full:https://registry.npmjs.org/@img%2fsharp-linuxmusl-x64 cache-miss
2030 http cache https://registry.npmjs.org/@img%2fsharp-win32-ia32 8ms (cache hit)
2031 silly packumentCache full:https://registry.npmjs.org/@img%2fsharp-win32-ia32 set size:65002 disposed:false
2032 silly fetch manifest @img/sharp-linuxmusl-arm64@0.34.5
2033 silly packumentCache full:https://registry.npmjs.org/@img%2fsharp-linuxmusl-arm64 cache-miss
2034 http cache https://registry.npmjs.org/@img%2fsharp-linux-ppc64 8ms (cache hit)
2035 silly packumentCache full:https://registry.npmjs.org/@img%2fsharp-linux-ppc64 set size:31912 disposed:false
2036 silly fetch manifest @img/sharp-libvips-linux-arm@1.2.4
2037 silly packumentCache full:https://registry.npmjs.org/@img%2fsharp-libvips-linux-arm cache-miss
2038 http cache https://registry.npmjs.org/@img%2fsharp-darwin-arm64 6ms (cache hit)
2039 silly packumentCache full:https://registry.npmjs.org/@img%2fsharp-darwin-arm64 set size:66119 disposed:false
2040 silly fetch manifest @img/sharp-libvips-linux-x64@1.2.4
2041 silly packumentCache full:https://registry.npmjs.org/@img%2fsharp-libvips-linux-x64 cache-miss
2042 http cache https://registry.npmjs.org/@img%2fsharp-linux-s390x 8ms (cache hit)
2043 silly packumentCache full:https://registry.npmjs.org/@img%2fsharp-linux-s390x set size:65172 disposed:false
2044 silly fetch manifest @img/sharp-libvips-darwin-x64@1.2.4
2045 silly packumentCache full:https://registry.npmjs.org/@img%2fsharp-libvips-darwin-x64 cache-miss
2046 http cache https://registry.npmjs.org/@img%2fsharp-win32-arm64 7ms (cache hit)
2047 silly packumentCache full:https://registry.npmjs.org/@img%2fsharp-win32-arm64 set size:23941 disposed:false
2048 silly fetch manifest @img/sharp-libvips-linux-arm64@1.2.4
2049 silly packumentCache full:https://registry.npmjs.org/@img%2fsharp-libvips-linux-arm64 cache-miss
2050 http cache https://registry.npmjs.org/@img%2fsharp-linux-riscv64 7ms (cache hit)
2051 silly packumentCache full:https://registry.npmjs.org/@img%2fsharp-linux-riscv64 set size:8972 disposed:false
2052 silly fetch manifest @img/sharp-libvips-linux-ppc64@1.2.4
2053 silly packumentCache full:https://registry.npmjs.org/@img%2fsharp-libvips-linux-ppc64 cache-miss
2054 http cache https://registry.npmjs.org/@img%2fsharp-linuxmusl-arm64 4ms (cache hit)
2055 silly packumentCache full:https://registry.npmjs.org/@img%2fsharp-linuxmusl-arm64 set size:68298 disposed:false
2056 silly fetch manifest @img/sharp-libvips-linux-s390x@1.2.4
2057 silly packumentCache full:https://registry.npmjs.org/@img%2fsharp-libvips-linux-s390x cache-miss
2058 http cache https://registry.npmjs.org/@img%2fsharp-linuxmusl-x64 5ms (cache hit)
2059 silly packumentCache full:https://registry.npmjs.org/@img%2fsharp-linuxmusl-x64 set size:67400 disposed:false
2060 silly fetch manifest @img/sharp-libvips-darwin-arm64@1.2.4
2061 silly packumentCache full:https://registry.npmjs.org/@img%2fsharp-libvips-darwin-arm64 cache-miss
2062 http cache https://registry.npmjs.org/@img%2fsharp-libvips-linux-arm 5ms (cache hit)
2063 silly packumentCache full:https://registry.npmjs.org/@img%2fsharp-libvips-linux-arm set size:58624 disposed:false
2064 silly fetch manifest @img/sharp-libvips-linux-riscv64@1.2.4
2065 silly packumentCache full:https://registry.npmjs.org/@img%2fsharp-libvips-linux-riscv64 cache-miss
2066 http cache https://registry.npmjs.org/@img%2fsharp-libvips-darwin-x64 4ms (cache hit)
2067 silly packumentCache full:https://registry.npmjs.org/@img%2fsharp-libvips-darwin-x64 set size:51923 disposed:false
2068 silly fetch manifest @img/sharp-libvips-linuxmusl-x64@1.2.4
2069 silly packumentCache full:https://registry.npmjs.org/@img%2fsharp-libvips-linuxmusl-x64 cache-miss
2070 http cache https://registry.npmjs.org/@img%2fsharp-libvips-linux-x64 5ms (cache hit)
2071 silly packumentCache full:https://registry.npmjs.org/@img%2fsharp-libvips-linux-x64 set size:56678 disposed:false
2072 silly fetch manifest @img/sharp-libvips-linuxmusl-arm64@1.2.4
2073 silly packumentCache full:https://registry.npmjs.org/@img%2fsharp-libvips-linuxmusl-arm64 cache-miss
2074 http cache https://registry.npmjs.org/@img%2fsharp-libvips-linux-arm64 5ms (cache hit)
2075 silly packumentCache full:https://registry.npmjs.org/@img%2fsharp-libvips-linux-arm64 set size:55489 disposed:false
2076 silly fetch manifest client-only@0.0.1
2077 silly packumentCache full:https://registry.npmjs.org/client-only cache-miss
2078 http cache https://registry.npmjs.org/@img%2fsharp-libvips-linux-ppc64 5ms (cache hit)
2079 silly packumentCache full:https://registry.npmjs.org/@img%2fsharp-libvips-linux-ppc64 set size:42709 disposed:false
2080 http cache https://registry.npmjs.org/@img%2fsharp-libvips-linux-s390x 5ms (cache hit)
2081 silly packumentCache full:https://registry.npmjs.org/@img%2fsharp-libvips-linux-s390x set size:51696 disposed:false
2082 http cache https://registry.npmjs.org/@img%2fsharp-libvips-linuxmusl-x64 3ms (cache hit)
2083 silly packumentCache full:https://registry.npmjs.org/@img%2fsharp-libvips-linuxmusl-x64 set size:53685 disposed:false
2084 http cache https://registry.npmjs.org/@img%2fsharp-libvips-darwin-arm64 5ms (cache hit)
2085 silly packumentCache full:https://registry.npmjs.org/@img%2fsharp-libvips-darwin-arm64 set size:52515 disposed:false
2086 http cache https://registry.npmjs.org/@img%2fsharp-libvips-linux-riscv64 5ms (cache hit)
2087 silly packumentCache full:https://registry.npmjs.org/@img%2fsharp-libvips-linux-riscv64 set size:28633 disposed:false
2088 http cache https://registry.npmjs.org/client-only 3ms (cache hit)
2089 silly packumentCache full:https://registry.npmjs.org/client-only set size:2750 disposed:false
2090 http cache https://registry.npmjs.org/@img%2fsharp-libvips-linuxmusl-arm64 4ms (cache hit)
2091 silly packumentCache full:https://registry.npmjs.org/@img%2fsharp-libvips-linuxmusl-arm64 set size:54314 disposed:false
2092 silly placeDep ROOT tslib@2.8.1 OK for: @swc/helpers@0.5.15 want: ^2.8.0
2093 silly placeDep ROOT deep-is@0.1.4 OK for: optionator@0.9.4 want: ^0.1.3
2094 silly placeDep ROOT fast-levenshtein@2.0.6 OK for: optionator@0.9.4 want: ^2.0.6
2095 silly placeDep ROOT word-wrap@1.2.5 OK for: optionator@0.9.4 want: ^1.2.5
2096 silly placeDep ROOT p-limit@3.1.0 OK for: p-locate@5.0.0 want: ^3.0.2
2097 silly fetch manifest yocto-queue@^0.1.0
2098 silly packumentCache full:https://registry.npmjs.org/yocto-queue cache-miss
2099 http cache https://registry.npmjs.org/yocto-queue 1ms (cache hit)
2100 silly packumentCache full:https://registry.npmjs.org/yocto-queue set size:20256 disposed:false
2101 silly placeDep ROOT yocto-queue@0.1.0 OK for: p-limit@3.1.0 want: ^0.1.0
2102 silly placeDep ROOT callsites@3.1.0 OK for: parent-module@1.0.1 want: ^3.0.0
2103 silly placeDep ROOT nanoid@3.3.11 OK for: postcss@8.5.6 want: ^3.3.11
2104 silly placeDep ROOT loose-envify@1.4.0 OK for: prop-types@15.8.1 want: ^1.4.0
2105 silly placeDep ROOT object-assign@4.1.1 OK for: prop-types@15.8.1 want: ^4.1.1
2106 silly placeDep ROOT react-is@16.13.1 OK for: prop-types@15.8.1 want: ^16.13.1
2107 silly placeDep ROOT scheduler@0.27.0 OK for: react-dom@19.2.3 want: ^0.27.0
2108 silly placeDep ROOT path-parse@1.0.7 OK for: resolve@1.22.11 want: ^1.0.7
2109 silly placeDep ROOT supports-preserve-symlinks-flag@1.0.0 OK for: resolve@1.22.11 want: ^1.0.0
2110 silly placeDep ROOT queue-microtask@1.2.3 OK for: run-parallel@1.2.0 want: ^1.2.2
2111 silly placeDep ROOT isarray@2.0.5 OK for: safe-array-concat@1.1.3 want: ^2.0.5
2112 silly placeDep ROOT @img/colour@1.0.0 OK for: sharp@0.34.5 want: ^1.0.0
2113 silly placeDep ROOT @img/sharp-darwin-arm64@0.34.5 OK for: sharp@0.34.5 want: 0.34.5
2114 silly placeDep ROOT @img/sharp-darwin-x64@0.34.5 OK for: sharp@0.34.5 want: 0.34.5
2115 silly placeDep ROOT @img/sharp-libvips-darwin-arm64@1.2.4 OK for: sharp@0.34.5 want: 1.2.4
2116 silly placeDep ROOT @img/sharp-libvips-darwin-x64@1.2.4 OK for: sharp@0.34.5 want: 1.2.4
2117 silly placeDep ROOT @img/sharp-libvips-linux-arm@1.2.4 OK for: sharp@0.34.5 want: 1.2.4
2118 silly placeDep ROOT @img/sharp-libvips-linux-arm64@1.2.4 OK for: sharp@0.34.5 want: 1.2.4
2119 silly placeDep ROOT @img/sharp-libvips-linux-ppc64@1.2.4 OK for: sharp@0.34.5 want: 1.2.4
2120 silly placeDep ROOT @img/sharp-libvips-linux-riscv64@1.2.4 OK for: sharp@0.34.5 want: 1.2.4
2121 silly placeDep ROOT @img/sharp-libvips-linux-s390x@1.2.4 OK for: sharp@0.34.5 want: 1.2.4
2122 silly placeDep ROOT @img/sharp-libvips-linux-x64@1.2.4 OK for: sharp@0.34.5 want: 1.2.4
2123 silly placeDep ROOT @img/sharp-libvips-linuxmusl-arm64@1.2.4 OK for: sharp@0.34.5 want: 1.2.4
2124 silly placeDep ROOT @img/sharp-libvips-linuxmusl-x64@1.2.4 OK for: sharp@0.34.5 want: 1.2.4
2125 silly placeDep ROOT @img/sharp-linux-arm@0.34.5 OK for: sharp@0.34.5 want: 0.34.5
2126 silly placeDep ROOT @img/sharp-linux-arm64@0.34.5 OK for: sharp@0.34.5 want: 0.34.5
2127 silly placeDep ROOT @img/sharp-linux-ppc64@0.34.5 OK for: sharp@0.34.5 want: 0.34.5
2128 silly placeDep ROOT @img/sharp-linux-riscv64@0.34.5 OK for: sharp@0.34.5 want: 0.34.5
2129 silly placeDep ROOT @img/sharp-linux-s390x@0.34.5 OK for: sharp@0.34.5 want: 0.34.5
2130 silly placeDep ROOT @img/sharp-linux-x64@0.34.5 OK for: sharp@0.34.5 want: 0.34.5
2131 silly placeDep ROOT @img/sharp-linuxmusl-arm64@0.34.5 OK for: sharp@0.34.5 want: 0.34.5
2132 silly placeDep ROOT @img/sharp-linuxmusl-x64@0.34.5 OK for: sharp@0.34.5 want: 0.34.5
2133 silly placeDep ROOT @img/sharp-wasm32@0.34.5 OK for: sharp@0.34.5 want: 0.34.5
2134 silly placeDep ROOT @img/sharp-win32-arm64@0.34.5 OK for: sharp@0.34.5 want: 0.34.5
2135 silly placeDep ROOT @img/sharp-win32-ia32@0.34.5 OK for: sharp@0.34.5 want: 0.34.5
2136 silly placeDep ROOT @img/sharp-win32-x64@0.34.5 OK for: sharp@0.34.5 want: 0.34.5
2137 silly placeDep node_modules/sharp semver@7.7.4 OK for: sharp@0.34.5 want: ^7.7.3
2138 silly fetch manifest @emnapi/runtime@^1.7.0
2139 silly packumentCache full:https://registry.npmjs.org/@emnapi%2fruntime cache-miss
2140 http cache https://registry.npmjs.org/@emnapi%2fruntime 1ms (cache hit)
2141 silly packumentCache full:https://registry.npmjs.org/@emnapi%2fruntime set size:99452 disposed:false
2142 silly placeDep ROOT @emnapi/runtime@1.8.1 OK for: @img/sharp-wasm32@0.34.5 want: ^1.7.0
2143 silly placeDep ROOT shebang-regex@3.0.0 OK for: shebang-command@2.0.0 want: ^3.0.0
2144 silly placeDep ROOT side-channel-list@1.0.0 OK for: side-channel@1.1.0 want: ^1.0.0
2145 silly placeDep ROOT side-channel-map@1.0.1 OK for: side-channel@1.1.0 want: ^1.0.1
2146 silly placeDep ROOT side-channel-weakmap@1.0.2 OK for: side-channel@1.1.0 want: ^1.0.2
2147 silly placeDep ROOT client-only@0.0.1 OK for: styled-jsx@5.1.6 want: 0.0.1
2148 silly placeDep ROOT has-flag@4.0.0 OK for: supports-color@7.2.0 want: ^4.0.0
2149 silly placeDep node_modules/tinyglobby fdir@6.5.0 OK for: tinyglobby@0.2.15 want: ^6.5.0
2150 silly placeDep node_modules/tinyglobby picomatch@4.0.3 OK for: fdir@6.5.0 want: ^3 || ^4
2151 silly placeDep ROOT is-number@7.0.0 OK for: to-regex-range@5.0.1 want: ^7.0.0
2152 silly placeDep ROOT @types/json5@0.0.29 OK for: tsconfig-paths@3.15.0 want: ^0.0.29
2153 silly placeDep node_modules/tsconfig-paths json5@1.0.2 OK for: tsconfig-paths@3.15.0 want: ^1.0.2
2154 silly placeDep ROOT minimist@1.2.8 OK for: tsconfig-paths@3.15.0 want: ^1.2.6
2155 silly placeDep ROOT strip-bom@3.0.0 OK for: tsconfig-paths@3.15.0 want: ^3.0.0
2156 silly fetch manifest minimist@^1.2.0
2157 silly packumentCache full:https://registry.npmjs.org/minimist cache-hit
2158 silly placeDep ROOT for-each@0.3.5 OK for: typed-array-byte-length@1.0.3 want: ^0.3.3
2159 silly placeDep ROOT reflect.getprototypeof@1.0.10 OK for: typed-array-byte-offset@1.0.4 want: ^1.0.9
2160 silly fetch manifest which-builtin-type@^1.2.1
2161 silly packumentCache full:https://registry.npmjs.org/which-builtin-type cache-miss
2162 http cache https://registry.npmjs.org/which-builtin-type 2ms (cache hit)
2163 silly packumentCache full:https://registry.npmjs.org/which-builtin-type set size:39107 disposed:false
2164 silly placeDep ROOT which-builtin-type@1.2.1 OK for: reflect.getprototypeof@1.0.10 want: ^1.2.1
2165 silly fetch manifest is-async-function@^2.0.0
2166 silly packumentCache full:https://registry.npmjs.org/is-async-function cache-miss
2167 silly fetch manifest is-finalizationregistry@^1.1.0
2168 silly packumentCache full:https://registry.npmjs.org/is-finalizationregistry cache-miss
2169 silly fetch manifest is-generator-function@^1.0.10
2170 silly packumentCache full:https://registry.npmjs.org/is-generator-function cache-miss
2171 silly fetch manifest which-boxed-primitive@^1.1.0
2172 silly packumentCache full:https://registry.npmjs.org/which-boxed-primitive cache-hit
2173 silly fetch manifest which-collection@^1.0.2
2174 silly packumentCache full:https://registry.npmjs.org/which-collection cache-miss
2175 http cache https://registry.npmjs.org/is-async-function 2ms (cache hit)
2176 silly packumentCache full:https://registry.npmjs.org/is-async-function set size:51614 disposed:false
2177 http cache https://registry.npmjs.org/is-finalizationregistry 2ms (cache hit)
2178 silly packumentCache full:https://registry.npmjs.org/is-finalizationregistry set size:19800 disposed:false
2179 http cache https://registry.npmjs.org/is-generator-function 2ms (cache hit)
2180 silly packumentCache full:https://registry.npmjs.org/is-generator-function set size:44643 disposed:false
2181 http cache https://registry.npmjs.org/which-collection 3ms (cache hit)
2182 silly packumentCache full:https://registry.npmjs.org/which-collection set size:13607 disposed:false
2183 silly fetch manifest eslint@^8.57.0 || ^9.0.0 || ^10.0.0
2184 silly packumentCache full:https://registry.npmjs.org/eslint cache-miss
2185 http cache https://registry.npmjs.org/eslint 3ms (cache hit)
2186 silly packumentCache full:https://registry.npmjs.org/eslint set size:1942719 disposed:false
2187 silly fetch manifest typescript@>=4.8.4 <6.0.0
2188 silly packumentCache full:https://registry.npmjs.org/typescript cache-miss
2189 http cache https://registry.npmjs.org/typescript 14ms (cache hit)
2190 silly packumentCache full:https://registry.npmjs.org/typescript set size:15276399 disposed:false
2191 silly placeDep ROOT @typescript-eslint/eslint-plugin@8.56.0 OK for: typescript-eslint@8.56.0 want: 8.56.0
2192 silly placeDep ROOT @typescript-eslint/parser@8.56.0 OK for: @typescript-eslint/eslint-plugin@8.56.0 want: ^8.56.0
2193 silly placeDep ROOT @typescript-eslint/typescript-estree@8.56.0 OK for: typescript-eslint@8.56.0 want: 8.56.0
2194 silly placeDep ROOT @typescript-eslint/utils@8.56.0 OK for: typescript-eslint@8.56.0 want: 8.56.0
2195 silly fetch manifest ignore@^7.0.5
2196 silly packumentCache full:https://registry.npmjs.org/ignore cache-hit
2197 silly fetch manifest ts-api-utils@^2.4.0
2198 silly packumentCache full:https://registry.npmjs.org/ts-api-utils cache-miss
2199 silly fetch manifest @typescript-eslint/type-utils@8.56.0
2200 silly packumentCache full:https://registry.npmjs.org/@typescript-eslint%2ftype-utils cache-miss
2201 silly fetch manifest @typescript-eslint/visitor-keys@8.56.0
2202 silly packumentCache full:https://registry.npmjs.org/@typescript-eslint%2fvisitor-keys cache-miss
2203 silly fetch manifest @typescript-eslint/scope-manager@8.56.0
2204 silly packumentCache full:https://registry.npmjs.org/@typescript-eslint%2fscope-manager cache-miss
2205 silly fetch manifest @typescript-eslint/types@8.56.0
2206 silly packumentCache full:https://registry.npmjs.org/@typescript-eslint%2ftypes cache-miss
2207 silly fetch manifest @typescript-eslint/visitor-keys@8.56.0
2208 silly packumentCache full:https://registry.npmjs.org/@typescript-eslint%2fvisitor-keys cache-miss
2209 silly fetch manifest @typescript-eslint/scope-manager@8.56.0
2210 silly packumentCache full:https://registry.npmjs.org/@typescript-eslint%2fscope-manager cache-miss
2211 http cache https://registry.npmjs.org/ts-api-utils 6ms (cache hit)
2212 silly packumentCache full:https://registry.npmjs.org/ts-api-utils set size:220519 disposed:false
2213 silly fetch manifest minimatch@^9.0.5
2214 silly packumentCache full:https://registry.npmjs.org/minimatch cache-hit
2215 silly fetch manifest @typescript-eslint/types@8.56.0
2216 silly packumentCache full:https://registry.npmjs.org/@typescript-eslint%2ftypes cache-miss
2217 http cache https://registry.npmjs.org/@typescript-eslint%2fvisitor-keys 18ms (cache hit)
2218 silly packumentCache full:https://registry.npmjs.org/@typescript-eslint%2fvisitor-keys set size:11493774 disposed:false
2219 silly fetch manifest @typescript-eslint/tsconfig-utils@8.56.0
2220 silly packumentCache full:https://registry.npmjs.org/@typescript-eslint%2ftsconfig-utils cache-miss
2221 http cache https://registry.npmjs.org/@typescript-eslint%2ftypes 55ms (cache hit)
2222 silly packumentCache full:https://registry.npmjs.org/@typescript-eslint%2ftypes set size:11864652 disposed:false
2223 silly fetch manifest @typescript-eslint/project-service@8.56.0
2224 silly packumentCache full:https://registry.npmjs.org/@typescript-eslint%2fproject-service cache-miss
2225 http cache https://registry.npmjs.org/@typescript-eslint%2fscope-manager 104ms (cache hit)
2226 silly packumentCache full:https://registry.npmjs.org/@typescript-eslint%2fscope-manager set size:12059488 disposed:false
2227 http cache https://registry.npmjs.org/@typescript-eslint%2fvisitor-keys 138ms (cache hit)
2228 silly packumentCache full:https://registry.npmjs.org/@typescript-eslint%2fvisitor-keys set size:11493774 disposed:false
2229 http cache https://registry.npmjs.org/@typescript-eslint%2ftype-utils 169ms (cache hit)
2230 silly packumentCache full:https://registry.npmjs.org/@typescript-eslint%2ftype-utils set size:8937611 disposed:false
2231 http cache https://registry.npmjs.org/@typescript-eslint%2fscope-manager 198ms (cache hit)
2232 silly packumentCache full:https://registry.npmjs.org/@typescript-eslint%2fscope-manager set size:12059488 disposed:false
2233 http cache https://registry.npmjs.org/@typescript-eslint%2ftsconfig-utils 206ms (cache hit)
2234 silly packumentCache full:https://registry.npmjs.org/@typescript-eslint%2ftsconfig-utils set size:900219 disposed:false
2235 http cache https://registry.npmjs.org/@typescript-eslint%2fproject-service 161ms (cache hit)
2236 silly packumentCache full:https://registry.npmjs.org/@typescript-eslint%2fproject-service set size:957190 disposed:false
2237 http cache https://registry.npmjs.org/@typescript-eslint%2ftypes 260ms (cache hit)
2238 silly packumentCache full:https://registry.npmjs.org/@typescript-eslint%2ftypes set size:11864652 disposed:false
2239 silly placeDep ROOT @typescript-eslint/scope-manager@8.56.0 OK for: @typescript-eslint/eslint-plugin@8.56.0 want: 8.56.0
2240 silly placeDep ROOT @typescript-eslint/type-utils@8.56.0 OK for: @typescript-eslint/eslint-plugin@8.56.0 want: 8.56.0
2241 silly placeDep ROOT @typescript-eslint/visitor-keys@8.56.0 OK for: @typescript-eslint/eslint-plugin@8.56.0 want: 8.56.0
2242 silly placeDep node_modules/@typescript-eslint/eslint-plugin ignore@7.0.5 OK for: @typescript-eslint/eslint-plugin@8.56.0 want: ^7.0.5
2243 silly placeDep ROOT ts-api-utils@2.4.0 OK for: @typescript-eslint/eslint-plugin@8.56.0 want: ^2.4.0
2244 silly fetch manifest eslint-visitor-keys@^5.0.0
2245 silly packumentCache full:https://registry.npmjs.org/eslint-visitor-keys cache-hit
2246 silly placeDep ROOT @typescript-eslint/types@8.56.0 OK for: @typescript-eslint/parser@8.56.0 want: 8.56.0
2247 silly placeDep ROOT @typescript-eslint/project-service@8.56.0 OK for: @typescript-eslint/typescript-estree@8.56.0 want: 8.56.0
2248 silly placeDep ROOT @typescript-eslint/tsconfig-utils@8.56.0 OK for: @typescript-eslint/typescript-estree@8.56.0 want: 8.56.0
2249 silly placeDep node_modules/@typescript-eslint/typescript-estree minimatch@9.0.6 OK for: @typescript-eslint/typescript-estree@8.56.0 want: ^9.0.5
2250 silly placeDep node_modules/@typescript-eslint/typescript-estree semver@7.7.4 OK for: @typescript-eslint/typescript-estree@8.56.0 want: ^7.7.3
2251 silly fetch manifest @typescript-eslint/tsconfig-utils@^8.56.0
2252 silly packumentCache full:https://registry.npmjs.org/@typescript-eslint%2ftsconfig-utils cache-hit
2253 silly fetch manifest brace-expansion@^5.0.2
2254 silly packumentCache full:https://registry.npmjs.org/brace-expansion cache-hit
2255 silly placeDep node_modules/@typescript-eslint/visitor-keys eslint-visitor-keys@5.0.1 OK for: @typescript-eslint/visitor-keys@8.56.0 want: ^5.0.0
2256 silly placeDep ROOT has-bigints@1.1.0 OK for: unbox-primitive@1.1.0 want: ^1.0.2
2257 silly placeDep ROOT which-boxed-primitive@1.1.1 OK for: unbox-primitive@1.1.0 want: ^1.1.1
2258 silly fetch manifest is-bigint@^1.1.0
2259 silly packumentCache full:https://registry.npmjs.org/is-bigint cache-miss
2260 silly fetch manifest is-boolean-object@^1.2.1
2261 silly packumentCache full:https://registry.npmjs.org/is-boolean-object cache-miss
2262 silly fetch manifest is-number-object@^1.1.1
2263 silly packumentCache full:https://registry.npmjs.org/is-number-object cache-miss
2264 http cache https://registry.npmjs.org/is-bigint 3ms (cache hit)
2265 silly packumentCache full:https://registry.npmjs.org/is-bigint set size:20283 disposed:false
2266 http cache https://registry.npmjs.org/is-number-object 4ms (cache hit)
2267 silly packumentCache full:https://registry.npmjs.org/is-number-object set size:31189 disposed:false
2268 http cache https://registry.npmjs.org/is-boolean-object 4ms (cache hit)
2269 silly packumentCache full:https://registry.npmjs.org/is-boolean-object set size:31341 disposed:false
2270 silly placeDep ROOT @unrs/resolver-binding-android-arm-eabi@1.11.1 OK for: unrs-resolver@1.11.1 want: 1.11.1
2271 silly placeDep ROOT @unrs/resolver-binding-android-arm64@1.11.1 OK for: unrs-resolver@1.11.1 want: 1.11.1
2272 silly placeDep ROOT @unrs/resolver-binding-darwin-arm64@1.11.1 OK for: unrs-resolver@1.11.1 want: 1.11.1
2273 silly placeDep ROOT @unrs/resolver-binding-darwin-x64@1.11.1 OK for: unrs-resolver@1.11.1 want: 1.11.1
2274 silly placeDep ROOT @unrs/resolver-binding-freebsd-x64@1.11.1 OK for: unrs-resolver@1.11.1 want: 1.11.1
2275 silly placeDep ROOT @unrs/resolver-binding-linux-arm-gnueabihf@1.11.1 OK for: unrs-resolver@1.11.1 want: 1.11.1
2276 silly placeDep ROOT @unrs/resolver-binding-linux-arm-musleabihf@1.11.1 OK for: unrs-resolver@1.11.1 want: 1.11.1
2277 silly placeDep ROOT @unrs/resolver-binding-linux-arm64-gnu@1.11.1 OK for: unrs-resolver@1.11.1 want: 1.11.1
2278 silly placeDep ROOT @unrs/resolver-binding-linux-arm64-musl@1.11.1 OK for: unrs-resolver@1.11.1 want: 1.11.1
2279 silly placeDep ROOT @unrs/resolver-binding-linux-ppc64-gnu@1.11.1 OK for: unrs-resolver@1.11.1 want: 1.11.1
2280 silly placeDep ROOT @unrs/resolver-binding-linux-riscv64-gnu@1.11.1 OK for: unrs-resolver@1.11.1 want: 1.11.1
2281 silly placeDep ROOT @unrs/resolver-binding-linux-riscv64-musl@1.11.1 OK for: unrs-resolver@1.11.1 want: 1.11.1
2282 silly placeDep ROOT @unrs/resolver-binding-linux-s390x-gnu@1.11.1 OK for: unrs-resolver@1.11.1 want: 1.11.1
2283 silly placeDep ROOT @unrs/resolver-binding-linux-x64-gnu@1.11.1 OK for: unrs-resolver@1.11.1 want: 1.11.1
2284 silly placeDep ROOT @unrs/resolver-binding-linux-x64-musl@1.11.1 OK for: unrs-resolver@1.11.1 want: 1.11.1
2285 silly placeDep ROOT @unrs/resolver-binding-wasm32-wasi@1.11.1 OK for: unrs-resolver@1.11.1 want: 1.11.1
2286 silly placeDep ROOT @unrs/resolver-binding-win32-arm64-msvc@1.11.1 OK for: unrs-resolver@1.11.1 want: 1.11.1
2287 silly placeDep ROOT @unrs/resolver-binding-win32-ia32-msvc@1.11.1 OK for: unrs-resolver@1.11.1 want: 1.11.1
2288 silly placeDep ROOT @unrs/resolver-binding-win32-x64-msvc@1.11.1 OK for: unrs-resolver@1.11.1 want: 1.11.1
2289 silly placeDep ROOT napi-postinstall@0.3.4 OK for: unrs-resolver@1.11.1 want: ^0.3.0
2290 silly fetch manifest @napi-rs/wasm-runtime@^0.2.11
2291 silly packumentCache full:https://registry.npmjs.org/@napi-rs%2fwasm-runtime cache-miss
2292 http cache https://registry.npmjs.org/@napi-rs%2fwasm-runtime 1ms (cache hit)
2293 silly packumentCache full:https://registry.npmjs.org/@napi-rs%2fwasm-runtime set size:63456 disposed:false
2294 silly placeDep ROOT @napi-rs/wasm-runtime@0.2.12 OK for: @unrs/resolver-binding-wasm32-wasi@1.11.1 want: ^0.2.11
2295 silly fetch manifest @emnapi/core@^1.4.3
2296 silly packumentCache full:https://registry.npmjs.org/@emnapi%2fcore cache-miss
2297 silly fetch manifest @tybys/wasm-util@^0.10.0
2298 silly packumentCache full:https://registry.npmjs.org/@tybys%2fwasm-util cache-miss
2299 http cache https://registry.npmjs.org/@tybys%2fwasm-util 2ms (cache hit)
2300 silly packumentCache full:https://registry.npmjs.org/@tybys%2fwasm-util set size:55410 disposed:false
2301 http cache https://registry.npmjs.org/@emnapi%2fcore 2ms (cache hit)
2302 silly packumentCache full:https://registry.npmjs.org/@emnapi%2fcore set size:96861 disposed:false
2303 silly placeDep ROOT @emnapi/core@1.8.1 OK for: @napi-rs/wasm-runtime@0.2.12 want: ^1.4.3
2304 silly placeDep ROOT @tybys/wasm-util@0.10.1 OK for: @napi-rs/wasm-runtime@0.2.12 want: ^0.10.0
2305 silly fetch manifest @emnapi/wasi-threads@1.1.0
2306 silly packumentCache full:https://registry.npmjs.org/@emnapi%2fwasi-threads cache-miss
2307 http cache https://registry.npmjs.org/@emnapi%2fwasi-threads 1ms (cache hit)
2308 silly packumentCache full:https://registry.npmjs.org/@emnapi%2fwasi-threads set size:19454 disposed:false
2309 silly placeDep ROOT @emnapi/wasi-threads@1.1.0 OK for: @emnapi/core@1.8.1 want: 1.1.0
2310 silly placeDep ROOT escalade@3.2.0 OK for: update-browserslist-db@1.2.3 want: ^3.2.0
2311 silly placeDep ROOT punycode@2.3.1 OK for: uri-js@4.4.1 want: ^2.1.0
2312 silly placeDep ROOT isexe@2.0.0 OK for: which@2.0.2 want: ^2.0.0
2313 silly placeDep ROOT is-bigint@1.1.0 OK for: which-boxed-primitive@1.1.1 want: ^1.1.0
2314 silly placeDep ROOT is-boolean-object@1.2.2 OK for: which-boxed-primitive@1.1.1 want: ^1.2.1
2315 silly placeDep ROOT is-number-object@1.1.1 OK for: which-boxed-primitive@1.1.1 want: ^1.1.1
2316 silly placeDep ROOT is-async-function@2.1.1 OK for: which-builtin-type@1.2.1 want: ^2.0.0
2317 silly placeDep ROOT is-finalizationregistry@1.1.1 OK for: which-builtin-type@1.2.1 want: ^1.1.0
2318 silly placeDep ROOT is-generator-function@1.1.2 OK for: which-builtin-type@1.2.1 want: ^1.0.10
2319 silly placeDep ROOT which-collection@1.0.2 OK for: which-builtin-type@1.2.1 want: ^1.0.2
2320 silly fetch manifest async-function@^1.0.0
2321 silly packumentCache full:https://registry.npmjs.org/async-function cache-miss
2322 silly fetch manifest generator-function@^2.0.0
2323 silly packumentCache full:https://registry.npmjs.org/generator-function cache-miss
2324 silly fetch manifest is-map@^2.0.3
2325 silly packumentCache full:https://registry.npmjs.org/is-map cache-miss
2326 silly fetch manifest is-weakmap@^2.0.2
2327 silly packumentCache full:https://registry.npmjs.org/is-weakmap cache-miss
2328 silly fetch manifest is-weakset@^2.0.3
2329 silly packumentCache full:https://registry.npmjs.org/is-weakset cache-miss
2330 http cache https://registry.npmjs.org/async-function 2ms (cache hit)
2331 silly packumentCache full:https://registry.npmjs.org/async-function set size:7150 disposed:false
2332 http cache https://registry.npmjs.org/is-weakset 2ms (cache hit)
2333 silly packumentCache full:https://registry.npmjs.org/is-weakset set size:21965 disposed:false
2334 http cache https://registry.npmjs.org/generator-function 3ms (cache hit)
2335 silly packumentCache full:https://registry.npmjs.org/generator-function set size:10401 disposed:false
2336 http cache https://registry.npmjs.org/is-weakmap 2ms (cache hit)
2337 silly packumentCache full:https://registry.npmjs.org/is-weakmap set size:15163 disposed:false
2338 http cache https://registry.npmjs.org/is-map 2ms (cache hit)
2339 silly packumentCache full:https://registry.npmjs.org/is-map set size:18079 disposed:false
2340 silly placeDep ROOT async-function@1.0.0 OK for: is-async-function@2.1.1 want: ^1.0.0
2341 silly placeDep ROOT generator-function@2.0.1 OK for: is-generator-function@1.1.2 want: ^2.0.0
2342 silly placeDep ROOT is-map@2.0.3 OK for: which-collection@1.0.2 want: ^2.0.3
2343 silly placeDep ROOT is-weakmap@2.0.2 OK for: which-collection@1.0.2 want: ^2.0.2
2344 silly placeDep ROOT is-weakset@2.0.4 OK for: which-collection@1.0.2 want: ^2.0.3
2345 silly placeDep node_modules/@typescript-eslint/typescript-estree brace-expansion@5.0.2 OK for: minimatch@9.0.6 want: ^5.0.2
2346 silly fetch manifest balanced-match@^4.0.2
2347 silly packumentCache full:https://registry.npmjs.org/balanced-match cache-hit
2348 silly placeDep node_modules/@typescript-eslint/typescript-estree balanced-match@4.0.3 OK for: brace-expansion@5.0.2 want: ^4.0.2
2349 silly placeDep ROOT node-exports-info@1.6.0 OK for: resolve@2.0.0-next.6 want: ^1.6.0
2350 silly reify moves {}
2351 verbose stack Error: EPERM: operation not permitted, mkdir '/Users/chanhojung/ETF_One/frontend/node_modules'
2351 verbose stack     at async mkdir (node:internal/fs/promises:856:10)
2351 verbose stack     at async /Users/chanhojung/.nvm/versions/node/v24.13.0/lib/node_modules/npm/node_modules/@npmcli/arborist/lib/arborist/reify.js:576:20
2351 verbose stack     at async Promise.allSettled (index 0)
2351 verbose stack     at async [reifyPackages] (/Users/chanhojung/.nvm/versions/node/v24.13.0/lib/node_modules/npm/node_modules/@npmcli/arborist/lib/arborist/reify.js:313:11)
2351 verbose stack     at async Arborist.reify (/Users/chanhojung/.nvm/versions/node/v24.13.0/lib/node_modules/npm/node_modules/@npmcli/arborist/lib/arborist/reify.js:125:5)
2351 verbose stack     at async Install.exec (/Users/chanhojung/.nvm/versions/node/v24.13.0/lib/node_modules/npm/lib/commands/install.js:150:5)
2351 verbose stack     at async Npm.exec (/Users/chanhojung/.nvm/versions/node/v24.13.0/lib/node_modules/npm/lib/npm.js:208:9)
2351 verbose stack     at async module.exports (/Users/chanhojung/.nvm/versions/node/v24.13.0/lib/node_modules/npm/lib/cli/entry.js:67:5)
2352 error code EPERM
2353 error syscall mkdir
2354 error path /Users/chanhojung/ETF_One/frontend/node_modules
2355 error errno -1
2356 error Error: EPERM: operation not permitted, mkdir '/Users/chanhojung/ETF_One/frontend/node_modules'
2356 error     at async mkdir (node:internal/fs/promises:856:10)
2356 error     at async /Users/chanhojung/.nvm/versions/node/v24.13.0/lib/node_modules/npm/node_modules/@npmcli/arborist/lib/arborist/reify.js:576:20
2356 error     at async Promise.allSettled (index 0)
2356 error     at async [reifyPackages] (/Users/chanhojung/.nvm/versions/node/v24.13.0/lib/node_modules/npm/node_modules/@npmcli/arborist/lib/arborist/reify.js:313:11)
2356 error     at async Arborist.reify (/Users/chanhojung/.nvm/versions/node/v24.13.0/lib/node_modules/npm/node_modules/@npmcli/arborist/lib/arborist/reify.js:125:5)
2356 error     at async Install.exec (/Users/chanhojung/.nvm/versions/node/v24.13.0/lib/node_modules/npm/lib/commands/install.js:150:5)
2356 error     at async Npm.exec (/Users/chanhojung/.nvm/versions/node/v24.13.0/lib/node_modules/npm/lib/npm.js:208:9)
2356 error     at async module.exports (/Users/chanhojung/.nvm/versions/node/v24.13.0/lib/node_modules/npm/lib/cli/entry.js:67:5) {
2356 error   errno: -1,
2356 error   code: 'EPERM',
2356 error   syscall: 'mkdir',
2356 error   path: '/Users/chanhojung/ETF_One/frontend/node_modules'
2356 error }
2357 error
2357 error The operation was rejected by your operating system.
2357 error It is likely you do not have the permissions to access this file as the current user
2357 error
2357 error If you believe this might be a permissions issue, please double-check the
2357 error permissions of the file and its containing directories, or try running
2357 error the command again as root/Administrator.
2358 silly unfinished npm timer reify 1771755584788
2359 silly unfinished npm timer reify:createSparse 1771755587476
2360 verbose cwd /Users/chanhojung/ETF_One/frontend
2361 verbose os Darwin 25.3.0
2362 verbose node v24.13.0
2363 verbose npm  v11.6.2
2364 verbose exit -1
2365 verbose code -1
2366 error A complete log of this run can be found in: /Users/chanhojung/ETF_One/frontend/.npm-cache/_logs/2026-02-22T10_19_44_483Z-debug-0.log
