0 verbose cli /Users/chanhojung/.nvm/versions/node/v24.13.0/bin/node /Users/chanhojung/.nvm/versions/node/v24.13.0/bin/npm
1 info using npm@11.6.2
2 info using node@v24.13.0
3 silly config load:file:/Users/chanhojung/.nvm/versions/node/v24.13.0/lib/node_modules/npm/npmrc
4 silly config load:file:/Users/chanhojung/ETF_One/frontend/.npmrc
5 silly config load:file:/Users/chanhojung/.npmrc
6 silly config load:file:/Users/chanhojung/.nvm/versions/node/v24.13.0/etc/npmrc
7 verbose title npm install
8 verbose argv "install"
9 verbose logfile logs-max:10 dir:/Users/chanhojung/ETF_One/frontend/.npm-cache/_logs/2026-02-22T10_18_59_475Z-
10 verbose logfile /Users/chanhojung/ETF_One/frontend/.npm-cache/_logs/2026-02-22T10_18_59_475Z-debug-0.log
11 silly logfile done cleaning log files
12 silly packumentCache heap:4496293888 maxSize:1124073472 maxEntrySize:562036736
13 silly idealTree buildDeps
14 silly fetch manifest next@16.1.6
15 silly packumentCache full:https://registry.npmjs.org/next cache-miss
16 http fetch GET 200 https://registry.npmjs.org/npm 107ms
17 http fetch GET 200 https://registry.npmjs.org/next 305ms (cache miss)
18 silly packumentCache full:https://registry.npmjs.org/next set size:undefined disposed:false
19 silly fetch manifest @opentelemetry/api@^1.1.0
20 silly packumentCache full:https://registry.npmjs.org/@opentelemetry%2fapi cache-miss
21 http fetch GET 200 https://registry.npmjs.org/@opentelemetry%2fapi 50ms (cache miss)
22 silly packumentCache full:https://registry.npmjs.org/@opentelemetry%2fapi set size:undefined disposed:false
23 silly fetch manifest @playwright/test@^1.51.1
24 silly packumentCache full:https://registry.npmjs.org/@playwright%2ftest cache-miss
25 http fetch GET 200 https://registry.npmjs.org/@playwright%2ftest 143ms (cache miss)
26 silly packumentCache full:https://registry.npmjs.org/@playwright%2ftest set size:undefined disposed:false
27 silly fetch manifest babel-plugin-react-compiler@*
28 silly packumentCache full:https://registry.npmjs.org/babel-plugin-react-compiler cache-miss
29 http fetch GET 200 https://registry.npmjs.org/babel-plugin-react-compiler 43ms (cache miss)
30 silly packumentCache full:https://registry.npmjs.org/babel-plugin-react-compiler set size:undefined disposed:false
31 silly fetch manifest react@19.2.3
32 silly packumentCache full:https://registry.npmjs.org/react cache-miss
33 http fetch GET 200 https://registry.npmjs.org/react 105ms (cache miss)
34 silly packumentCache full:https://registry.npmjs.org/react set size:undefined disposed:false
35 silly fetch manifest react-dom@19.2.3
36 silly packumentCache full:https://registry.npmjs.org/react-dom cache-miss
37 http fetch GET 200 https://registry.npmjs.org/react-dom 122ms (cache miss)
38 silly packumentCache full:https://registry.npmjs.org/react-dom set size:undefined disposed:false
39 silly fetch manifest sass@^1.3.0
40 silly packumentCache full:https://registry.npmjs.org/sass cache-miss
41 http fetch GET 200 https://registry.npmjs.org/sass 50ms (cache miss)
42 silly packumentCache full:https://registry.npmjs.org/sass set size:undefined disposed:false
43 silly fetch manifest @tailwindcss/postcss@^4
44 silly packumentCache full:https://registry.npmjs.org/@tailwindcss%2fpostcss cache-miss
45 http fetch GET 200 https://registry.npmjs.org/@tailwindcss%2fpostcss 81ms (cache miss)
46 silly packumentCache full:https://registry.npmjs.org/@tailwindcss%2fpostcss set size:undefined disposed:false
47 silly fetch manifest @types/node@^20
48 silly packumentCache full:https://registry.npmjs.org/@types%2fnode cache-miss
49 http fetch GET 200 https://registry.npmjs.org/@types%2fnode 144ms (cache miss)
50 silly packumentCache full:https://registry.npmjs.org/@types%2fnode set size:undefined disposed:false
51 silly fetch manifest @types/react@^19
52 silly packumentCache full:https://registry.npmjs.org/@types%2freact cache-miss
53 http fetch GET 200 https://registry.npmjs.org/@types%2freact 78ms (cache miss)
54 silly packumentCache full:https://registry.npmjs.org/@types%2freact set size:undefined disposed:false
55 silly fetch manifest @types/react-dom@^19
56 silly packumentCache full:https://registry.npmjs.org/@types%2freact-dom cache-miss
57 http fetch GET 200 https://registry.npmjs.org/@types%2freact-dom 47ms (cache miss)
58 silly packumentCache full:https://registry.npmjs.org/@types%2freact-dom set size:undefined disposed:false
59 silly fetch manifest eslint@^9
60 silly packumentCache full:https://registry.npmjs.org/eslint cache-miss
61 http fetch GET 200 https://registry.npmjs.org/eslint 38ms (cache miss)
62 silly packumentCache full:https://registry.npmjs.org/eslint set size:undefined disposed:false
63 silly fetch manifest jiti@*
64 silly packumentCache full:https://registry.npmjs.org/jiti cache-miss
65 http fetch GET 200 https://registry.npmjs.org/jiti 40ms (cache miss)
66 silly packumentCache full:https://registry.npmjs.org/jiti set size:undefined disposed:false
67 silly fetch manifest eslint-config-next@16.1.6
68 silly packumentCache full:https://registry.npmjs.org/eslint-config-next cache-miss
69 http fetch GET 200 https://registry.npmjs.org/eslint-config-next 102ms (cache miss)
70 silly packumentCache full:https://registry.npmjs.org/eslint-config-next set size:undefined disposed:false
71 silly fetch manifest typescript@^5
72 silly packumentCache full:https://registry.npmjs.org/typescript cache-miss
73 http fetch GET 200 https://registry.npmjs.org/typescript 154ms (cache miss)
74 silly packumentCache full:https://registry.npmjs.org/typescript set size:undefined disposed:false
75 silly fetch manifest tailwindcss@^4
76 silly packumentCache full:https://registry.npmjs.org/tailwindcss cache-miss
77 http fetch GET 200 https://registry.npmjs.org/tailwindcss 153ms (cache miss)
78 silly packumentCache full:https://registry.npmjs.org/tailwindcss set size:undefined disposed:false
79 silly placeDep ROOT @tailwindcss/postcss@4.2.0 OK for: frontend@0.1.0 want: ^4
80 silly placeDep ROOT @types/node@20.19.33 OK for: frontend@0.1.0 want: ^20
81 silly placeDep ROOT @types/react@19.2.14 OK for: frontend@0.1.0 want: ^19
82 silly placeDep ROOT @types/react-dom@19.2.3 OK for: frontend@0.1.0 want: ^19
83 silly placeDep ROOT eslint@9.39.3 OK for: frontend@0.1.0 want: ^9
84 silly placeDep ROOT eslint-config-next@16.1.6 OK for: frontend@0.1.0 want: 16.1.6
85 silly placeDep ROOT next@16.1.6 OK for: frontend@0.1.0 want: 16.1.6
86 silly placeDep ROOT react@19.2.3 OK for: next@16.1.6 want: ^18.2.0 || 19.0.0-rc-de68d2f4-20241204 || ^19.0.0
87 silly placeDep ROOT react-dom@19.2.3 OK for: next@16.1.6 want: ^18.2.0 || 19.0.0-rc-de68d2f4-20241204 || ^19.0.0
88 silly placeDep ROOT tailwindcss@4.2.0 OK for: frontend@0.1.0 want: ^4
89 silly placeDep ROOT typescript@5.9.3 OK for: frontend@0.1.0 want: ^5
90 silly fetch manifest postcss@^8.5.6
91 silly packumentCache full:https://registry.npmjs.org/postcss cache-miss
92 silly fetch manifest tailwindcss@4.2.0
93 silly packumentCache full:https://registry.npmjs.org/tailwindcss cache-miss
94 silly fetch manifest @alloc/quick-lru@^5.2.0
95 silly packumentCache full:https://registry.npmjs.org/@alloc%2fquick-lru cache-miss
96 silly fetch manifest @tailwindcss/node@4.2.0
97 silly packumentCache full:https://registry.npmjs.org/@tailwindcss%2fnode cache-miss
98 silly fetch manifest @tailwindcss/oxide@4.2.0
99 silly packumentCache full:https://registry.npmjs.org/@tailwindcss%2foxide cache-miss
100 silly fetch manifest undici-types@~6.21.0
101 silly packumentCache full:https://registry.npmjs.org/undici-types cache-miss
102 silly fetch manifest csstype@^3.2.2
103 silly packumentCache full:https://registry.npmjs.org/csstype cache-miss
104 http cache https://registry.npmjs.org/tailwindcss 28ms (cache hit)
105 silly packumentCache full:https://registry.npmjs.org/tailwindcss set size:10206660 disposed:false
106 silly fetch manifest ajv@^6.12.4
107 silly packumentCache full:https://registry.npmjs.org/ajv cache-miss
108 http fetch GET 200 https://registry.npmjs.org/@alloc%2fquick-lru 64ms (cache miss)
109 silly packumentCache full:https://registry.npmjs.org/@alloc%2fquick-lru set size:undefined disposed:false
110 silly fetch manifest chalk@^4.0.0
111 silly packumentCache full:https://registry.npmjs.org/chalk cache-miss
112 http fetch GET 200 https://registry.npmjs.org/postcss 67ms (cache miss)
113 silly packumentCache full:https://registry.npmjs.org/postcss set size:undefined disposed:false
114 silly fetch manifest debug@^4.3.2
115 silly packumentCache full:https://registry.npmjs.org/debug cache-miss
116 http fetch GET 200 https://registry.npmjs.org/undici-types 91ms (cache miss)
117 silly packumentCache full:https://registry.npmjs.org/undici-types set size:undefined disposed:false
118 silly fetch manifest espree@^10.4.0
119 silly packumentCache full:https://registry.npmjs.org/espree cache-miss
120 http fetch GET 200 https://registry.npmjs.org/ajv 45ms (cache miss)
121 silly packumentCache full:https://registry.npmjs.org/ajv set size:undefined disposed:false
122 silly fetch manifest ignore@^5.2.0
123 silly packumentCache full:https://registry.npmjs.org/ignore cache-miss
124 http fetch GET 200 https://registry.npmjs.org/chalk 37ms (cache miss)
125 silly packumentCache full:https://registry.npmjs.org/chalk set size:undefined disposed:false
126 silly fetch manifest esquery@^1.5.0
127 silly packumentCache full:https://registry.npmjs.org/esquery cache-miss
128 http fetch GET 200 https://registry.npmjs.org/csstype 104ms (cache miss)
129 silly packumentCache full:https://registry.npmjs.org/csstype set size:undefined disposed:false
130 silly fetch manifest esutils@^2.0.2
131 silly packumentCache full:https://registry.npmjs.org/esutils cache-miss
132 http fetch GET 200 https://registry.npmjs.org/@tailwindcss%2fnode 127ms (cache miss)
133 silly packumentCache full:https://registry.npmjs.org/@tailwindcss%2fnode set size:undefined disposed:false
134 silly fetch manifest find-up@^5.0.0
135 silly packumentCache full:https://registry.npmjs.org/find-up cache-miss
136 http fetch GET 200 https://registry.npmjs.org/esquery 31ms (cache miss)
137 silly packumentCache full:https://registry.npmjs.org/esquery set size:undefined disposed:false
138 silly fetch manifest is-glob@^4.0.0
139 silly packumentCache full:https://registry.npmjs.org/is-glob cache-miss
140 http fetch GET 200 https://registry.npmjs.org/esutils 30ms (cache miss)
141 silly packumentCache full:https://registry.npmjs.org/esutils set size:undefined disposed:false
142 silly fetch manifest minimatch@^3.1.2
143 silly packumentCache full:https://registry.npmjs.org/minimatch cache-miss
144 http fetch GET 200 https://registry.npmjs.org/espree 49ms (cache miss)
145 silly packumentCache full:https://registry.npmjs.org/espree set size:undefined disposed:false
146 silly fetch manifest @eslint/js@9.39.3
147 silly packumentCache full:https://registry.npmjs.org/@eslint%2fjs cache-miss
148 http fetch GET 200 https://registry.npmjs.org/ignore 44ms (cache miss)
149 silly packumentCache full:https://registry.npmjs.org/ignore set size:undefined disposed:false
150 silly fetch manifest optionator@^0.9.3
151 silly packumentCache full:https://registry.npmjs.org/optionator cache-miss
152 http fetch GET 200 https://registry.npmjs.org/debug 79ms (cache miss)
153 silly packumentCache full:https://registry.npmjs.org/debug set size:undefined disposed:false
154 silly fetch manifest cross-spawn@^7.0.6
155 silly packumentCache full:https://registry.npmjs.org/cross-spawn cache-miss
156 http fetch GET 200 https://registry.npmjs.org/@tailwindcss%2foxide 151ms (cache miss)
157 silly packumentCache full:https://registry.npmjs.org/@tailwindcss%2foxide set size:undefined disposed:false
158 silly fetch manifest glob-parent@^6.0.2
159 silly packumentCache full:https://registry.npmjs.org/glob-parent cache-miss
160 http fetch GET 200 https://registry.npmjs.org/find-up 32ms (cache miss)
161 silly packumentCache full:https://registry.npmjs.org/find-up set size:undefined disposed:false
162 silly fetch manifest imurmurhash@^0.1.4
163 silly packumentCache full:https://registry.npmjs.org/imurmurhash cache-miss
164 http fetch GET 200 https://registry.npmjs.org/is-glob 29ms (cache miss)
165 silly packumentCache full:https://registry.npmjs.org/is-glob set size:undefined disposed:false
166 silly fetch manifest @eslint/core@^0.17.0
167 silly packumentCache full:https://registry.npmjs.org/@eslint%2fcore cache-miss
168 http fetch GET 200 https://registry.npmjs.org/optionator 26ms (cache miss)
169 silly packumentCache full:https://registry.npmjs.org/optionator set size:undefined disposed:false
170 silly fetch manifest eslint-scope@^8.4.0
171 silly packumentCache full:https://registry.npmjs.org/eslint-scope cache-miss
172 http fetch GET 200 https://registry.npmjs.org/minimatch 35ms (cache miss)
173 silly packumentCache full:https://registry.npmjs.org/minimatch set size:undefined disposed:false
174 silly fetch manifest lodash.merge@^4.6.2
175 silly packumentCache full:https://registry.npmjs.org/lodash.merge cache-miss
176 http fetch GET 200 https://registry.npmjs.org/cross-spawn 34ms (cache miss)
177 silly packumentCache full:https://registry.npmjs.org/cross-spawn set size:undefined disposed:false
178 silly fetch manifest @humanfs/node@^0.16.6
179 silly packumentCache full:https://registry.npmjs.org/@humanfs%2fnode cache-miss
180 http fetch GET 200 https://registry.npmjs.org/@eslint%2fjs 41ms (cache miss)
181 silly packumentCache full:https://registry.npmjs.org/@eslint%2fjs set size:undefined disposed:false
182 silly fetch manifest @types/estree@^1.0.6
183 silly packumentCache full:https://registry.npmjs.org/@types%2festree cache-miss
184 http fetch GET 200 https://registry.npmjs.org/imurmurhash 23ms (cache miss)
185 silly packumentCache full:https://registry.npmjs.org/imurmurhash set size:undefined disposed:false
186 silly fetch manifest fast-deep-equal@^3.1.3
187 silly packumentCache full:https://registry.npmjs.org/fast-deep-equal cache-miss
188 http fetch GET 200 https://registry.npmjs.org/glob-parent 31ms (cache miss)
189 silly packumentCache full:https://registry.npmjs.org/glob-parent set size:undefined disposed:false
190 silly fetch manifest natural-compare@^1.4.0
191 silly packumentCache full:https://registry.npmjs.org/natural-compare cache-miss
192 http fetch GET 200 https://registry.npmjs.org/lodash.merge 29ms (cache miss)
193 silly packumentCache full:https://registry.npmjs.org/lodash.merge set size:undefined disposed:false
194 silly fetch manifest @eslint/eslintrc@^3.3.1
195 silly packumentCache full:https://registry.npmjs.org/@eslint%2feslintrc cache-miss
196 http fetch GET 200 https://registry.npmjs.org/@eslint%2fcore 42ms (cache miss)
197 silly packumentCache full:https://registry.npmjs.org/@eslint%2fcore set size:undefined disposed:false
198 silly fetch manifest file-entry-cache@^8.0.0
199 silly packumentCache full:https://registry.npmjs.org/file-entry-cache cache-miss
200 http fetch GET 200 https://registry.npmjs.org/eslint-scope 36ms (cache miss)
201 silly packumentCache full:https://registry.npmjs.org/eslint-scope set size:undefined disposed:false
202 silly fetch manifest @eslint/plugin-kit@^0.4.1
203 silly packumentCache full:https://registry.npmjs.org/@eslint%2fplugin-kit cache-miss
204 http fetch GET 200 https://registry.npmjs.org/fast-deep-equal 22ms (cache miss)
205 silly packumentCache full:https://registry.npmjs.org/fast-deep-equal set size:undefined disposed:false
206 silly fetch manifest eslint-visitor-keys@^4.2.1
207 silly packumentCache full:https://registry.npmjs.org/eslint-visitor-keys cache-miss
208 http fetch GET 200 https://registry.npmjs.org/@types%2festree 36ms (cache miss)
209 silly packumentCache full:https://registry.npmjs.org/@types%2festree set size:undefined disposed:false
210 silly fetch manifest @eslint/config-array@^0.21.1
211 silly packumentCache full:https://registry.npmjs.org/@eslint%2fconfig-array cache-miss
212 http fetch GET 200 https://registry.npmjs.org/natural-compare 35ms (cache miss)
213 silly packumentCache full:https://registry.npmjs.org/natural-compare set size:undefined disposed:false
214 silly fetch manifest @humanwhocodes/retry@^0.4.2
215 silly packumentCache full:https://registry.npmjs.org/@humanwhocodes%2fretry cache-miss
216 http fetch GET 200 https://registry.npmjs.org/@humanfs%2fnode 44ms (cache miss)
217 silly packumentCache full:https://registry.npmjs.org/@humanfs%2fnode set size:undefined disposed:false
218 silly fetch manifest escape-string-regexp@^4.0.0
219 silly packumentCache full:https://registry.npmjs.org/escape-string-regexp cache-miss
220 http fetch GET 200 https://registry.npmjs.org/eslint-visitor-keys 26ms (cache miss)
221 silly packumentCache full:https://registry.npmjs.org/eslint-visitor-keys set size:undefined disposed:false
222 silly fetch manifest @eslint/config-helpers@^0.4.2
223 silly packumentCache full:https://registry.npmjs.org/@eslint%2fconfig-helpers cache-miss
224 http fetch GET 200 https://registry.npmjs.org/file-entry-cache 30ms (cache miss)
225 silly packumentCache full:https://registry.npmjs.org/file-entry-cache set size:undefined disposed:false
226 silly fetch manifest @eslint-community/regexpp@^4.12.1
227 silly packumentCache full:https://registry.npmjs.org/@eslint-community%2fregexpp cache-miss
228 http fetch GET 200 https://registry.npmjs.org/@eslint%2feslintrc 37ms (cache miss)
229 silly packumentCache full:https://registry.npmjs.org/@eslint%2feslintrc set size:undefined disposed:false
230 silly fetch manifest @eslint-community/eslint-utils@^4.8.0
231 silly packumentCache full:https://registry.npmjs.org/@eslint-community%2feslint-utils cache-miss
232 http fetch GET 200 https://registry.npmjs.org/@eslint%2fplugin-kit 35ms (cache miss)
233 silly packumentCache full:https://registry.npmjs.org/@eslint%2fplugin-kit set size:undefined disposed:false
234 silly fetch manifest @humanwhocodes/module-importer@^1.0.1
235 silly packumentCache full:https://registry.npmjs.org/@humanwhocodes%2fmodule-importer cache-miss
236 http fetch GET 200 https://registry.npmjs.org/escape-string-regexp 21ms (cache miss)
237 silly packumentCache full:https://registry.npmjs.org/escape-string-regexp set size:undefined disposed:false
238 silly fetch manifest json-stable-stringify-without-jsonify@^1.0.1
239 silly packumentCache full:https://registry.npmjs.org/json-stable-stringify-without-jsonify cache-miss
240 http fetch GET 200 https://registry.npmjs.org/@humanwhocodes%2fretry 32ms (cache miss)
241 silly packumentCache full:https://registry.npmjs.org/@humanwhocodes%2fretry set size:undefined disposed:false
242 silly fetch manifest globals@16.4.0
243 silly packumentCache full:https://registry.npmjs.org/globals cache-miss
244 http fetch GET 200 https://registry.npmjs.org/@eslint%2fconfig-helpers 36ms (cache miss)
245 silly packumentCache full:https://registry.npmjs.org/@eslint%2fconfig-helpers set size:undefined disposed:false
246 silly fetch manifest typescript-eslint@^8.46.0
247 silly packumentCache full:https://registry.npmjs.org/typescript-eslint cache-miss
248 http fetch GET 200 https://registry.npmjs.org/@eslint%2fconfig-array 51ms (cache miss)
249 silly packumentCache full:https://registry.npmjs.org/@eslint%2fconfig-array set size:undefined disposed:false
250 silly fetch manifest eslint-plugin-react@^7.37.0
251 silly packumentCache full:https://registry.npmjs.org/eslint-plugin-react cache-miss
252 http fetch GET 200 https://registry.npmjs.org/json-stable-stringify-without-jsonify 25ms (cache miss)
253 silly packumentCache full:https://registry.npmjs.org/json-stable-stringify-without-jsonify set size:undefined disposed:false
254 silly fetch manifest eslint-plugin-import@^2.32.0
255 silly packumentCache full:https://registry.npmjs.org/eslint-plugin-import cache-miss
256 http fetch GET 200 https://registry.npmjs.org/@eslint-community%2fregexpp 42ms (cache miss)
257 silly packumentCache full:https://registry.npmjs.org/@eslint-community%2fregexpp set size:undefined disposed:false
258 silly fetch manifest eslint-plugin-jsx-a11y@^6.10.0
259 silly packumentCache full:https://registry.npmjs.org/eslint-plugin-jsx-a11y cache-miss
260 http fetch GET 200 https://registry.npmjs.org/@humanwhocodes%2fmodule-importer 40ms (cache miss)
261 silly packumentCache full:https://registry.npmjs.org/@humanwhocodes%2fmodule-importer set size:undefined disposed:false
262 silly fetch manifest @next/eslint-plugin-next@16.1.6
263 silly packumentCache full:https://registry.npmjs.org/@next%2feslint-plugin-next cache-miss
264 http fetch GET 200 https://registry.npmjs.org/@eslint-community%2feslint-utils 45ms (cache miss)
265 silly packumentCache full:https://registry.npmjs.org/@eslint-community%2feslint-utils set size:undefined disposed:false
266 silly fetch manifest eslint-plugin-react-hooks@^7.0.0
267 silly packumentCache full:https://registry.npmjs.org/eslint-plugin-react-hooks cache-miss
268 http fetch GET 200 https://registry.npmjs.org/globals 31ms (cache miss)
269 silly packumentCache full:https://registry.npmjs.org/globals set size:undefined disposed:false
270 silly fetch manifest eslint-import-resolver-node@^0.3.6
271 silly packumentCache full:https://registry.npmjs.org/eslint-import-resolver-node cache-miss
272 http fetch GET 200 https://registry.npmjs.org/eslint-plugin-import 30ms (cache miss)
273 silly packumentCache full:https://registry.npmjs.org/eslint-plugin-import set size:undefined disposed:false
274 silly fetch manifest eslint-import-resolver-typescript@^3.5.2
275 silly packumentCache full:https://registry.npmjs.org/eslint-import-resolver-typescript cache-miss
276 http fetch GET 200 https://registry.npmjs.org/eslint-plugin-react 35ms (cache miss)
277 silly packumentCache full:https://registry.npmjs.org/eslint-plugin-react set size:undefined disposed:false
278 silly fetch manifest postcss@8.4.31
279 silly packumentCache full:https://registry.npmjs.org/postcss cache-miss
280 http cache https://registry.npmjs.org/postcss 10ms (cache hit)
281 silly packumentCache full:https://registry.npmjs.org/postcss set size:696248 disposed:false
282 silly fetch manifest @next/env@16.1.6
283 silly packumentCache full:https://registry.npmjs.org/@next%2fenv cache-miss
284 http fetch GET 200 https://registry.npmjs.org/eslint-import-resolver-node 36ms (cache miss)
285 silly packumentCache full:https://registry.npmjs.org/eslint-import-resolver-node set size:undefined disposed:false
286 silly fetch manifest styled-jsx@5.1.6
287 silly packumentCache full:https://registry.npmjs.org/styled-jsx cache-miss
288 http fetch GET 200 https://registry.npmjs.org/eslint-plugin-jsx-a11y 48ms (cache miss)
289 silly packumentCache full:https://registry.npmjs.org/eslint-plugin-jsx-a11y set size:undefined disposed:false
290 silly fetch manifest @swc/helpers@0.5.15
291 silly packumentCache full:https://registry.npmjs.org/@swc%2fhelpers cache-miss
292 http fetch GET 200 https://registry.npmjs.org/eslint-import-resolver-typescript 39ms (cache miss)
293 silly packumentCache full:https://registry.npmjs.org/eslint-import-resolver-typescript set size:undefined disposed:false
294 silly fetch manifest caniuse-lite@^1.0.30001579
295 silly packumentCache full:https://registry.npmjs.org/caniuse-lite cache-miss
296 http fetch GET 200 https://registry.npmjs.org/typescript-eslint 80ms (cache miss)
297 silly packumentCache full:https://registry.npmjs.org/typescript-eslint set size:undefined disposed:false
298 silly fetch manifest baseline-browser-mapping@^2.8.3
299 silly packumentCache full:https://registry.npmjs.org/baseline-browser-mapping cache-miss
300 http fetch GET 200 https://registry.npmjs.org/styled-jsx 43ms (cache miss)
301 silly packumentCache full:https://registry.npmjs.org/styled-jsx set size:undefined disposed:false
302 silly fetch manifest sharp@^0.34.4
303 silly packumentCache full:https://registry.npmjs.org/sharp cache-miss
304 http fetch GET 200 https://registry.npmjs.org/@swc%2fhelpers 51ms (cache miss)
305 silly packumentCache full:https://registry.npmjs.org/@swc%2fhelpers set size:undefined disposed:false
306 silly fetch manifest @next/swc-darwin-x64@16.1.6
307 silly packumentCache full:https://registry.npmjs.org/@next%2fswc-darwin-x64 cache-miss
308 http fetch GET 200 https://registry.npmjs.org/sharp 50ms (cache miss)
309 silly packumentCache full:https://registry.npmjs.org/sharp set size:undefined disposed:false
310 silly fetch manifest @next/swc-darwin-arm64@16.1.6
311 silly packumentCache full:https://registry.npmjs.org/@next%2fswc-darwin-arm64 cache-miss
312 http fetch GET 200 https://registry.npmjs.org/@next%2feslint-plugin-next 145ms (cache miss)
313 silly packumentCache full:https://registry.npmjs.org/@next%2feslint-plugin-next set size:undefined disposed:false
314 silly fetch manifest @next/swc-linux-x64-gnu@16.1.6
315 silly packumentCache full:https://registry.npmjs.org/@next%2fswc-linux-x64-gnu cache-miss
316 http fetch GET 200 https://registry.npmjs.org/caniuse-lite 95ms (cache miss)
317 silly packumentCache full:https://registry.npmjs.org/caniuse-lite set size:undefined disposed:false
318 silly fetch manifest @next/swc-linux-x64-musl@16.1.6
319 silly packumentCache full:https://registry.npmjs.org/@next%2fswc-linux-x64-musl cache-miss
320 http fetch GET 200 https://registry.npmjs.org/eslint-plugin-react-hooks 167ms (cache miss)
321 silly packumentCache full:https://registry.npmjs.org/eslint-plugin-react-hooks set size:undefined disposed:false
322 silly fetch manifest @next/swc-win32-x64-msvc@16.1.6
323 silly packumentCache full:https://registry.npmjs.org/@next%2fswc-win32-x64-msvc cache-miss
324 http fetch GET 200 https://registry.npmjs.org/@next%2fenv 171ms (cache miss)
325 silly packumentCache full:https://registry.npmjs.org/@next%2fenv set size:undefined disposed:false
326 silly fetch manifest @next/swc-linux-arm64-gnu@16.1.6
327 silly packumentCache full:https://registry.npmjs.org/@next%2fswc-linux-arm64-gnu cache-miss
328 http fetch GET 200 https://registry.npmjs.org/@next%2fswc-darwin-x64 174ms (cache miss)
329 silly packumentCache full:https://registry.npmjs.org/@next%2fswc-darwin-x64 set size:undefined disposed:false
330 silly fetch manifest @next/swc-linux-arm64-musl@16.1.6
331 silly packumentCache full:https://registry.npmjs.org/@next%2fswc-linux-arm64-musl cache-miss
332 http fetch GET 200 https://registry.npmjs.org/baseline-browser-mapping 216ms (cache miss)
333 silly packumentCache full:https://registry.npmjs.org/baseline-browser-mapping set size:undefined disposed:false
334 silly fetch manifest @next/swc-win32-arm64-msvc@16.1.6
335 silly packumentCache full:https://registry.npmjs.org/@next%2fswc-win32-arm64-msvc cache-miss
336 http fetch GET 200 https://registry.npmjs.org/@next%2fswc-darwin-arm64 157ms (cache miss)
337 silly packumentCache full:https://registry.npmjs.org/@next%2fswc-darwin-arm64 set size:undefined disposed:false
338 silly fetch manifest scheduler@^0.27.0
339 silly packumentCache full:https://registry.npmjs.org/scheduler cache-miss
340 http fetch GET 200 https://registry.npmjs.org/@next%2fswc-linux-x64-musl 160ms (cache miss)
341 silly packumentCache full:https://registry.npmjs.org/@next%2fswc-linux-x64-musl set size:undefined disposed:false
342 http fetch GET 200 https://registry.npmjs.org/@next%2fswc-linux-x64-gnu 195ms (cache miss)
343 silly packumentCache full:https://registry.npmjs.org/@next%2fswc-linux-x64-gnu set size:undefined disposed:false
344 http fetch GET 200 https://registry.npmjs.org/@next%2fswc-win32-x64-msvc 183ms (cache miss)
345 silly packumentCache full:https://registry.npmjs.org/@next%2fswc-win32-x64-msvc set size:undefined disposed:false
346 http fetch GET 200 https://registry.npmjs.org/@next%2fswc-linux-arm64-gnu 179ms (cache miss)
347 silly packumentCache full:https://registry.npmjs.org/@next%2fswc-linux-arm64-gnu set size:undefined disposed:false
348 http fetch GET 200 https://registry.npmjs.org/@next%2fswc-win32-arm64-msvc 144ms (cache miss)
349 silly packumentCache full:https://registry.npmjs.org/@next%2fswc-win32-arm64-msvc set size:undefined disposed:false
350 http fetch GET 200 https://registry.npmjs.org/@next%2fswc-linux-arm64-musl 166ms (cache miss)
351 silly packumentCache full:https://registry.npmjs.org/@next%2fswc-linux-arm64-musl set size:undefined disposed:false
352 http fetch GET 200 https://registry.npmjs.org/scheduler 161ms (cache miss)
353 silly packumentCache full:https://registry.npmjs.org/scheduler set size:undefined disposed:false
354 silly placeDep ROOT @alloc/quick-lru@5.2.0 OK for: @tailwindcss/postcss@4.2.0 want: ^5.2.0
355 silly placeDep ROOT @tailwindcss/node@4.2.0 OK for: @tailwindcss/postcss@4.2.0 want: 4.2.0
356 silly placeDep ROOT @tailwindcss/oxide@4.2.0 OK for: @tailwindcss/postcss@4.2.0 want: 4.2.0
357 silly placeDep ROOT postcss@8.5.6 OK for: @tailwindcss/postcss@4.2.0 want: ^8.5.6
358 silly fetch manifest jiti@^2.6.1
359 silly packumentCache full:https://registry.npmjs.org/jiti cache-miss
360 silly fetch manifest lightningcss@1.31.1
361 silly packumentCache full:https://registry.npmjs.org/lightningcss cache-miss
362 silly fetch manifest magic-string@^0.30.21
363 silly packumentCache full:https://registry.npmjs.org/magic-string cache-miss
364 silly fetch manifest source-map-js@^1.2.1
365 silly packumentCache full:https://registry.npmjs.org/source-map-js cache-miss
366 silly fetch manifest enhanced-resolve@^5.19.0
367 silly packumentCache full:https://registry.npmjs.org/enhanced-resolve cache-miss
368 silly fetch manifest @jridgewell/remapping@^2.3.5
369 silly packumentCache full:https://registry.npmjs.org/@jridgewell%2fremapping cache-miss
370 silly fetch manifest @tailwindcss/oxide-darwin-x64@4.2.0
371 silly packumentCache full:https://registry.npmjs.org/@tailwindcss%2foxide-darwin-x64 cache-miss
372 http cache https://registry.npmjs.org/jiti 6ms (cache hit)
373 silly packumentCache full:https://registry.npmjs.org/jiti set size:382310 disposed:false
374 silly fetch manifest @tailwindcss/oxide-freebsd-x64@4.2.0
375 silly packumentCache full:https://registry.npmjs.org/@tailwindcss%2foxide-freebsd-x64 cache-miss
376 http fetch GET 200 https://registry.npmjs.org/source-map-js 25ms (cache miss)
377 silly packumentCache full:https://registry.npmjs.org/source-map-js set size:undefined disposed:false
378 silly fetch manifest @tailwindcss/oxide-wasm32-wasi@4.2.0
379 silly packumentCache full:https://registry.npmjs.org/@tailwindcss%2foxide-wasm32-wasi cache-miss
380 http fetch GET 200 https://registry.npmjs.org/magic-string 34ms (cache miss)
381 silly packumentCache full:https://registry.npmjs.org/magic-string set size:undefined disposed:false
382 silly fetch manifest @tailwindcss/oxide-darwin-arm64@4.2.0
383 silly packumentCache full:https://registry.npmjs.org/@tailwindcss%2foxide-darwin-arm64 cache-miss
384 http fetch GET 200 https://registry.npmjs.org/lightningcss 40ms (cache miss)
385 silly packumentCache full:https://registry.npmjs.org/lightningcss set size:undefined disposed:false
386 silly fetch manifest @tailwindcss/oxide-android-arm64@4.2.0
387 silly packumentCache full:https://registry.npmjs.org/@tailwindcss%2foxide-android-arm64 cache-miss
388 http fetch GET 200 https://registry.npmjs.org/@jridgewell%2fremapping 41ms (cache miss)
389 silly packumentCache full:https://registry.npmjs.org/@jridgewell%2fremapping set size:undefined disposed:false
390 silly fetch manifest @tailwindcss/oxide-linux-x64-gnu@4.2.0
391 silly packumentCache full:https://registry.npmjs.org/@tailwindcss%2foxide-linux-x64-gnu cache-miss
392 http fetch GET 200 https://registry.npmjs.org/enhanced-resolve 42ms (cache miss)
393 silly packumentCache full:https://registry.npmjs.org/enhanced-resolve set size:undefined disposed:false
394 silly fetch manifest @tailwindcss/oxide-linux-x64-musl@4.2.0
395 silly packumentCache full:https://registry.npmjs.org/@tailwindcss%2foxide-linux-x64-musl cache-miss
396 http fetch GET 200 https://registry.npmjs.org/@tailwindcss%2foxide-darwin-x64 59ms (cache miss)
397 silly packumentCache full:https://registry.npmjs.org/@tailwindcss%2foxide-darwin-x64 set size:undefined disposed:false
398 silly fetch manifest @tailwindcss/oxide-win32-x64-msvc@4.2.0
399 silly packumentCache full:https://registry.npmjs.org/@tailwindcss%2foxide-win32-x64-msvc cache-miss
400 http fetch GET 200 https://registry.npmjs.org/@tailwindcss%2foxide-android-arm64 56ms (cache miss)
401 silly packumentCache full:https://registry.npmjs.org/@tailwindcss%2foxide-android-arm64 set size:undefined disposed:false
402 silly fetch manifest @tailwindcss/oxide-linux-arm64-gnu@4.2.0
403 silly packumentCache full:https://registry.npmjs.org/@tailwindcss%2foxide-linux-arm64-gnu cache-miss
404 http fetch GET 200 https://registry.npmjs.org/@tailwindcss%2foxide-linux-x64-gnu 79ms (cache miss)
405 silly packumentCache full:https://registry.npmjs.org/@tailwindcss%2foxide-linux-x64-gnu set size:undefined disposed:false
406 silly fetch manifest @tailwindcss/oxide-linux-arm64-musl@4.2.0
407 silly packumentCache full:https://registry.npmjs.org/@tailwindcss%2foxide-linux-arm64-musl cache-miss
408 http fetch GET 200 https://registry.npmjs.org/@tailwindcss%2foxide-darwin-arm64 92ms (cache miss)
409 silly packumentCache full:https://registry.npmjs.org/@tailwindcss%2foxide-darwin-arm64 set size:undefined disposed:false
410 silly fetch manifest @tailwindcss/oxide-win32-arm64-msvc@4.2.0
411 silly packumentCache full:https://registry.npmjs.org/@tailwindcss%2foxide-win32-arm64-msvc cache-miss
412 http fetch GET 200 https://registry.npmjs.org/@tailwindcss%2foxide-linux-x64-musl 92ms (cache miss)
413 silly packumentCache full:https://registry.npmjs.org/@tailwindcss%2foxide-linux-x64-musl set size:undefined disposed:false
414 silly fetch manifest @tailwindcss/oxide-linux-arm-gnueabihf@4.2.0
415 silly packumentCache full:https://registry.npmjs.org/@tailwindcss%2foxide-linux-arm-gnueabihf cache-miss
416 http fetch GET 200 https://registry.npmjs.org/@tailwindcss%2foxide-wasm32-wasi 118ms (cache miss)
417 silly packumentCache full:https://registry.npmjs.org/@tailwindcss%2foxide-wasm32-wasi set size:undefined disposed:false
418 silly fetch manifest nanoid@^3.3.11
419 silly packumentCache full:https://registry.npmjs.org/nanoid cache-miss
420 http fetch GET 200 https://registry.npmjs.org/@tailwindcss%2foxide-win32-x64-msvc 82ms (cache miss)
421 silly packumentCache full:https://registry.npmjs.org/@tailwindcss%2foxide-win32-x64-msvc set size:undefined disposed:false
422 silly fetch manifest picocolors@^1.1.1
423 silly packumentCache full:https://registry.npmjs.org/picocolors cache-miss
424 http fetch GET 200 https://registry.npmjs.org/@tailwindcss%2foxide-linux-arm64-gnu 64ms (cache miss)
425 silly packumentCache full:https://registry.npmjs.org/@tailwindcss%2foxide-linux-arm64-gnu set size:undefined disposed:false
426 http fetch GET 200 https://registry.npmjs.org/nanoid 29ms (cache miss)
427 silly packumentCache full:https://registry.npmjs.org/nanoid set size:undefined disposed:false
428 http fetch GET 200 https://registry.npmjs.org/picocolors 26ms (cache miss)
429 silly packumentCache full:https://registry.npmjs.org/picocolors set size:undefined disposed:false
430 http fetch GET 200 https://registry.npmjs.org/@tailwindcss%2foxide-win32-arm64-msvc 53ms (cache miss)
431 silly packumentCache full:https://registry.npmjs.org/@tailwindcss%2foxide-win32-arm64-msvc set size:undefined disposed:false
432 http fetch GET 200 https://registry.npmjs.org/@tailwindcss%2foxide-linux-arm-gnueabihf 61ms (cache miss)
433 silly packumentCache full:https://registry.npmjs.org/@tailwindcss%2foxide-linux-arm-gnueabihf set size:undefined disposed:false
434 http fetch GET 200 https://registry.npmjs.org/@tailwindcss%2foxide-freebsd-x64 322ms (cache miss)
435 silly packumentCache full:https://registry.npmjs.org/@tailwindcss%2foxide-freebsd-x64 set size:undefined disposed:false
436 http fetch GET 200 https://registry.npmjs.org/@tailwindcss%2foxide-linux-arm64-musl 311ms (cache miss)
437 silly packumentCache full:https://registry.npmjs.org/@tailwindcss%2foxide-linux-arm64-musl set size:undefined disposed:false
438 silly placeDep ROOT @jridgewell/remapping@2.3.5 OK for: @tailwindcss/node@4.2.0 want: ^2.3.5
439 silly placeDep ROOT enhanced-resolve@5.19.0 OK for: @tailwindcss/node@4.2.0 want: ^5.19.0
440 silly placeDep ROOT jiti@2.6.1 OK for: @tailwindcss/node@4.2.0 want: ^2.6.1
441 silly placeDep ROOT lightningcss@1.31.1 OK for: @tailwindcss/node@4.2.0 want: 1.31.1
442 silly placeDep ROOT magic-string@0.30.21 OK for: @tailwindcss/node@4.2.0 want: ^0.30.21
443 silly placeDep ROOT source-map-js@1.2.1 OK for: @tailwindcss/node@4.2.0 want: ^1.2.1
444 silly fetch manifest @jridgewell/gen-mapping@^0.3.5
445 silly packumentCache full:https://registry.npmjs.org/@jridgewell%2fgen-mapping cache-miss
446 silly fetch manifest @jridgewell/trace-mapping@^0.3.24
447 silly packumentCache full:https://registry.npmjs.org/@jridgewell%2ftrace-mapping cache-miss
448 silly fetch manifest graceful-fs@^4.2.4
449 silly packumentCache full:https://registry.npmjs.org/graceful-fs cache-miss
450 silly fetch manifest tapable@^2.3.0
451 silly packumentCache full:https://registry.npmjs.org/tapable cache-miss
452 silly fetch manifest detect-libc@^2.0.3
453 silly packumentCache full:https://registry.npmjs.org/detect-libc cache-miss
454 silly fetch manifest lightningcss-darwin-x64@1.31.1
455 silly packumentCache full:https://registry.npmjs.org/lightningcss-darwin-x64 cache-miss
456 silly fetch manifest lightningcss-linux-x64-gnu@1.31.1
457 silly packumentCache full:https://registry.npmjs.org/lightningcss-linux-x64-gnu cache-miss
458 http fetch GET 200 https://registry.npmjs.org/lightningcss-darwin-x64 26ms (cache miss)
459 silly packumentCache full:https://registry.npmjs.org/lightningcss-darwin-x64 set size:undefined disposed:false
460 silly fetch manifest lightningcss-win32-x64-msvc@1.31.1
461 silly packumentCache full:https://registry.npmjs.org/lightningcss-win32-x64-msvc cache-miss
462 http fetch GET 200 https://registry.npmjs.org/graceful-fs 28ms (cache miss)
463 silly packumentCache full:https://registry.npmjs.org/graceful-fs set size:undefined disposed:false
464 silly fetch manifest lightningcss-win32-arm64-msvc@1.31.1
465 silly packumentCache full:https://registry.npmjs.org/lightningcss-win32-arm64-msvc cache-miss
466 http fetch GET 200 https://registry.npmjs.org/tapable 33ms (cache miss)
467 silly packumentCache full:https://registry.npmjs.org/tapable set size:undefined disposed:false
468 silly fetch manifest lightningcss-darwin-arm64@1.31.1
469 silly packumentCache full:https://registry.npmjs.org/lightningcss-darwin-arm64 cache-miss
470 http fetch GET 200 https://registry.npmjs.org/lightningcss-linux-x64-gnu 40ms (cache miss)
471 silly packumentCache full:https://registry.npmjs.org/lightningcss-linux-x64-gnu set size:undefined disposed:false
472 silly fetch manifest lightningcss-linux-arm64-gnu@1.31.1
473 silly packumentCache full:https://registry.npmjs.org/lightningcss-linux-arm64-gnu cache-miss
474 http fetch GET 200 https://registry.npmjs.org/detect-libc 45ms (cache miss)
475 silly packumentCache full:https://registry.npmjs.org/detect-libc set size:undefined disposed:false
476 silly fetch manifest lightningcss-linux-arm-gnueabihf@1.31.1
477 silly packumentCache full:https://registry.npmjs.org/lightningcss-linux-arm-gnueabihf cache-miss
478 http fetch GET 200 https://registry.npmjs.org/@jridgewell%2fgen-mapping 50ms (cache miss)
479 silly packumentCache full:https://registry.npmjs.org/@jridgewell%2fgen-mapping set size:undefined disposed:false
480 silly fetch manifest lightningcss-linux-arm64-musl@1.31.1
481 silly packumentCache full:https://registry.npmjs.org/lightningcss-linux-arm64-musl cache-miss
482 http fetch GET 200 https://registry.npmjs.org/@jridgewell%2ftrace-mapping 61ms (cache miss)
483 silly packumentCache full:https://registry.npmjs.org/@jridgewell%2ftrace-mapping set size:undefined disposed:false
484 silly fetch manifest lightningcss-linux-x64-musl@1.31.1
485 silly packumentCache full:https://registry.npmjs.org/lightningcss-linux-x64-musl cache-miss
486 http fetch GET 200 https://registry.npmjs.org/lightningcss-win32-x64-msvc 48ms (cache miss)
487 silly packumentCache full:https://registry.npmjs.org/lightningcss-win32-x64-msvc set size:undefined disposed:false
488 silly fetch manifest lightningcss-freebsd-x64@1.31.1
489 silly packumentCache full:https://registry.npmjs.org/lightningcss-freebsd-x64 cache-miss
490 http fetch GET 200 https://registry.npmjs.org/lightningcss-darwin-arm64 44ms (cache miss)
491 silly packumentCache full:https://registry.npmjs.org/lightningcss-darwin-arm64 set size:undefined disposed:false
492 silly fetch manifest lightningcss-android-arm64@1.31.1
493 silly packumentCache full:https://registry.npmjs.org/lightningcss-android-arm64 cache-miss
494 http fetch GET 200 https://registry.npmjs.org/lightningcss-win32-arm64-msvc 50ms (cache miss)
495 silly packumentCache full:https://registry.npmjs.org/lightningcss-win32-arm64-msvc set size:undefined disposed:false
496 silly fetch manifest @jridgewell/sourcemap-codec@^1.5.5
497 silly packumentCache full:https://registry.npmjs.org/@jridgewell%2fsourcemap-codec cache-miss
498 http fetch GET 200 https://registry.npmjs.org/lightningcss-linux-arm64-gnu 41ms (cache miss)
499 silly packumentCache full:https://registry.npmjs.org/lightningcss-linux-arm64-gnu set size:undefined disposed:false
500 http fetch GET 200 https://registry.npmjs.org/lightningcss-linux-arm-gnueabihf 38ms (cache miss)
501 silly packumentCache full:https://registry.npmjs.org/lightningcss-linux-arm-gnueabihf set size:undefined disposed:false
502 http fetch GET 200 https://registry.npmjs.org/lightningcss-linux-arm64-musl 39ms (cache miss)
503 silly packumentCache full:https://registry.npmjs.org/lightningcss-linux-arm64-musl set size:undefined disposed:false
504 http fetch GET 200 https://registry.npmjs.org/lightningcss-linux-x64-musl 32ms (cache miss)
505 silly packumentCache full:https://registry.npmjs.org/lightningcss-linux-x64-musl set size:undefined disposed:false
506 http fetch GET 200 https://registry.npmjs.org/lightningcss-android-arm64 32ms (cache miss)
507 silly packumentCache full:https://registry.npmjs.org/lightningcss-android-arm64 set size:undefined disposed:false
508 http fetch GET 200 https://registry.npmjs.org/@jridgewell%2fsourcemap-codec 39ms (cache miss)
509 silly packumentCache full:https://registry.npmjs.org/@jridgewell%2fsourcemap-codec set size:undefined disposed:false
510 http fetch GET 200 https://registry.npmjs.org/lightningcss-freebsd-x64 193ms (cache miss)
511 silly packumentCache full:https://registry.npmjs.org/lightningcss-freebsd-x64 set size:undefined disposed:false
512 silly placeDep ROOT @jridgewell/gen-mapping@0.3.13 OK for: @jridgewell/remapping@2.3.5 want: ^0.3.5
513 silly placeDep ROOT @jridgewell/trace-mapping@0.3.31 OK for: @jridgewell/remapping@2.3.5 want: ^0.3.24
514 silly fetch manifest @jridgewell/sourcemap-codec@^1.5.0
515 silly packumentCache full:https://registry.npmjs.org/@jridgewell%2fsourcemap-codec cache-miss
516 silly fetch manifest @jridgewell/resolve-uri@^3.1.0
517 silly packumentCache full:https://registry.npmjs.org/@jridgewell%2fresolve-uri cache-miss
518 silly fetch manifest @jridgewell/sourcemap-codec@^1.4.14
519 silly packumentCache full:https://registry.npmjs.org/@jridgewell%2fsourcemap-codec cache-miss
520 http cache https://registry.npmjs.org/@jridgewell%2fsourcemap-codec 3ms (cache hit)
521 silly packumentCache full:https://registry.npmjs.org/@jridgewell%2fsourcemap-codec set size:59275 disposed:false
522 http cache https://registry.npmjs.org/@jridgewell%2fsourcemap-codec 2ms (cache hit)
523 silly packumentCache full:https://registry.npmjs.org/@jridgewell%2fsourcemap-codec set size:59275 disposed:false
524 silly packumentCache full:https://registry.npmjs.org/@jridgewell%2fsourcemap-codec dispose
525 http fetch GET 200 https://registry.npmjs.org/@jridgewell%2fresolve-uri 40ms (cache miss)
526 silly packumentCache full:https://registry.npmjs.org/@jridgewell%2fresolve-uri set size:undefined disposed:false
527 silly placeDep ROOT @jridgewell/sourcemap-codec@1.5.5 OK for: @jridgewell/gen-mapping@0.3.13 want: ^1.5.0
528 silly placeDep ROOT @jridgewell/resolve-uri@3.1.2 OK for: @jridgewell/trace-mapping@0.3.31 want: ^3.1.0
529 silly placeDep ROOT @tailwindcss/oxide-android-arm64@4.2.0 OK for: @tailwindcss/oxide@4.2.0 want: 4.2.0
530 silly placeDep ROOT @tailwindcss/oxide-darwin-arm64@4.2.0 OK for: @tailwindcss/oxide@4.2.0 want: 4.2.0
531 silly placeDep ROOT @tailwindcss/oxide-darwin-x64@4.2.0 OK for: @tailwindcss/oxide@4.2.0 want: 4.2.0
532 silly placeDep ROOT @tailwindcss/oxide-freebsd-x64@4.2.0 OK for: @tailwindcss/oxide@4.2.0 want: 4.2.0
533 silly placeDep ROOT @tailwindcss/oxide-linux-arm-gnueabihf@4.2.0 OK for: @tailwindcss/oxide@4.2.0 want: 4.2.0
534 silly placeDep ROOT @tailwindcss/oxide-linux-arm64-gnu@4.2.0 OK for: @tailwindcss/oxide@4.2.0 want: 4.2.0
535 silly placeDep ROOT @tailwindcss/oxide-linux-arm64-musl@4.2.0 OK for: @tailwindcss/oxide@4.2.0 want: 4.2.0
536 silly placeDep ROOT @tailwindcss/oxide-linux-x64-gnu@4.2.0 OK for: @tailwindcss/oxide@4.2.0 want: 4.2.0
537 silly placeDep ROOT @tailwindcss/oxide-linux-x64-musl@4.2.0 OK for: @tailwindcss/oxide@4.2.0 want: 4.2.0
538 silly placeDep ROOT @tailwindcss/oxide-wasm32-wasi@4.2.0 OK for: @tailwindcss/oxide@4.2.0 want: 4.2.0
539 silly placeDep ROOT @tailwindcss/oxide-win32-arm64-msvc@4.2.0 OK for: @tailwindcss/oxide@4.2.0 want: 4.2.0
540 silly placeDep ROOT @tailwindcss/oxide-win32-x64-msvc@4.2.0 OK for: @tailwindcss/oxide@4.2.0 want: 4.2.0
541 silly placeDep ROOT undici-types@6.21.0 OK for: @types/node@20.19.33 want: ~6.21.0
542 silly placeDep ROOT csstype@3.2.3 OK for: @types/react@19.2.14 want: ^3.2.2
543 silly placeDep ROOT graceful-fs@4.2.11 OK for: enhanced-resolve@5.19.0 want: ^4.2.4
544 silly placeDep ROOT tapable@2.3.0 OK for: enhanced-resolve@5.19.0 want: ^2.3.0
545 silly fetch manifest eslint@^6.0.0 || ^7.0.0 || >=8.0.0
546 silly packumentCache full:https://registry.npmjs.org/eslint cache-miss
547 http cache https://registry.npmjs.org/eslint 3ms (cache hit)
548 silly packumentCache full:https://registry.npmjs.org/eslint set size:1942719 disposed:false
549 silly placeDep ROOT @eslint-community/eslint-utils@4.9.1 OK for: eslint@9.39.3 want: ^4.8.0
550 silly placeDep ROOT @eslint-community/regexpp@4.12.2 OK for: eslint@9.39.3 want: ^4.12.1
551 silly placeDep ROOT @eslint/config-array@0.21.1 OK for: eslint@9.39.3 want: ^0.21.1
552 silly placeDep ROOT @eslint/config-helpers@0.4.2 OK for: eslint@9.39.3 want: ^0.4.2
553 silly placeDep ROOT @eslint/core@0.17.0 OK for: eslint@9.39.3 want: ^0.17.0
554 silly placeDep ROOT @eslint/eslintrc@3.3.3 OK for: eslint@9.39.3 want: ^3.3.1
555 silly placeDep ROOT @eslint/js@9.39.3 OK for: eslint@9.39.3 want: 9.39.3
556 silly placeDep ROOT @eslint/plugin-kit@0.4.1 OK for: eslint@9.39.3 want: ^0.4.1
557 silly placeDep ROOT @humanfs/node@0.16.7 OK for: eslint@9.39.3 want: ^0.16.6
558 silly placeDep ROOT @humanwhocodes/module-importer@1.0.1 OK for: eslint@9.39.3 want: ^1.0.1
559 silly placeDep ROOT @humanwhocodes/retry@0.4.3 OK for: eslint@9.39.3 want: ^0.4.2
560 silly placeDep ROOT @types/estree@1.0.8 OK for: eslint@9.39.3 want: ^1.0.6
561 silly placeDep ROOT ajv@6.14.0 OK for: eslint@9.39.3 want: ^6.12.4
562 silly placeDep ROOT chalk@4.1.2 OK for: eslint@9.39.3 want: ^4.0.0
563 silly placeDep ROOT cross-spawn@7.0.6 OK for: eslint@9.39.3 want: ^7.0.6
564 silly placeDep ROOT debug@4.4.3 OK for: eslint@9.39.3 want: ^4.3.2
565 silly placeDep ROOT escape-string-regexp@4.0.0 OK for: eslint@9.39.3 want: ^4.0.0
566 silly placeDep ROOT eslint-scope@8.4.0 OK for: eslint@9.39.3 want: ^8.4.0
567 silly placeDep ROOT eslint-visitor-keys@4.2.1 OK for: eslint@9.39.3 want: ^4.2.1
568 silly placeDep ROOT espree@10.4.0 OK for: eslint@9.39.3 want: ^10.4.0
569 silly placeDep ROOT esquery@1.7.0 OK for: eslint@9.39.3 want: ^1.5.0
570 silly placeDep ROOT esutils@2.0.3 OK for: eslint@9.39.3 want: ^2.0.2
571 silly placeDep ROOT fast-deep-equal@3.1.3 OK for: eslint@9.39.3 want: ^3.1.3
572 silly placeDep ROOT file-entry-cache@8.0.0 OK for: eslint@9.39.3 want: ^8.0.0
573 silly placeDep ROOT find-up@5.0.0 OK for: eslint@9.39.3 want: ^5.0.0
574 silly placeDep ROOT glob-parent@6.0.2 OK for: eslint@9.39.3 want: ^6.0.2
575 silly placeDep ROOT ignore@5.3.2 OK for: eslint@9.39.3 want: ^5.2.0
576 silly placeDep ROOT imurmurhash@0.1.4 OK for: eslint@9.39.3 want: ^0.1.4
577 silly placeDep ROOT is-glob@4.0.3 OK for: eslint@9.39.3 want: ^4.0.0
578 silly placeDep ROOT json-stable-stringify-without-jsonify@1.0.1 OK for: eslint@9.39.3 want: ^1.0.1
579 silly placeDep ROOT lodash.merge@4.6.2 OK for: eslint@9.39.3 want: ^4.6.2
580 silly placeDep ROOT minimatch@3.1.3 OK for: eslint@9.39.3 want: ^3.1.2
581 silly placeDep ROOT natural-compare@1.4.0 OK for: eslint@9.39.3 want: ^1.4.0
582 silly placeDep ROOT optionator@0.9.4 OK for: eslint@9.39.3 want: ^0.9.3
583 silly fetch manifest eslint-visitor-keys@^3.4.3
584 silly packumentCache full:https://registry.npmjs.org/eslint-visitor-keys cache-miss
585 silly fetch manifest debug@^4.3.1
586 silly packumentCache full:https://registry.npmjs.org/debug cache-miss
587 silly fetch manifest @eslint/object-schema@^2.1.7
588 silly packumentCache full:https://registry.npmjs.org/@eslint%2fobject-schema cache-miss
589 silly fetch manifest @types/json-schema@^7.0.15
590 silly packumentCache full:https://registry.npmjs.org/@types%2fjson-schema cache-miss
591 silly fetch manifest espree@^10.0.1
592 silly packumentCache full:https://registry.npmjs.org/espree cache-miss
593 silly fetch manifest globals@^14.0.0
594 silly packumentCache full:https://registry.npmjs.org/globals cache-miss
595 silly fetch manifest import-fresh@^3.2.1
596 silly packumentCache full:https://registry.npmjs.org/import-fresh cache-miss
597 http cache https://registry.npmjs.org/globals 4ms (cache hit)
598 silly packumentCache full:https://registry.npmjs.org/globals set size:304921 disposed:false
599 silly fetch manifest js-yaml@^4.1.1
600 silly packumentCache full:https://registry.npmjs.org/js-yaml cache-miss
601 http cache https://registry.npmjs.org/debug 5ms (cache hit)
602 silly packumentCache full:https://registry.npmjs.org/debug set size:195840 disposed:false
603 silly fetch manifest strip-json-comments@^3.1.1
604 silly packumentCache full:https://registry.npmjs.org/strip-json-comments cache-miss
605 http cache https://registry.npmjs.org/espree 7ms (cache hit)
606 silly packumentCache full:https://registry.npmjs.org/espree set size:323320 disposed:false
607 silly fetch manifest levn@^0.4.1
608 silly packumentCache full:https://registry.npmjs.org/levn cache-miss
609 http cache https://registry.npmjs.org/eslint-visitor-keys 12ms (cache hit)
610 silly packumentCache full:https://registry.npmjs.org/eslint-visitor-keys set size:69949 disposed:false
611 silly fetch manifest @humanwhocodes/retry@^0.4.0
612 silly packumentCache full:https://registry.npmjs.org/@humanwhocodes%2fretry cache-miss
613 http cache https://registry.npmjs.org/@humanwhocodes%2fretry 2ms (cache hit)
614 silly packumentCache full:https://registry.npmjs.org/@humanwhocodes%2fretry set size:42348 disposed:false
615 silly fetch manifest @humanfs/core@^0.19.1
616 silly packumentCache full:https://registry.npmjs.org/@humanfs%2fcore cache-miss
617 http fetch GET 200 https://registry.npmjs.org/js-yaml 30ms (cache miss)
618 silly packumentCache full:https://registry.npmjs.org/js-yaml set size:undefined disposed:false
619 silly fetch manifest fast-deep-equal@^3.1.1
620 silly packumentCache full:https://registry.npmjs.org/fast-deep-equal cache-miss
621 http fetch GET 200 https://registry.npmjs.org/strip-json-comments 30ms (cache miss)
622 silly packumentCache full:https://registry.npmjs.org/strip-json-comments set size:undefined disposed:false
623 silly fetch manifest fast-json-stable-stringify@^2.0.0
624 silly packumentCache full:https://registry.npmjs.org/fast-json-stable-stringify cache-miss
625 http cache https://registry.npmjs.org/fast-deep-equal 2ms (cache hit)
626 silly packumentCache full:https://registry.npmjs.org/fast-deep-equal set size:48634 disposed:false
627 silly fetch manifest json-schema-traverse@^0.4.1
628 silly packumentCache full:https://registry.npmjs.org/json-schema-traverse cache-miss
629 http fetch GET 200 https://registry.npmjs.org/import-fresh 39ms (cache miss)
630 silly packumentCache full:https://registry.npmjs.org/import-fresh set size:undefined disposed:false
631 silly fetch manifest uri-js@^4.2.2
632 silly packumentCache full:https://registry.npmjs.org/uri-js cache-miss
633 http fetch GET 200 https://registry.npmjs.org/@types%2fjson-schema 41ms (cache miss)
634 silly packumentCache full:https://registry.npmjs.org/@types%2fjson-schema set size:undefined disposed:false
635 silly fetch manifest ansi-styles@^4.1.0
636 silly packumentCache full:https://registry.npmjs.org/ansi-styles cache-miss
637 http fetch GET 200 https://registry.npmjs.org/levn 37ms (cache miss)
638 silly packumentCache full:https://registry.npmjs.org/levn set size:undefined disposed:false
639 silly fetch manifest supports-color@^7.1.0
640 silly packumentCache full:https://registry.npmjs.org/supports-color cache-miss
641 http fetch GET 200 https://registry.npmjs.org/@humanfs%2fcore 39ms (cache miss)
642 silly packumentCache full:https://registry.npmjs.org/@humanfs%2fcore set size:undefined disposed:false
643 silly fetch manifest which@^2.0.1
644 silly packumentCache full:https://registry.npmjs.org/which cache-miss
645 http fetch GET 200 https://registry.npmjs.org/uri-js 23ms (cache miss)
646 silly packumentCache full:https://registry.npmjs.org/uri-js set size:undefined disposed:false
647 silly fetch manifest path-key@^3.1.0
648 silly packumentCache full:https://registry.npmjs.org/path-key cache-miss
649 http fetch GET 200 https://registry.npmjs.org/fast-json-stable-stringify 26ms (cache miss)
650 silly packumentCache full:https://registry.npmjs.org/fast-json-stable-stringify set size:undefined disposed:false
651 silly fetch manifest shebang-command@^2.0.0
652 silly packumentCache full:https://registry.npmjs.org/shebang-command cache-miss
653 http fetch GET 200 https://registry.npmjs.org/json-schema-traverse 26ms (cache miss)
654 silly packumentCache full:https://registry.npmjs.org/json-schema-traverse set size:undefined disposed:false
655 silly fetch manifest ms@^2.1.3
656 silly packumentCache full:https://registry.npmjs.org/ms cache-miss
657 http fetch GET 200 https://registry.npmjs.org/ansi-styles 35ms (cache miss)
658 silly packumentCache full:https://registry.npmjs.org/ansi-styles set size:undefined disposed:false
659 silly fetch manifest esrecurse@^4.3.0
660 silly packumentCache full:https://registry.npmjs.org/esrecurse cache-miss
661 http fetch GET 200 https://registry.npmjs.org/supports-color 30ms (cache miss)
662 silly packumentCache full:https://registry.npmjs.org/supports-color set size:undefined disposed:false
663 silly fetch manifest estraverse@^5.2.0
664 silly packumentCache full:https://registry.npmjs.org/estraverse cache-miss
665 http fetch GET 200 https://registry.npmjs.org/which 24ms (cache miss)
666 silly packumentCache full:https://registry.npmjs.org/which set size:undefined disposed:false
667 silly fetch manifest acorn@^8.15.0
668 silly packumentCache full:https://registry.npmjs.org/acorn cache-miss
669 http fetch GET 200 https://registry.npmjs.org/shebang-command 23ms (cache miss)
670 silly packumentCache full:https://registry.npmjs.org/shebang-command set size:undefined disposed:false
671 silly fetch manifest acorn-jsx@^5.3.2
672 silly packumentCache full:https://registry.npmjs.org/acorn-jsx cache-miss
673 http fetch GET 200 https://registry.npmjs.org/path-key 24ms (cache miss)
674 silly packumentCache full:https://registry.npmjs.org/path-key set size:undefined disposed:false
675 silly fetch manifest estraverse@^5.1.0
676 silly packumentCache full:https://registry.npmjs.org/estraverse cache-miss
677 http fetch GET 200 https://registry.npmjs.org/ms 33ms (cache miss)
678 silly packumentCache full:https://registry.npmjs.org/ms set size:undefined disposed:false
679 silly fetch manifest flat-cache@^4.0.0
680 silly packumentCache full:https://registry.npmjs.org/flat-cache cache-miss
681 http fetch GET 200 https://registry.npmjs.org/estraverse 23ms (cache miss)
682 silly packumentCache full:https://registry.npmjs.org/estraverse set size:undefined disposed:false
683 silly fetch manifest locate-path@^6.0.0
684 silly packumentCache full:https://registry.npmjs.org/locate-path cache-miss
685 http fetch GET 200 https://registry.npmjs.org/esrecurse 29ms (cache miss)
686 silly packumentCache full:https://registry.npmjs.org/esrecurse set size:undefined disposed:false
687 silly fetch manifest path-exists@^4.0.0
688 silly packumentCache full:https://registry.npmjs.org/path-exists cache-miss
689 http fetch GET 200 https://registry.npmjs.org/acorn 28ms (cache miss)
690 silly packumentCache full:https://registry.npmjs.org/acorn set size:undefined disposed:false
691 silly fetch manifest is-glob@^4.0.3
692 silly packumentCache full:https://registry.npmjs.org/is-glob cache-miss
693 http cache https://registry.npmjs.org/is-glob 1ms (cache hit)
694 silly packumentCache full:https://registry.npmjs.org/is-glob set size:40530 disposed:false
695 silly fetch manifest is-extglob@^2.1.1
696 silly packumentCache full:https://registry.npmjs.org/is-extglob cache-miss
697 http fetch GET 200 https://registry.npmjs.org/estraverse 25ms (cache miss)
698 silly packumentCache full:https://registry.npmjs.org/estraverse set size:undefined disposed:false
699 silly fetch manifest brace-expansion@^1.1.7
700 silly packumentCache full:https://registry.npmjs.org/brace-expansion cache-miss
701 http fetch GET 200 https://registry.npmjs.org/acorn-jsx 27ms (cache miss)
702 silly packumentCache full:https://registry.npmjs.org/acorn-jsx set size:undefined disposed:false
703 silly fetch manifest prelude-ls@^1.2.1
704 silly packumentCache full:https://registry.npmjs.org/prelude-ls cache-miss
705 http fetch GET 200 https://registry.npmjs.org/locate-path 31ms (cache miss)
706 silly packumentCache full:https://registry.npmjs.org/locate-path set size:undefined disposed:false
707 silly fetch manifest deep-is@^0.1.3
708 silly packumentCache full:https://registry.npmjs.org/deep-is cache-miss
709 http fetch GET 200 https://registry.npmjs.org/is-extglob 22ms (cache miss)
710 silly packumentCache full:https://registry.npmjs.org/is-extglob set size:undefined disposed:false
711 silly fetch manifest word-wrap@^1.2.5
712 silly packumentCache full:https://registry.npmjs.org/word-wrap cache-miss
713 http fetch GET 200 https://registry.npmjs.org/path-exists 28ms (cache miss)
714 silly packumentCache full:https://registry.npmjs.org/path-exists set size:undefined disposed:false
715 silly fetch manifest type-check@^0.4.0
716 silly packumentCache full:https://registry.npmjs.org/type-check cache-miss
717 http fetch GET 200 https://registry.npmjs.org/flat-cache 36ms (cache miss)
718 silly packumentCache full:https://registry.npmjs.org/flat-cache set size:undefined disposed:false
719 silly fetch manifest fast-levenshtein@^2.0.6
720 silly packumentCache full:https://registry.npmjs.org/fast-levenshtein cache-miss
721 http fetch GET 200 https://registry.npmjs.org/prelude-ls 22ms (cache miss)
722 silly packumentCache full:https://registry.npmjs.org/prelude-ls set size:undefined disposed:false
723 http fetch GET 200 https://registry.npmjs.org/brace-expansion 26ms (cache miss)
724 silly packumentCache full:https://registry.npmjs.org/brace-expansion set size:undefined disposed:false
725 http fetch GET 200 https://registry.npmjs.org/deep-is 24ms (cache miss)
726 silly packumentCache full:https://registry.npmjs.org/deep-is set size:undefined disposed:false
727 http fetch GET 200 https://registry.npmjs.org/type-check 24ms (cache miss)
728 silly packumentCache full:https://registry.npmjs.org/type-check set size:undefined disposed:false
729 http fetch GET 200 https://registry.npmjs.org/word-wrap 28ms (cache miss)
730 silly packumentCache full:https://registry.npmjs.org/word-wrap set size:undefined disposed:false
731 http fetch GET 200 https://registry.npmjs.org/fast-levenshtein 28ms (cache miss)
732 silly packumentCache full:https://registry.npmjs.org/fast-levenshtein set size:undefined disposed:false
733 http fetch GET 200 https://registry.npmjs.org/@eslint%2fobject-schema 200ms (cache miss)
734 silly packumentCache full:https://registry.npmjs.org/@eslint%2fobject-schema set size:undefined disposed:false
735 silly placeDep node_modules/@eslint-community/eslint-utils eslint-visitor-keys@3.4.3 OK for: @eslint-community/eslint-utils@4.9.1 want: ^3.4.3
736 silly placeDep ROOT @eslint/object-schema@2.1.7 OK for: @eslint/config-array@0.21.1 want: ^2.1.7
737 silly placeDep ROOT @types/json-schema@7.0.15 OK for: @eslint/core@0.17.0 want: ^7.0.15
738 silly placeDep ROOT globals@14.0.0 OK for: @eslint/eslintrc@3.3.3 want: ^14.0.0
739 silly placeDep ROOT import-fresh@3.3.1 OK for: @eslint/eslintrc@3.3.3 want: ^3.2.1
740 silly placeDep ROOT js-yaml@4.1.1 OK for: @eslint/eslintrc@3.3.3 want: ^4.1.1
741 silly placeDep ROOT strip-json-comments@3.1.1 OK for: @eslint/eslintrc@3.3.3 want: ^3.1.1
742 silly fetch manifest parent-module@^1.0.0
743 silly packumentCache full:https://registry.npmjs.org/parent-module cache-miss
744 silly fetch manifest resolve-from@^4.0.0
745 silly packumentCache full:https://registry.npmjs.org/resolve-from cache-miss
746 silly fetch manifest argparse@^2.0.1
747 silly packumentCache full:https://registry.npmjs.org/argparse cache-miss
748 http fetch GET 200 https://registry.npmjs.org/parent-module 23ms (cache miss)
749 silly packumentCache full:https://registry.npmjs.org/parent-module set size:undefined disposed:false
750 http fetch GET 200 https://registry.npmjs.org/argparse 31ms (cache miss)
751 silly packumentCache full:https://registry.npmjs.org/argparse set size:undefined disposed:false
752 http fetch GET 200 https://registry.npmjs.org/resolve-from 41ms (cache miss)
753 silly packumentCache full:https://registry.npmjs.org/resolve-from set size:undefined disposed:false
754 silly placeDep ROOT levn@0.4.1 OK for: @eslint/plugin-kit@0.4.1 want: ^0.4.1
755 silly fetch manifest type-check@~0.4.0
756 silly packumentCache full:https://registry.npmjs.org/type-check cache-miss
757 http cache https://registry.npmjs.org/type-check 1ms (cache hit)
758 silly packumentCache full:https://registry.npmjs.org/type-check set size:21221 disposed:false
759 silly placeDep ROOT @humanfs/core@0.19.1 OK for: @humanfs/node@0.16.7 want: ^0.19.1
760 silly placeDep ROOT fast-json-stable-stringify@2.1.0 OK for: ajv@6.14.0 want: ^2.0.0
761 silly placeDep ROOT json-schema-traverse@0.4.1 OK for: ajv@6.14.0 want: ^0.4.1
762 silly placeDep ROOT uri-js@4.4.1 OK for: ajv@6.14.0 want: ^4.2.2
763 silly fetch manifest punycode@^2.1.0
764 silly packumentCache full:https://registry.npmjs.org/punycode cache-miss
765 http fetch GET 200 https://registry.npmjs.org/punycode 25ms (cache miss)
766 silly packumentCache full:https://registry.npmjs.org/punycode set size:undefined disposed:false
767 silly placeDep ROOT ansi-styles@4.3.0 OK for: chalk@4.1.2 want: ^4.1.0
768 silly placeDep ROOT supports-color@7.2.0 OK for: chalk@4.1.2 want: ^7.1.0
769 silly fetch manifest color-convert@^2.0.1
770 silly packumentCache full:https://registry.npmjs.org/color-convert cache-miss
771 silly fetch manifest has-flag@^4.0.0
772 silly packumentCache full:https://registry.npmjs.org/has-flag cache-miss
773 http fetch GET 200 https://registry.npmjs.org/has-flag 31ms (cache miss)
774 silly packumentCache full:https://registry.npmjs.org/has-flag set size:undefined disposed:false
775 http fetch GET 200 https://registry.npmjs.org/color-convert 43ms (cache miss)
776 silly packumentCache full:https://registry.npmjs.org/color-convert set size:undefined disposed:false
777 silly placeDep ROOT color-convert@2.0.1 OK for: ansi-styles@4.3.0 want: ^2.0.1
778 silly fetch manifest color-name@~1.1.4
779 silly packumentCache full:https://registry.npmjs.org/color-name cache-miss
780 http fetch GET 200 https://registry.npmjs.org/color-name 27ms (cache miss)
781 silly packumentCache full:https://registry.npmjs.org/color-name set size:undefined disposed:false
782 silly placeDep ROOT color-name@1.1.4 OK for: color-convert@2.0.1 want: ~1.1.4
783 silly placeDep ROOT path-key@3.1.1 OK for: cross-spawn@7.0.6 want: ^3.1.0
784 silly placeDep ROOT shebang-command@2.0.0 OK for: cross-spawn@7.0.6 want: ^2.0.0
785 silly placeDep ROOT which@2.0.2 OK for: cross-spawn@7.0.6 want: ^2.0.1
786 silly fetch manifest shebang-regex@^3.0.0
787 silly packumentCache full:https://registry.npmjs.org/shebang-regex cache-miss
788 silly fetch manifest isexe@^2.0.0
789 silly packumentCache full:https://registry.npmjs.org/isexe cache-miss
790 http fetch GET 200 https://registry.npmjs.org/isexe 25ms (cache miss)
791 silly packumentCache full:https://registry.npmjs.org/isexe set size:undefined disposed:false
792 http fetch GET 200 https://registry.npmjs.org/shebang-regex 28ms (cache miss)
793 silly packumentCache full:https://registry.npmjs.org/shebang-regex set size:undefined disposed:false
794 silly placeDep ROOT ms@2.1.3 OK for: debug@4.4.3 want: ^2.1.3
795 silly fetch manifest eslint@>=9.0.0
796 silly packumentCache full:https://registry.npmjs.org/eslint cache-miss
797 http cache https://registry.npmjs.org/eslint 3ms (cache hit)
798 silly packumentCache full:https://registry.npmjs.org/eslint set size:1942719 disposed:false
799 silly fetch manifest typescript@>=3.3.1
800 silly packumentCache full:https://registry.npmjs.org/typescript cache-miss
801 http cache https://registry.npmjs.org/typescript 14ms (cache hit)
802 silly packumentCache full:https://registry.npmjs.org/typescript set size:15276399 disposed:false
803 silly fetch manifest eslint@^3 || ^4 || ^5 || ^6 || ^7 || ^8 || ^9.7
804 silly packumentCache full:https://registry.npmjs.org/eslint cache-miss
805 http cache https://registry.npmjs.org/eslint 5ms (cache hit)
806 silly packumentCache full:https://registry.npmjs.org/eslint set size:1942719 disposed:false
807 silly fetch manifest eslint@^2 || ^3 || ^4 || ^5 || ^6 || ^7.2.0 || ^8 || ^9
808 silly packumentCache full:https://registry.npmjs.org/eslint cache-miss
809 http cache https://registry.npmjs.org/eslint 6ms (cache hit)
810 silly packumentCache full:https://registry.npmjs.org/eslint set size:1942719 disposed:false
811 silly fetch manifest eslint@^3 || ^4 || ^5 || ^6 || ^7 || ^8 || ^9
812 silly packumentCache full:https://registry.npmjs.org/eslint cache-miss
813 http cache https://registry.npmjs.org/eslint 3ms (cache hit)
814 silly packumentCache full:https://registry.npmjs.org/eslint set size:1942719 disposed:false
815 silly fetch manifest eslint@^3.0.0 || ^4.0.0 || ^5.0.0 || ^6.0.0 || ^7.0.0 || ^8.0.0-0 || ^9.0.0
816 silly packumentCache full:https://registry.npmjs.org/eslint cache-miss
817 http cache https://registry.npmjs.org/eslint 6ms (cache hit)
818 silly packumentCache full:https://registry.npmjs.org/eslint set size:1942719 disposed:false
819 silly fetch manifest eslint-plugin-import-x@*
820 silly packumentCache full:https://registry.npmjs.org/eslint-plugin-import-x cache-miss
821 http fetch GET 200 https://registry.npmjs.org/eslint-plugin-import-x 201ms (cache miss)
822 silly packumentCache full:https://registry.npmjs.org/eslint-plugin-import-x set size:undefined disposed:false
823 silly fetch manifest @typescript-eslint/utils@^8.0.0
824 silly packumentCache full:https://registry.npmjs.org/@typescript-eslint%2futils cache-miss
825 http fetch GET 200 https://registry.npmjs.org/@typescript-eslint%2futils 157ms (cache miss)
826 silly packumentCache full:https://registry.npmjs.org/@typescript-eslint%2futils set size:undefined disposed:false
827 silly placeDep ROOT @next/eslint-plugin-next@16.1.6 OK for: eslint-config-next@16.1.6 want: 16.1.6
828 silly placeDep ROOT eslint-import-resolver-node@0.3.9 OK for: eslint-config-next@16.1.6 want: ^0.3.6
829 silly placeDep ROOT eslint-import-resolver-typescript@3.10.1 OK for: eslint-config-next@16.1.6 want: ^3.5.2
830 silly placeDep ROOT eslint-plugin-import@2.32.0 OK for: eslint-config-next@16.1.6 want: ^2.32.0
831 silly placeDep ROOT eslint-plugin-jsx-a11y@6.10.2 OK for: eslint-config-next@16.1.6 want: ^6.10.0
832 silly placeDep ROOT eslint-plugin-react@7.37.5 OK for: eslint-config-next@16.1.6 want: ^7.37.0
833 silly placeDep ROOT eslint-plugin-react-hooks@7.0.1 OK for: eslint-config-next@16.1.6 want: ^7.0.0
834 silly placeDep node_modules/eslint-config-next globals@16.4.0 OK for: eslint-config-next@16.1.6 want: 16.4.0
835 silly placeDep ROOT typescript-eslint@8.56.0 OK for: eslint-config-next@16.1.6 want: ^8.46.0
836 silly fetch manifest fast-glob@3.3.1
837 silly packumentCache full:https://registry.npmjs.org/fast-glob cache-miss
838 silly fetch manifest debug@^3.2.7
839 silly packumentCache full:https://registry.npmjs.org/debug cache-hit
840 silly fetch manifest is-core-module@^2.13.0
841 silly packumentCache full:https://registry.npmjs.org/is-core-module cache-miss
842 silly fetch manifest resolve@^1.22.4
843 silly packumentCache full:https://registry.npmjs.org/resolve cache-miss
844 silly fetch manifest tinyglobby@^0.2.13
845 silly packumentCache full:https://registry.npmjs.org/tinyglobby cache-miss
846 silly fetch manifest stable-hash@^0.0.5
847 silly packumentCache full:https://registry.npmjs.org/stable-hash cache-miss
848 silly fetch manifest get-tsconfig@^4.10.0
849 silly packumentCache full:https://registry.npmjs.org/get-tsconfig cache-miss
850 silly fetch manifest is-bun-module@^2.0.0
851 silly packumentCache full:https://registry.npmjs.org/is-bun-module cache-miss
852 http fetch GET 200 https://registry.npmjs.org/is-core-module 24ms (cache miss)
853 silly packumentCache full:https://registry.npmjs.org/is-core-module set size:undefined disposed:false
854 silly fetch manifest unrs-resolver@^1.6.2
855 silly packumentCache full:https://registry.npmjs.org/unrs-resolver cache-miss
856 http fetch GET 200 https://registry.npmjs.org/is-bun-module 26ms (cache miss)
857 silly packumentCache full:https://registry.npmjs.org/is-bun-module set size:undefined disposed:false
858 silly fetch manifest @nolyfill/is-core-module@1.0.39
859 silly packumentCache full:https://registry.npmjs.org/@nolyfill%2fis-core-module cache-miss
860 http fetch GET 200 https://registry.npmjs.org/get-tsconfig 27ms (cache miss)
861 silly packumentCache full:https://registry.npmjs.org/get-tsconfig set size:undefined disposed:false
862 silly fetch manifest @rtsao/scc@^1.1.0
863 silly packumentCache full:https://registry.npmjs.org/@rtsao%2fscc cache-miss
864 http fetch GET 200 https://registry.npmjs.org/stable-hash 30ms (cache miss)
865 silly packumentCache full:https://registry.npmjs.org/stable-hash set size:undefined disposed:false
866 silly fetch manifest array-includes@^3.1.9
867 silly packumentCache full:https://registry.npmjs.org/array-includes cache-miss
868 http fetch GET 200 https://registry.npmjs.org/fast-glob 32ms (cache miss)
869 silly packumentCache full:https://registry.npmjs.org/fast-glob set size:undefined disposed:false
870 silly fetch manifest array.prototype.findlastindex@^1.2.6
871 silly packumentCache full:https://registry.npmjs.org/array.prototype.findlastindex cache-miss
872 http fetch GET 200 https://registry.npmjs.org/tinyglobby 36ms (cache miss)
873 silly packumentCache full:https://registry.npmjs.org/tinyglobby set size:undefined disposed:false
874 silly fetch manifest array.prototype.flat@^1.3.3
875 silly packumentCache full:https://registry.npmjs.org/array.prototype.flat cache-miss
876 http fetch GET 200 https://registry.npmjs.org/resolve 42ms (cache miss)
877 silly packumentCache full:https://registry.npmjs.org/resolve set size:undefined disposed:false
878 silly fetch manifest array.prototype.flatmap@^1.3.3
879 silly packumentCache full:https://registry.npmjs.org/array.prototype.flatmap cache-miss
880 http fetch GET 200 https://registry.npmjs.org/unrs-resolver 34ms (cache miss)
881 silly packumentCache full:https://registry.npmjs.org/unrs-resolver set size:undefined disposed:false
882 silly fetch manifest doctrine@^2.1.0
883 silly packumentCache full:https://registry.npmjs.org/doctrine cache-miss
884 http fetch GET 200 https://registry.npmjs.org/array-includes 28ms (cache miss)
885 silly packumentCache full:https://registry.npmjs.org/array-includes set size:undefined disposed:false
886 silly fetch manifest eslint-module-utils@^2.12.1
887 silly packumentCache full:https://registry.npmjs.org/eslint-module-utils cache-miss
888 http fetch GET 200 https://registry.npmjs.org/array.prototype.findlastindex 28ms (cache miss)
889 silly packumentCache full:https://registry.npmjs.org/array.prototype.findlastindex set size:undefined disposed:false
890 silly fetch manifest hasown@^2.0.2
891 silly packumentCache full:https://registry.npmjs.org/hasown cache-miss
892 http fetch GET 200 https://registry.npmjs.org/array.prototype.flat 25ms (cache miss)
893 silly packumentCache full:https://registry.npmjs.org/array.prototype.flat set size:undefined disposed:false
894 silly fetch manifest is-core-module@^2.16.1
895 silly packumentCache full:https://registry.npmjs.org/is-core-module cache-miss
896 http cache https://registry.npmjs.org/is-core-module 1ms (cache hit)
897 silly packumentCache full:https://registry.npmjs.org/is-core-module set size:71788 disposed:false
898 silly fetch manifest object.fromentries@^2.0.8
899 silly packumentCache full:https://registry.npmjs.org/object.fromentries cache-miss
900 http fetch GET 200 https://registry.npmjs.org/@nolyfill%2fis-core-module 44ms (cache miss)
901 silly packumentCache full:https://registry.npmjs.org/@nolyfill%2fis-core-module set size:undefined disposed:false
902 silly fetch manifest object.groupby@^1.0.3
903 silly packumentCache full:https://registry.npmjs.org/object.groupby cache-miss
904 http fetch GET 200 https://registry.npmjs.org/array.prototype.flatmap 27ms (cache miss)
905 silly packumentCache full:https://registry.npmjs.org/array.prototype.flatmap set size:undefined disposed:false
906 silly fetch manifest object.values@^1.2.1
907 silly packumentCache full:https://registry.npmjs.org/object.values cache-miss
908 http fetch GET 200 https://registry.npmjs.org/@rtsao%2fscc 45ms (cache miss)
909 silly packumentCache full:https://registry.npmjs.org/@rtsao%2fscc set size:undefined disposed:false
910 silly fetch manifest semver@^6.3.1
911 silly packumentCache full:https://registry.npmjs.org/semver cache-miss
912 http fetch GET 200 https://registry.npmjs.org/doctrine 24ms (cache miss)
913 silly packumentCache full:https://registry.npmjs.org/doctrine set size:undefined disposed:false
914 silly fetch manifest string.prototype.trimend@^1.0.9
915 silly packumentCache full:https://registry.npmjs.org/string.prototype.trimend cache-miss
916 http fetch GET 200 https://registry.npmjs.org/hasown 25ms (cache miss)
917 silly packumentCache full:https://registry.npmjs.org/hasown set size:undefined disposed:false
918 silly fetch manifest tsconfig-paths@^3.15.0
919 silly packumentCache full:https://registry.npmjs.org/tsconfig-paths cache-miss
920 http fetch GET 200 https://registry.npmjs.org/eslint-module-utils 27ms (cache miss)
921 silly packumentCache full:https://registry.npmjs.org/eslint-module-utils set size:undefined disposed:false
922 silly fetch manifest aria-query@^5.3.2
923 silly packumentCache full:https://registry.npmjs.org/aria-query cache-miss
924 http fetch GET 200 https://registry.npmjs.org/object.fromentries 29ms (cache miss)
925 silly packumentCache full:https://registry.npmjs.org/object.fromentries set size:undefined disposed:false
926 silly fetch manifest array-includes@^3.1.8
927 silly packumentCache full:https://registry.npmjs.org/array-includes cache-miss
928 http cache https://registry.npmjs.org/array-includes 2ms (cache hit)
929 silly packumentCache full:https://registry.npmjs.org/array-includes set size:77143 disposed:false
930 silly fetch manifest array.prototype.flatmap@^1.3.2
931 silly packumentCache full:https://registry.npmjs.org/array.prototype.flatmap cache-miss
932 http fetch GET 200 https://registry.npmjs.org/object.groupby 26ms (cache miss)
933 silly packumentCache full:https://registry.npmjs.org/object.groupby set size:undefined disposed:false
934 silly fetch manifest ast-types-flow@^0.0.8
935 silly packumentCache full:https://registry.npmjs.org/ast-types-flow cache-miss
936 http cache https://registry.npmjs.org/array.prototype.flatmap 1ms (cache hit)
937 silly packumentCache full:https://registry.npmjs.org/array.prototype.flatmap set size:51458 disposed:false
938 silly fetch manifest axe-core@^4.10.0
939 silly packumentCache full:https://registry.npmjs.org/axe-core cache-miss
940 http fetch GET 200 https://registry.npmjs.org/object.values 28ms (cache miss)
941 silly packumentCache full:https://registry.npmjs.org/object.values set size:undefined disposed:false
942 silly fetch manifest axobject-query@^4.1.0
943 silly packumentCache full:https://registry.npmjs.org/axobject-query cache-miss
944 http fetch GET 200 https://registry.npmjs.org/string.prototype.trimend 23ms (cache miss)
945 silly packumentCache full:https://registry.npmjs.org/string.prototype.trimend set size:undefined disposed:false
946 silly fetch manifest damerau-levenshtein@^1.0.8
947 silly packumentCache full:https://registry.npmjs.org/damerau-levenshtein cache-miss
948 http fetch GET 200 https://registry.npmjs.org/semver 33ms (cache miss)
949 silly packumentCache full:https://registry.npmjs.org/semver set size:undefined disposed:false
950 silly fetch manifest emoji-regex@^9.2.2
951 silly packumentCache full:https://registry.npmjs.org/emoji-regex cache-miss
952 http fetch GET 200 https://registry.npmjs.org/tsconfig-paths 27ms (cache miss)
953 silly packumentCache full:https://registry.npmjs.org/tsconfig-paths set size:undefined disposed:false
954 silly fetch manifest jsx-ast-utils@^3.3.5
955 silly packumentCache full:https://registry.npmjs.org/jsx-ast-utils cache-miss
956 http fetch GET 200 https://registry.npmjs.org/aria-query 27ms (cache miss)
957 silly packumentCache full:https://registry.npmjs.org/aria-query set size:undefined disposed:false
958 silly fetch manifest language-tags@^1.0.9
959 silly packumentCache full:https://registry.npmjs.org/language-tags cache-miss
960 http fetch GET 200 https://registry.npmjs.org/axobject-query 24ms (cache miss)
961 silly packumentCache full:https://registry.npmjs.org/axobject-query set size:undefined disposed:false
962 silly fetch manifest safe-regex-test@^1.0.3
963 silly packumentCache full:https://registry.npmjs.org/safe-regex-test cache-miss
964 http fetch GET 200 https://registry.npmjs.org/ast-types-flow 31ms (cache miss)
965 silly packumentCache full:https://registry.npmjs.org/ast-types-flow set size:undefined disposed:false
966 silly fetch manifest string.prototype.includes@^2.0.1
967 silly packumentCache full:https://registry.npmjs.org/string.prototype.includes cache-miss
968 http fetch GET 200 https://registry.npmjs.org/damerau-levenshtein 23ms (cache miss)
969 silly packumentCache full:https://registry.npmjs.org/damerau-levenshtein set size:undefined disposed:false
970 silly fetch manifest array.prototype.findlast@^1.2.5
971 silly packumentCache full:https://registry.npmjs.org/array.prototype.findlast cache-miss
972 http fetch GET 200 https://registry.npmjs.org/emoji-regex 24ms (cache miss)
973 silly packumentCache full:https://registry.npmjs.org/emoji-regex set size:undefined disposed:false
974 silly fetch manifest array.prototype.tosorted@^1.1.4
975 silly packumentCache full:https://registry.npmjs.org/array.prototype.tosorted cache-miss
976 http fetch GET 200 https://registry.npmjs.org/language-tags 25ms (cache miss)
977 silly packumentCache full:https://registry.npmjs.org/language-tags set size:undefined disposed:false
978 silly fetch manifest es-iterator-helpers@^1.2.1
979 silly packumentCache full:https://registry.npmjs.org/es-iterator-helpers cache-miss
980 http fetch GET 200 https://registry.npmjs.org/jsx-ast-utils 29ms (cache miss)
981 silly packumentCache full:https://registry.npmjs.org/jsx-ast-utils set size:undefined disposed:false
982 silly fetch manifest estraverse@^5.3.0
983 silly packumentCache full:https://registry.npmjs.org/estraverse cache-miss
984 http cache https://registry.npmjs.org/estraverse 2ms (cache hit)
985 silly packumentCache full:https://registry.npmjs.org/estraverse set size:62412 disposed:false
986 silly fetch manifest jsx-ast-utils@^2.4.1 || ^3.0.0
987 silly packumentCache full:https://registry.npmjs.org/jsx-ast-utils cache-miss
988 http cache https://registry.npmjs.org/jsx-ast-utils 2ms (cache hit)
989 silly packumentCache full:https://registry.npmjs.org/jsx-ast-utils set size:115998 disposed:false
990 silly fetch manifest object.entries@^1.1.9
991 silly packumentCache full:https://registry.npmjs.org/object.entries cache-miss
992 http fetch GET 200 https://registry.npmjs.org/safe-regex-test 25ms (cache miss)
993 silly packumentCache full:https://registry.npmjs.org/safe-regex-test set size:undefined disposed:false
994 silly fetch manifest prop-types@^15.8.1
995 silly packumentCache full:https://registry.npmjs.org/prop-types cache-miss
996 http fetch GET 200 https://registry.npmjs.org/string.prototype.includes 24ms (cache miss)
997 silly packumentCache full:https://registry.npmjs.org/string.prototype.includes set size:undefined disposed:false
998 silly fetch manifest resolve@^2.0.0-next.5
999 silly packumentCache full:https://registry.npmjs.org/resolve cache-miss
1000 http cache https://registry.npmjs.org/resolve 3ms (cache hit)
1001 silly packumentCache full:https://registry.npmjs.org/resolve set size:238156 disposed:false
1002 silly fetch manifest string.prototype.matchall@^4.0.12
1003 silly packumentCache full:https://registry.npmjs.org/string.prototype.matchall cache-miss
1004 http fetch GET 200 https://registry.npmjs.org/array.prototype.findlast 27ms (cache miss)
1005 silly packumentCache full:https://registry.npmjs.org/array.prototype.findlast set size:undefined disposed:false
1006 silly fetch manifest string.prototype.repeat@^1.0.0
1007 silly packumentCache full:https://registry.npmjs.org/string.prototype.repeat cache-miss
1008 http fetch GET 200 https://registry.npmjs.org/array.prototype.tosorted 30ms (cache miss)
1009 silly packumentCache full:https://registry.npmjs.org/array.prototype.tosorted set size:undefined disposed:false
1010 silly fetch manifest zod@^3.25.0 || ^4.0.0
1011 silly packumentCache full:https://registry.npmjs.org/zod cache-miss
1012 http fetch GET 200 https://registry.npmjs.org/object.entries 22ms (cache miss)
1013 silly packumentCache full:https://registry.npmjs.org/object.entries set size:undefined disposed:false
1014 silly fetch manifest @babel/core@^7.24.4
1015 silly packumentCache full:https://registry.npmjs.org/@babel%2fcore cache-miss
1016 http fetch GET 200 https://registry.npmjs.org/prop-types 26ms (cache miss)
1017 silly packumentCache full:https://registry.npmjs.org/prop-types set size:undefined disposed:false
1018 silly fetch manifest @babel/parser@^7.24.4
1019 silly packumentCache full:https://registry.npmjs.org/@babel%2fparser cache-miss
1020 http fetch GET 200 https://registry.npmjs.org/axe-core 81ms (cache miss)
1021 silly packumentCache full:https://registry.npmjs.org/axe-core set size:undefined disposed:false
1022 silly fetch manifest hermes-parser@^0.25.1
1023 silly packumentCache full:https://registry.npmjs.org/hermes-parser cache-miss
1024 http fetch GET 200 https://registry.npmjs.org/es-iterator-helpers 59ms (cache miss)
1025 silly packumentCache full:https://registry.npmjs.org/es-iterator-helpers set size:undefined disposed:false
1026 silly fetch manifest zod-validation-error@^3.5.0 || ^4.0.0
1027 silly packumentCache full:https://registry.npmjs.org/zod-validation-error cache-miss
1028 http fetch GET 200 https://registry.npmjs.org/string.prototype.repeat 48ms (cache miss)
1029 silly packumentCache full:https://registry.npmjs.org/string.prototype.repeat set size:undefined disposed:false
1030 silly fetch manifest @typescript-eslint/utils@8.56.0
1031 silly packumentCache full:https://registry.npmjs.org/@typescript-eslint%2futils cache-miss
1032 http fetch GET 200 https://registry.npmjs.org/string.prototype.matchall 49ms (cache miss)
1033 silly packumentCache full:https://registry.npmjs.org/string.prototype.matchall set size:undefined disposed:false
1034 silly fetch manifest @typescript-eslint/parser@8.56.0
1035 silly packumentCache full:https://registry.npmjs.org/@typescript-eslint%2fparser cache-miss
1036 http cache https://registry.npmjs.org/@typescript-eslint%2futils 14ms (cache hit)
1037 silly packumentCache full:https://registry.npmjs.org/@typescript-eslint%2futils set size:9727323 disposed:false
1038 silly fetch manifest @typescript-eslint/eslint-plugin@8.56.0
1039 silly packumentCache full:https://registry.npmjs.org/@typescript-eslint%2feslint-plugin cache-miss
1040 http fetch GET 200 https://registry.npmjs.org/zod-validation-error 45ms (cache miss)
1041 silly packumentCache full:https://registry.npmjs.org/zod-validation-error set size:undefined disposed:false
1042 silly fetch manifest @typescript-eslint/typescript-estree@8.56.0
1043 silly packumentCache full:https://registry.npmjs.org/@typescript-eslint%2ftypescript-estree cache-miss
1044 http fetch GET 200 https://registry.npmjs.org/hermes-parser 50ms (cache miss)
1045 silly packumentCache full:https://registry.npmjs.org/hermes-parser set size:undefined disposed:false
1046 http fetch GET 200 https://registry.npmjs.org/@babel%2fcore 80ms (cache miss)
1047 silly packumentCache full:https://registry.npmjs.org/@babel%2fcore set size:undefined disposed:false
1048 http fetch GET 200 https://registry.npmjs.org/@babel%2fparser 83ms (cache miss)
1049 silly packumentCache full:https://registry.npmjs.org/@babel%2fparser set size:undefined disposed:false
1050 http fetch GET 200 https://registry.npmjs.org/zod 106ms (cache miss)
1051 silly packumentCache full:https://registry.npmjs.org/zod set size:undefined disposed:false
1052 http fetch GET 200 https://registry.npmjs.org/@typescript-eslint%2fparser 226ms (cache miss)
1053 silly packumentCache full:https://registry.npmjs.org/@typescript-eslint%2fparser set size:undefined disposed:false
1054 http fetch GET 200 https://registry.npmjs.org/@typescript-eslint%2ftypescript-estree 250ms (cache miss)
1055 silly packumentCache full:https://registry.npmjs.org/@typescript-eslint%2ftypescript-estree set size:undefined disposed:false
1056 http fetch GET 200 https://registry.npmjs.org/@typescript-eslint%2feslint-plugin 306ms (cache miss)
1057 silly packumentCache full:https://registry.npmjs.org/@typescript-eslint%2feslint-plugin set size:undefined disposed:false
1058 silly placeDep ROOT fast-glob@3.3.1 OK for: @next/eslint-plugin-next@16.1.6 want: 3.3.1
1059 silly fetch manifest merge2@^1.3.0
1060 silly packumentCache full:https://registry.npmjs.org/merge2 cache-miss
1061 silly fetch manifest micromatch@^4.0.4
1062 silly packumentCache full:https://registry.npmjs.org/micromatch cache-miss
1063 silly fetch manifest glob-parent@^5.1.2
1064 silly packumentCache full:https://registry.npmjs.org/glob-parent cache-miss
1065 silly fetch manifest @nodelib/fs.stat@^2.0.2
1066 silly packumentCache full:https://registry.npmjs.org/@nodelib%2ffs.stat cache-miss
1067 silly fetch manifest @nodelib/fs.walk@^1.2.3
1068 silly packumentCache full:https://registry.npmjs.org/@nodelib%2ffs.walk cache-miss
1069 http cache https://registry.npmjs.org/glob-parent 3ms (cache hit)
1070 silly packumentCache full:https://registry.npmjs.org/glob-parent set size:42445 disposed:false
1071 http fetch GET 200 https://registry.npmjs.org/merge2 27ms (cache miss)
1072 silly packumentCache full:https://registry.npmjs.org/merge2 set size:undefined disposed:false
1073 http fetch GET 200 https://registry.npmjs.org/micromatch 38ms (cache miss)
1074 silly packumentCache full:https://registry.npmjs.org/micromatch set size:undefined disposed:false
1075 http fetch GET 200 https://registry.npmjs.org/@nodelib%2ffs.walk 40ms (cache miss)
1076 silly packumentCache full:https://registry.npmjs.org/@nodelib%2ffs.walk set size:undefined disposed:false
1077 http fetch GET 200 https://registry.npmjs.org/@nodelib%2ffs.stat 48ms (cache miss)
1078 silly packumentCache full:https://registry.npmjs.org/@nodelib%2ffs.stat set size:undefined disposed:false
1079 silly placeDep node_modules/eslint-import-resolver-node debug@3.2.7 OK for: eslint-import-resolver-node@0.3.9 want: ^3.2.7
1080 silly placeDep ROOT is-core-module@2.16.1 OK for: eslint-import-resolver-node@0.3.9 want: ^2.13.0
1081 silly placeDep ROOT resolve@1.22.11 OK for: eslint-import-resolver-node@0.3.9 want: ^1.22.4
1082 silly fetch manifest path-parse@^1.0.7
1083 silly packumentCache full:https://registry.npmjs.org/path-parse cache-miss
1084 silly fetch manifest supports-preserve-symlinks-flag@^1.0.0
1085 silly packumentCache full:https://registry.npmjs.org/supports-preserve-symlinks-flag cache-miss
1086 http fetch GET 200 https://registry.npmjs.org/path-parse 28ms (cache miss)
1087 silly packumentCache full:https://registry.npmjs.org/path-parse set size:undefined disposed:false
1088 http fetch GET 200 https://registry.npmjs.org/supports-preserve-symlinks-flag 196ms (cache miss)
1089 silly packumentCache full:https://registry.npmjs.org/supports-preserve-symlinks-flag set size:undefined disposed:false
1090 silly placeDep ROOT @nolyfill/is-core-module@1.0.39 OK for: eslint-import-resolver-typescript@3.10.1 want: 1.0.39
1091 silly placeDep ROOT get-tsconfig@4.13.6 OK for: eslint-import-resolver-typescript@3.10.1 want: ^4.10.0
1092 silly placeDep ROOT is-bun-module@2.0.0 OK for: eslint-import-resolver-typescript@3.10.1 want: ^2.0.0
1093 silly placeDep ROOT stable-hash@0.0.5 OK for: eslint-import-resolver-typescript@3.10.1 want: ^0.0.5
1094 silly placeDep ROOT tinyglobby@0.2.15 OK for: eslint-import-resolver-typescript@3.10.1 want: ^0.2.13
1095 silly placeDep ROOT unrs-resolver@1.11.1 OK for: eslint-import-resolver-typescript@3.10.1 want: ^1.6.2
1096 silly fetch manifest resolve-pkg-maps@^1.0.0
1097 silly packumentCache full:https://registry.npmjs.org/resolve-pkg-maps cache-miss
1098 silly fetch manifest semver@^7.7.1
1099 silly packumentCache full:https://registry.npmjs.org/semver cache-miss
1100 silly fetch manifest fdir@^6.5.0
1101 silly packumentCache full:https://registry.npmjs.org/fdir cache-miss
1102 silly fetch manifest picomatch@^4.0.3
1103 silly packumentCache full:https://registry.npmjs.org/picomatch cache-miss
1104 silly fetch manifest napi-postinstall@^0.3.0
1105 silly packumentCache full:https://registry.npmjs.org/napi-postinstall cache-miss
1106 silly fetch manifest @unrs/resolver-binding-win32-x64-msvc@1.11.1
1107 silly packumentCache full:https://registry.npmjs.org/@unrs%2fresolver-binding-win32-x64-msvc cache-miss
1108 silly fetch manifest @unrs/resolver-binding-win32-arm64-msvc@1.11.1
1109 silly packumentCache full:https://registry.npmjs.org/@unrs%2fresolver-binding-win32-arm64-msvc cache-miss
1110 http cache https://registry.npmjs.org/semver 3ms (cache hit)
1111 silly packumentCache full:https://registry.npmjs.org/semver set size:229678 disposed:false
1112 silly fetch manifest @unrs/resolver-binding-win32-ia32-msvc@1.11.1
1113 silly packumentCache full:https://registry.npmjs.org/@unrs%2fresolver-binding-win32-ia32-msvc cache-miss
1114 http fetch GET 200 https://registry.npmjs.org/napi-postinstall 27ms (cache miss)
1115 silly packumentCache full:https://registry.npmjs.org/napi-postinstall set size:undefined disposed:false
1116 silly fetch manifest @unrs/resolver-binding-linux-x64-gnu@1.11.1
1117 silly packumentCache full:https://registry.npmjs.org/@unrs%2fresolver-binding-linux-x64-gnu cache-miss
1118 http fetch GET 200 https://registry.npmjs.org/resolve-pkg-maps 29ms (cache miss)
1119 silly packumentCache full:https://registry.npmjs.org/resolve-pkg-maps set size:undefined disposed:false
1120 silly fetch manifest @unrs/resolver-binding-linux-x64-musl@1.11.1
1121 silly packumentCache full:https://registry.npmjs.org/@unrs%2fresolver-binding-linux-x64-musl cache-miss
1122 http fetch GET 200 https://registry.npmjs.org/picomatch 30ms (cache miss)
1123 silly packumentCache full:https://registry.npmjs.org/picomatch set size:undefined disposed:false
1124 silly fetch manifest @unrs/resolver-binding-freebsd-x64@1.11.1
1125 silly packumentCache full:https://registry.npmjs.org/@unrs%2fresolver-binding-freebsd-x64 cache-miss
1126 http fetch GET 200 https://registry.npmjs.org/fdir 31ms (cache miss)
1127 silly packumentCache full:https://registry.npmjs.org/fdir set size:undefined disposed:false
1128 silly fetch manifest @unrs/resolver-binding-android-arm64@1.11.1
1129 silly packumentCache full:https://registry.npmjs.org/@unrs%2fresolver-binding-android-arm64 cache-miss
1130 http fetch GET 200 https://registry.npmjs.org/@unrs%2fresolver-binding-win32-ia32-msvc 37ms (cache miss)
1131 silly packumentCache full:https://registry.npmjs.org/@unrs%2fresolver-binding-win32-ia32-msvc set size:undefined disposed:false
1132 silly fetch manifest @unrs/resolver-binding-linux-arm64-gnu@1.11.1
1133 silly packumentCache full:https://registry.npmjs.org/@unrs%2fresolver-binding-linux-arm64-gnu cache-miss
1134 http fetch GET 200 https://registry.npmjs.org/@unrs%2fresolver-binding-win32-arm64-msvc 42ms (cache miss)
1135 silly packumentCache full:https://registry.npmjs.org/@unrs%2fresolver-binding-win32-arm64-msvc set size:undefined disposed:false
1136 silly fetch manifest @unrs/resolver-binding-linux-arm64-musl@1.11.1
1137 silly packumentCache full:https://registry.npmjs.org/@unrs%2fresolver-binding-linux-arm64-musl cache-miss
1138 http fetch GET 200 https://registry.npmjs.org/@unrs%2fresolver-binding-win32-x64-msvc 46ms (cache miss)
1139 silly packumentCache full:https://registry.npmjs.org/@unrs%2fresolver-binding-win32-x64-msvc set size:undefined disposed:false
1140 silly fetch manifest @unrs/resolver-binding-android-arm-eabi@1.11.1
1141 silly packumentCache full:https://registry.npmjs.org/@unrs%2fresolver-binding-android-arm-eabi cache-miss
1142 http fetch GET 200 https://registry.npmjs.org/@unrs%2fresolver-binding-freebsd-x64 33ms (cache miss)
1143 silly packumentCache full:https://registry.npmjs.org/@unrs%2fresolver-binding-freebsd-x64 set size:undefined disposed:false
1144 silly fetch manifest @unrs/resolver-binding-linux-arm-gnueabihf@1.11.1
1145 silly packumentCache full:https://registry.npmjs.org/@unrs%2fresolver-binding-linux-arm-gnueabihf cache-miss
1146 http fetch GET 200 https://registry.npmjs.org/@unrs%2fresolver-binding-linux-x64-gnu 36ms (cache miss)
1147 silly packumentCache full:https://registry.npmjs.org/@unrs%2fresolver-binding-linux-x64-gnu set size:undefined disposed:false
1148 silly fetch manifest @unrs/resolver-binding-linux-arm-musleabihf@1.11.1
1149 silly packumentCache full:https://registry.npmjs.org/@unrs%2fresolver-binding-linux-arm-musleabihf cache-miss
1150 http fetch GET 200 https://registry.npmjs.org/@unrs%2fresolver-binding-android-arm64 37ms (cache miss)
1151 silly packumentCache full:https://registry.npmjs.org/@unrs%2fresolver-binding-android-arm64 set size:undefined disposed:false
1152 silly fetch manifest @unrs/resolver-binding-linux-ppc64-gnu@1.11.1
1153 silly packumentCache full:https://registry.npmjs.org/@unrs%2fresolver-binding-linux-ppc64-gnu cache-miss
1154 http fetch GET 200 https://registry.npmjs.org/@unrs%2fresolver-binding-linux-x64-musl 49ms (cache miss)
1155 silly packumentCache full:https://registry.npmjs.org/@unrs%2fresolver-binding-linux-x64-musl set size:undefined disposed:false
1156 silly fetch manifest @unrs/resolver-binding-linux-riscv64-gnu@1.11.1
1157 silly packumentCache full:https://registry.npmjs.org/@unrs%2fresolver-binding-linux-riscv64-gnu cache-miss
1158 http fetch GET 200 https://registry.npmjs.org/@unrs%2fresolver-binding-android-arm-eabi 34ms (cache miss)
1159 silly packumentCache full:https://registry.npmjs.org/@unrs%2fresolver-binding-android-arm-eabi set size:undefined disposed:false
1160 silly fetch manifest @unrs/resolver-binding-linux-riscv64-musl@1.11.1
1161 silly packumentCache full:https://registry.npmjs.org/@unrs%2fresolver-binding-linux-riscv64-musl cache-miss
1162 http fetch GET 200 https://registry.npmjs.org/@unrs%2fresolver-binding-linux-arm64-musl 39ms (cache miss)
1163 silly packumentCache full:https://registry.npmjs.org/@unrs%2fresolver-binding-linux-arm64-musl set size:undefined disposed:false
1164 silly fetch manifest @unrs/resolver-binding-linux-s390x-gnu@1.11.1
1165 silly packumentCache full:https://registry.npmjs.org/@unrs%2fresolver-binding-linux-s390x-gnu cache-miss
1166 http fetch GET 200 https://registry.npmjs.org/@unrs%2fresolver-binding-linux-arm64-gnu 40ms (cache miss)
1167 silly packumentCache full:https://registry.npmjs.org/@unrs%2fresolver-binding-linux-arm64-gnu set size:undefined disposed:false
1168 silly fetch manifest @unrs/resolver-binding-darwin-x64@1.11.1
1169 silly packumentCache full:https://registry.npmjs.org/@unrs%2fresolver-binding-darwin-x64 cache-miss
1170 http fetch GET 200 https://registry.npmjs.org/@unrs%2fresolver-binding-linux-arm-gnueabihf 32ms (cache miss)
1171 silly packumentCache full:https://registry.npmjs.org/@unrs%2fresolver-binding-linux-arm-gnueabihf set size:undefined disposed:false
1172 silly fetch manifest @unrs/resolver-binding-darwin-arm64@1.11.1
1173 silly packumentCache full:https://registry.npmjs.org/@unrs%2fresolver-binding-darwin-arm64 cache-miss
1174 http fetch GET 200 https://registry.npmjs.org/@unrs%2fresolver-binding-linux-arm-musleabihf 39ms (cache miss)
1175 silly packumentCache full:https://registry.npmjs.org/@unrs%2fresolver-binding-linux-arm-musleabihf set size:undefined disposed:false
1176 silly fetch manifest @unrs/resolver-binding-wasm32-wasi@1.11.1
1177 silly packumentCache full:https://registry.npmjs.org/@unrs%2fresolver-binding-wasm32-wasi cache-miss
1178 http fetch GET 200 https://registry.npmjs.org/@unrs%2fresolver-binding-linux-ppc64-gnu 40ms (cache miss)
1179 silly packumentCache full:https://registry.npmjs.org/@unrs%2fresolver-binding-linux-ppc64-gnu set size:undefined disposed:false
1180 http fetch GET 200 https://registry.npmjs.org/@unrs%2fresolver-binding-darwin-x64 31ms (cache miss)
1181 silly packumentCache full:https://registry.npmjs.org/@unrs%2fresolver-binding-darwin-x64 set size:undefined disposed:false
1182 http fetch GET 200 https://registry.npmjs.org/@unrs%2fresolver-binding-linux-riscv64-gnu 39ms (cache miss)
1183 silly packumentCache full:https://registry.npmjs.org/@unrs%2fresolver-binding-linux-riscv64-gnu set size:undefined disposed:false
1184 http fetch GET 200 https://registry.npmjs.org/@unrs%2fresolver-binding-linux-s390x-gnu 44ms (cache miss)
1185 silly packumentCache full:https://registry.npmjs.org/@unrs%2fresolver-binding-linux-s390x-gnu set size:undefined disposed:false
1186 http fetch GET 200 https://registry.npmjs.org/@unrs%2fresolver-binding-wasm32-wasi 36ms (cache miss)
1187 silly packumentCache full:https://registry.npmjs.org/@unrs%2fresolver-binding-wasm32-wasi set size:undefined disposed:false
1188 http fetch GET 200 https://registry.npmjs.org/@unrs%2fresolver-binding-darwin-arm64 48ms (cache miss)
1189 silly packumentCache full:https://registry.npmjs.org/@unrs%2fresolver-binding-darwin-arm64 set size:undefined disposed:false
1190 http fetch GET 200 https://registry.npmjs.org/@unrs%2fresolver-binding-linux-riscv64-musl 75ms (cache miss)
1191 silly packumentCache full:https://registry.npmjs.org/@unrs%2fresolver-binding-linux-riscv64-musl set size:undefined disposed:false
1192 silly placeDep ROOT @rtsao/scc@1.1.0 OK for: eslint-plugin-import@2.32.0 want: ^1.1.0
1193 silly placeDep ROOT array-includes@3.1.9 OK for: eslint-plugin-import@2.32.0 want: ^3.1.9
1194 silly placeDep ROOT array.prototype.findlastindex@1.2.6 OK for: eslint-plugin-import@2.32.0 want: ^1.2.6
1195 silly placeDep ROOT array.prototype.flat@1.3.3 OK for: eslint-plugin-import@2.32.0 want: ^1.3.3
1196 silly placeDep ROOT array.prototype.flatmap@1.3.3 OK for: eslint-plugin-import@2.32.0 want: ^1.3.3
1197 silly placeDep node_modules/eslint-plugin-import debug@3.2.7 OK for: eslint-plugin-import@2.32.0 want: ^3.2.7
1198 silly placeDep ROOT doctrine@2.1.0 OK for: eslint-plugin-import@2.32.0 want: ^2.1.0
1199 silly placeDep ROOT eslint-module-utils@2.12.1 OK for: eslint-plugin-import@2.32.0 want: ^2.12.1
1200 silly placeDep ROOT hasown@2.0.2 OK for: eslint-plugin-import@2.32.0 want: ^2.0.2
1201 silly placeDep ROOT object.fromentries@2.0.8 OK for: eslint-plugin-import@2.32.0 want: ^2.0.8
1202 silly placeDep ROOT object.groupby@1.0.3 OK for: eslint-plugin-import@2.32.0 want: ^1.0.3
1203 silly placeDep ROOT object.values@1.2.1 OK for: eslint-plugin-import@2.32.0 want: ^1.2.1
1204 silly placeDep ROOT semver@6.3.1 OK for: eslint-plugin-import@2.32.0 want: ^6.3.1
1205 silly placeDep ROOT string.prototype.trimend@1.0.9 OK for: eslint-plugin-import@2.32.0 want: ^1.0.9
1206 silly placeDep ROOT tsconfig-paths@3.15.0 OK for: eslint-plugin-import@2.32.0 want: ^3.15.0
1207 silly fetch manifest call-bind@^1.0.8
1208 silly packumentCache full:https://registry.npmjs.org/call-bind cache-miss
1209 silly fetch manifest call-bound@^1.0.4
1210 silly packumentCache full:https://registry.npmjs.org/call-bound cache-miss
1211 silly fetch manifest define-properties@^1.2.1
1212 silly packumentCache full:https://registry.npmjs.org/define-properties cache-miss
1213 silly fetch manifest es-abstract@^1.24.0
1214 silly packumentCache full:https://registry.npmjs.org/es-abstract cache-miss
1215 silly fetch manifest es-object-atoms@^1.1.1
1216 silly packumentCache full:https://registry.npmjs.org/es-object-atoms cache-miss
1217 silly fetch manifest get-intrinsic@^1.3.0
1218 silly packumentCache full:https://registry.npmjs.org/get-intrinsic cache-miss
1219 silly fetch manifest is-string@^1.1.1
1220 silly packumentCache full:https://registry.npmjs.org/is-string cache-miss
1221 http fetch GET 200 https://registry.npmjs.org/get-intrinsic 21ms (cache miss)
1222 silly packumentCache full:https://registry.npmjs.org/get-intrinsic set size:undefined disposed:false
1223 silly fetch manifest math-intrinsics@^1.1.0
1224 silly packumentCache full:https://registry.npmjs.org/math-intrinsics cache-miss
1225 http fetch GET 200 https://registry.npmjs.org/es-object-atoms 24ms (cache miss)
1226 silly packumentCache full:https://registry.npmjs.org/es-object-atoms set size:undefined disposed:false
1227 silly fetch manifest call-bind@^1.0.8
1228 silly packumentCache full:https://registry.npmjs.org/call-bind cache-miss
1229 http fetch GET 200 https://registry.npmjs.org/is-string 25ms (cache miss)
1230 silly packumentCache full:https://registry.npmjs.org/is-string set size:undefined disposed:false
1231 silly fetch manifest call-bound@^1.0.4
1232 silly packumentCache full:https://registry.npmjs.org/call-bound cache-miss
1233 http fetch GET 200 https://registry.npmjs.org/call-bound 29ms (cache miss)
1234 silly packumentCache full:https://registry.npmjs.org/call-bound set size:undefined disposed:false
1235 silly fetch manifest define-properties@^1.2.1
1236 silly packumentCache full:https://registry.npmjs.org/define-properties cache-miss
1237 http fetch GET 200 https://registry.npmjs.org/define-properties 30ms (cache miss)
1238 silly packumentCache full:https://registry.npmjs.org/define-properties set size:undefined disposed:false
1239 silly fetch manifest es-abstract@^1.23.9
1240 silly packumentCache full:https://registry.npmjs.org/es-abstract cache-miss
1241 http fetch GET 200 https://registry.npmjs.org/call-bind 33ms (cache miss)
1242 silly packumentCache full:https://registry.npmjs.org/call-bind set size:undefined disposed:false
1243 silly fetch manifest es-errors@^1.3.0
1244 silly packumentCache full:https://registry.npmjs.org/es-errors cache-miss
1245 http fetch GET 200 https://registry.npmjs.org/es-abstract 37ms (cache miss)
1246 silly packumentCache full:https://registry.npmjs.org/es-abstract set size:undefined disposed:false
1247 silly fetch manifest es-shim-unscopables@^1.1.0
1248 silly packumentCache full:https://registry.npmjs.org/es-shim-unscopables cache-miss
1249 http fetch GET 200 https://registry.npmjs.org/call-bind 24ms (cache miss)
1250 silly packumentCache full:https://registry.npmjs.org/call-bind set size:undefined disposed:false
1251 silly fetch manifest es-abstract@^1.23.5
1252 silly packumentCache full:https://registry.npmjs.org/es-abstract cache-miss
1253 http fetch GET 200 https://registry.npmjs.org/math-intrinsics 33ms (cache miss)
1254 silly packumentCache full:https://registry.npmjs.org/math-intrinsics set size:undefined disposed:false
1255 silly fetch manifest es-shim-unscopables@^1.0.2
1256 silly packumentCache full:https://registry.npmjs.org/es-shim-unscopables cache-miss
1257 http cache https://registry.npmjs.org/es-abstract 8ms (cache hit)
1258 silly packumentCache full:https://registry.npmjs.org/es-abstract set size:378584 disposed:false
1259 silly fetch manifest es-shim-unscopables@^1.0.2
1260 silly packumentCache full:https://registry.npmjs.org/es-shim-unscopables cache-miss
1261 http fetch GET 200 https://registry.npmjs.org/define-properties 30ms (cache miss)
1262 silly packumentCache full:https://registry.npmjs.org/define-properties set size:undefined disposed:false
1263 silly fetch manifest function-bind@^1.1.2
1264 silly packumentCache full:https://registry.npmjs.org/function-bind cache-miss
1265 http fetch GET 200 https://registry.npmjs.org/call-bound 34ms (cache miss)
1266 silly packumentCache full:https://registry.npmjs.org/call-bound set size:undefined disposed:false
1267 silly fetch manifest call-bind@^1.0.7
1268 silly packumentCache full:https://registry.npmjs.org/call-bind cache-miss
1269 http fetch GET 200 https://registry.npmjs.org/es-abstract 30ms (cache miss)
1270 silly packumentCache full:https://registry.npmjs.org/es-abstract set size:undefined disposed:false
1271 silly packumentCache full:https://registry.npmjs.org/es-abstract dispose
1272 silly fetch manifest es-abstract@^1.23.2
1273 silly packumentCache full:https://registry.npmjs.org/es-abstract cache-miss
1274 http fetch GET 200 https://registry.npmjs.org/es-shim-unscopables 24ms (cache miss)
1275 silly packumentCache full:https://registry.npmjs.org/es-shim-unscopables set size:undefined disposed:false
1276 silly fetch manifest es-object-atoms@^1.0.0
1277 silly packumentCache full:https://registry.npmjs.org/es-object-atoms cache-miss
1278 http cache https://registry.npmjs.org/call-bind 5ms (cache hit)
1279 silly packumentCache full:https://registry.npmjs.org/call-bind set size:30096 disposed:false
1280 silly fetch manifest es-abstract@^1.23.2
1281 silly packumentCache full:https://registry.npmjs.org/es-abstract cache-miss
1282 http cache https://registry.npmjs.org/es-object-atoms 1ms (cache hit)
1283 silly packumentCache full:https://registry.npmjs.org/es-object-atoms set size:15304 disposed:false
1284 silly fetch manifest call-bound@^1.0.3
1285 silly packumentCache full:https://registry.npmjs.org/call-bound cache-miss
1286 http cache https://registry.npmjs.org/es-abstract 3ms (cache hit)
1287 silly packumentCache full:https://registry.npmjs.org/es-abstract set size:378584 disposed:true
1288 silly fetch manifest call-bound@^1.0.2
1289 silly packumentCache full:https://registry.npmjs.org/call-bound cache-miss
1290 http cache https://registry.npmjs.org/es-abstract 4ms (cache hit)
1291 silly packumentCache full:https://registry.npmjs.org/es-abstract set size:378584 disposed:false
1292 silly packumentCache full:https://registry.npmjs.org/es-abstract dispose
1293 silly fetch manifest json5@^1.0.2
1294 silly packumentCache full:https://registry.npmjs.org/json5 cache-miss
1295 http cache https://registry.npmjs.org/call-bound 4ms (cache hit)
1296 silly packumentCache full:https://registry.npmjs.org/call-bound set size:15317 disposed:false
1297 silly fetch manifest minimist@^1.2.6
1298 silly packumentCache full:https://registry.npmjs.org/minimist cache-miss
1299 http cache https://registry.npmjs.org/call-bound 3ms (cache hit)
1300 silly packumentCache full:https://registry.npmjs.org/call-bound set size:15317 disposed:false
1301 silly packumentCache full:https://registry.npmjs.org/call-bound dispose
1302 silly fetch manifest strip-bom@^3.0.0
1303 silly packumentCache full:https://registry.npmjs.org/strip-bom cache-miss
1304 http fetch GET 200 https://registry.npmjs.org/es-shim-unscopables 20ms (cache miss)
1305 silly packumentCache full:https://registry.npmjs.org/es-shim-unscopables set size:undefined disposed:false
1306 silly fetch manifest @types/json5@^0.0.29
1307 silly packumentCache full:https://registry.npmjs.org/@types%2fjson5 cache-miss
1308 http fetch GET 200 https://registry.npmjs.org/es-shim-unscopables 21ms (cache miss)
1309 silly packumentCache full:https://registry.npmjs.org/es-shim-unscopables set size:undefined disposed:false
1310 http fetch GET 200 https://registry.npmjs.org/function-bind 24ms (cache miss)
1311 silly packumentCache full:https://registry.npmjs.org/function-bind set size:undefined disposed:false
1312 http fetch GET 200 https://registry.npmjs.org/es-errors 58ms (cache miss)
1313 silly packumentCache full:https://registry.npmjs.org/es-errors set size:undefined disposed:false
1314 http fetch GET 200 https://registry.npmjs.org/strip-bom 23ms (cache miss)
1315 silly packumentCache full:https://registry.npmjs.org/strip-bom set size:undefined disposed:false
1316 http fetch GET 200 https://registry.npmjs.org/minimist 35ms (cache miss)
1317 silly packumentCache full:https://registry.npmjs.org/minimist set size:undefined disposed:false
1318 http fetch GET 200 https://registry.npmjs.org/@types%2fjson5 33ms (cache miss)
1319 silly packumentCache full:https://registry.npmjs.org/@types%2fjson5 set size:undefined disposed:false
1320 http fetch GET 200 https://registry.npmjs.org/json5 38ms (cache miss)
1321 silly packumentCache full:https://registry.npmjs.org/json5 set size:undefined disposed:false
1322 silly placeDep ROOT call-bind@1.0.8 OK for: array-includes@3.1.9 want: ^1.0.8
1323 silly placeDep ROOT call-bound@1.0.4 OK for: array-includes@3.1.9 want: ^1.0.4
1324 silly placeDep ROOT define-properties@1.2.1 OK for: array-includes@3.1.9 want: ^1.2.1
1325 silly placeDep ROOT es-abstract@1.24.1 OK for: array-includes@3.1.9 want: ^1.24.0
1326 silly placeDep ROOT es-object-atoms@1.1.1 OK for: array-includes@3.1.9 want: ^1.1.1
1327 silly placeDep ROOT get-intrinsic@1.3.0 OK for: array-includes@3.1.9 want: ^1.3.0
1328 silly placeDep ROOT is-string@1.1.1 OK for: array-includes@3.1.9 want: ^1.1.1
1329 silly placeDep ROOT math-intrinsics@1.1.0 OK for: array-includes@3.1.9 want: ^1.1.0
1330 silly fetch manifest call-bind-apply-helpers@^1.0.0
1331 silly packumentCache full:https://registry.npmjs.org/call-bind-apply-helpers cache-miss
1332 silly fetch manifest es-define-property@^1.0.0
1333 silly packumentCache full:https://registry.npmjs.org/es-define-property cache-miss
1334 silly fetch manifest get-intrinsic@^1.2.4
1335 silly packumentCache full:https://registry.npmjs.org/get-intrinsic cache-miss
1336 silly fetch manifest set-function-length@^1.2.2
1337 silly packumentCache full:https://registry.npmjs.org/set-function-length cache-miss
1338 silly fetch manifest call-bind-apply-helpers@^1.0.2
1339 silly packumentCache full:https://registry.npmjs.org/call-bind-apply-helpers cache-miss
1340 silly fetch manifest define-data-property@^1.0.1
1341 silly packumentCache full:https://registry.npmjs.org/define-data-property cache-miss
1342 silly fetch manifest has-property-descriptors@^1.0.0
1343 silly packumentCache full:https://registry.npmjs.org/has-property-descriptors cache-miss
1344 http cache https://registry.npmjs.org/get-intrinsic 3ms (cache hit)
1345 silly packumentCache full:https://registry.npmjs.org/get-intrinsic set size:60985 disposed:false
1346 silly fetch manifest object-keys@^1.1.1
1347 silly packumentCache full:https://registry.npmjs.org/object-keys cache-miss
1348 http fetch GET 200 https://registry.npmjs.org/define-data-property 24ms (cache miss)
1349 silly packumentCache full:https://registry.npmjs.org/define-data-property set size:undefined disposed:false
1350 silly fetch manifest array-buffer-byte-length@^1.0.2
1351 silly packumentCache full:https://registry.npmjs.org/array-buffer-byte-length cache-miss
1352 http fetch GET 200 https://registry.npmjs.org/set-function-length 26ms (cache miss)
1353 silly packumentCache full:https://registry.npmjs.org/set-function-length set size:undefined disposed:false
1354 silly fetch manifest arraybuffer.prototype.slice@^1.0.4
1355 silly packumentCache full:https://registry.npmjs.org/arraybuffer.prototype.slice cache-miss
1356 http fetch GET 200 https://registry.npmjs.org/call-bind-apply-helpers 27ms (cache miss)
1357 silly packumentCache full:https://registry.npmjs.org/call-bind-apply-helpers set size:undefined disposed:false
1358 silly fetch manifest available-typed-arrays@^1.0.7
1359 silly packumentCache full:https://registry.npmjs.org/available-typed-arrays cache-miss
1360 http fetch GET 200 https://registry.npmjs.org/call-bind-apply-helpers 29ms (cache miss)
1361 silly packumentCache full:https://registry.npmjs.org/call-bind-apply-helpers set size:undefined disposed:false
1362 silly fetch manifest data-view-buffer@^1.0.2
1363 silly packumentCache full:https://registry.npmjs.org/data-view-buffer cache-miss
1364 http fetch GET 200 https://registry.npmjs.org/es-define-property 29ms (cache miss)
1365 silly packumentCache full:https://registry.npmjs.org/es-define-property set size:undefined disposed:false
1366 silly fetch manifest data-view-byte-length@^1.0.2
1367 silly packumentCache full:https://registry.npmjs.org/data-view-byte-length cache-miss
1368 http fetch GET 200 https://registry.npmjs.org/object-keys 30ms (cache miss)
1369 silly packumentCache full:https://registry.npmjs.org/object-keys set size:undefined disposed:false
1370 silly fetch manifest data-view-byte-offset@^1.0.1
1371 silly packumentCache full:https://registry.npmjs.org/data-view-byte-offset cache-miss
1372 http fetch GET 200 https://registry.npmjs.org/has-property-descriptors 36ms (cache miss)
1373 silly packumentCache full:https://registry.npmjs.org/has-property-descriptors set size:undefined disposed:false
1374 silly fetch manifest es-define-property@^1.0.1
1375 silly packumentCache full:https://registry.npmjs.org/es-define-property cache-miss
1376 http cache https://registry.npmjs.org/es-define-property 0ms (cache hit)
1377 silly packumentCache full:https://registry.npmjs.org/es-define-property set size:8542 disposed:false
1378 silly fetch manifest es-set-tostringtag@^2.1.0
1379 silly packumentCache full:https://registry.npmjs.org/es-set-tostringtag cache-miss
1380 http fetch GET 200 https://registry.npmjs.org/arraybuffer.prototype.slice 21ms (cache miss)
1381 silly packumentCache full:https://registry.npmjs.org/arraybuffer.prototype.slice set size:undefined disposed:false
1382 silly fetch manifest es-to-primitive@^1.3.0
1383 silly packumentCache full:https://registry.npmjs.org/es-to-primitive cache-miss
1384 http fetch GET 200 https://registry.npmjs.org/available-typed-arrays 24ms (cache miss)
1385 silly packumentCache full:https://registry.npmjs.org/available-typed-arrays set size:undefined disposed:false
1386 silly fetch manifest function.prototype.name@^1.1.8
1387 silly packumentCache full:https://registry.npmjs.org/function.prototype.name cache-miss
1388 http fetch GET 200 https://registry.npmjs.org/data-view-byte-length 23ms (cache miss)
1389 silly packumentCache full:https://registry.npmjs.org/data-view-byte-length set size:undefined disposed:false
1390 silly fetch manifest get-proto@^1.0.1
1391 silly packumentCache full:https://registry.npmjs.org/get-proto cache-miss
1392 http fetch GET 200 https://registry.npmjs.org/data-view-buffer 25ms (cache miss)
1393 silly packumentCache full:https://registry.npmjs.org/data-view-buffer set size:undefined disposed:false
1394 silly fetch manifest get-symbol-description@^1.1.0
1395 silly packumentCache full:https://registry.npmjs.org/get-symbol-description cache-miss
1396 http fetch GET 200 https://registry.npmjs.org/array-buffer-byte-length 30ms (cache miss)
1397 silly packumentCache full:https://registry.npmjs.org/array-buffer-byte-length set size:undefined disposed:false
1398 silly fetch manifest globalthis@^1.0.4
1399 silly packumentCache full:https://registry.npmjs.org/globalthis cache-miss
1400 http fetch GET 200 https://registry.npmjs.org/es-set-tostringtag 22ms (cache miss)
1401 silly packumentCache full:https://registry.npmjs.org/es-set-tostringtag set size:undefined disposed:false
1402 silly fetch manifest gopd@^1.2.0
1403 silly packumentCache full:https://registry.npmjs.org/gopd cache-miss
1404 http fetch GET 200 https://registry.npmjs.org/data-view-byte-offset 26ms (cache miss)
1405 silly packumentCache full:https://registry.npmjs.org/data-view-byte-offset set size:undefined disposed:false
1406 silly fetch manifest has-property-descriptors@^1.0.2
1407 silly packumentCache full:https://registry.npmjs.org/has-property-descriptors cache-miss
1408 http cache https://registry.npmjs.org/has-property-descriptors 0ms (cache hit)
1409 silly packumentCache full:https://registry.npmjs.org/has-property-descriptors set size:12452 disposed:false
1410 silly fetch manifest has-proto@^1.2.0
1411 silly packumentCache full:https://registry.npmjs.org/has-proto cache-miss
1412 http fetch GET 200 https://registry.npmjs.org/es-to-primitive 28ms (cache miss)
1413 silly packumentCache full:https://registry.npmjs.org/es-to-primitive set size:undefined disposed:false
1414 silly fetch manifest has-symbols@^1.1.0
1415 silly packumentCache full:https://registry.npmjs.org/has-symbols cache-miss
1416 http fetch GET 200 https://registry.npmjs.org/get-proto 24ms (cache miss)
1417 silly packumentCache full:https://registry.npmjs.org/get-proto set size:undefined disposed:false
1418 silly fetch manifest internal-slot@^1.1.0
1419 silly packumentCache full:https://registry.npmjs.org/internal-slot cache-miss
1420 http fetch GET 200 https://registry.npmjs.org/get-symbol-description 27ms (cache miss)
1421 silly packumentCache full:https://registry.npmjs.org/get-symbol-description set size:undefined disposed:false
1422 silly fetch manifest is-array-buffer@^3.0.5
1423 silly packumentCache full:https://registry.npmjs.org/is-array-buffer cache-miss
1424 http fetch GET 200 https://registry.npmjs.org/has-proto 22ms (cache miss)
1425 silly packumentCache full:https://registry.npmjs.org/has-proto set size:undefined disposed:false
1426 silly fetch manifest is-callable@^1.2.7
1427 silly packumentCache full:https://registry.npmjs.org/is-callable cache-miss
1428 http fetch GET 200 https://registry.npmjs.org/gopd 24ms (cache miss)
1429 silly packumentCache full:https://registry.npmjs.org/gopd set size:undefined disposed:false
1430 silly fetch manifest is-data-view@^1.0.2
1431 silly packumentCache full:https://registry.npmjs.org/is-data-view cache-miss
1432 http fetch GET 200 https://registry.npmjs.org/globalthis 29ms (cache miss)
1433 silly packumentCache full:https://registry.npmjs.org/globalthis set size:undefined disposed:false
1434 silly fetch manifest is-negative-zero@^2.0.3
1435 silly packumentCache full:https://registry.npmjs.org/is-negative-zero cache-miss
1436 http fetch GET 200 https://registry.npmjs.org/function.prototype.name 34ms (cache miss)
1437 silly packumentCache full:https://registry.npmjs.org/function.prototype.name set size:undefined disposed:false
1438 silly fetch manifest is-regex@^1.2.1
1439 silly packumentCache full:https://registry.npmjs.org/is-regex cache-miss
1440 http fetch GET 200 https://registry.npmjs.org/has-symbols 25ms (cache miss)
1441 silly packumentCache full:https://registry.npmjs.org/has-symbols set size:undefined disposed:false
1442 silly fetch manifest is-set@^2.0.3
1443 silly packumentCache full:https://registry.npmjs.org/is-set cache-miss
1444 http fetch GET 200 https://registry.npmjs.org/internal-slot 24ms (cache miss)
1445 silly packumentCache full:https://registry.npmjs.org/internal-slot set size:undefined disposed:false
1446 silly fetch manifest is-shared-array-buffer@^1.0.4
1447 silly packumentCache full:https://registry.npmjs.org/is-shared-array-buffer cache-miss
1448 http fetch GET 200 https://registry.npmjs.org/is-data-view 22ms (cache miss)
1449 silly packumentCache full:https://registry.npmjs.org/is-data-view set size:undefined disposed:false
1450 silly fetch manifest is-typed-array@^1.1.15
1451 silly packumentCache full:https://registry.npmjs.org/is-typed-array cache-miss
1452 http fetch GET 200 https://registry.npmjs.org/is-array-buffer 28ms (cache miss)
1453 silly packumentCache full:https://registry.npmjs.org/is-array-buffer set size:undefined disposed:false
1454 silly fetch manifest is-weakref@^1.1.1
1455 silly packumentCache full:https://registry.npmjs.org/is-weakref cache-miss
1456 http fetch GET 200 https://registry.npmjs.org/is-negative-zero 29ms (cache miss)
1457 silly packumentCache full:https://registry.npmjs.org/is-negative-zero set size:undefined disposed:false
1458 silly fetch manifest object-inspect@^1.13.4
1459 silly packumentCache full:https://registry.npmjs.org/object-inspect cache-miss
1460 http fetch GET 200 https://registry.npmjs.org/is-callable 31ms (cache miss)
1461 silly packumentCache full:https://registry.npmjs.org/is-callable set size:undefined disposed:false
1462 silly fetch manifest object.assign@^4.1.7
1463 silly packumentCache full:https://registry.npmjs.org/object.assign cache-miss
1464 http fetch GET 200 https://registry.npmjs.org/is-regex 32ms (cache miss)
1465 silly packumentCache full:https://registry.npmjs.org/is-regex set size:undefined disposed:false
1466 silly fetch manifest own-keys@^1.0.1
1467 silly packumentCache full:https://registry.npmjs.org/own-keys cache-miss
1468 http fetch GET 200 https://registry.npmjs.org/is-shared-array-buffer 25ms (cache miss)
1469 silly packumentCache full:https://registry.npmjs.org/is-shared-array-buffer set size:undefined disposed:false
1470 silly fetch manifest regexp.prototype.flags@^1.5.4
1471 silly packumentCache full:https://registry.npmjs.org/regexp.prototype.flags cache-miss
1472 http fetch GET 200 https://registry.npmjs.org/is-typed-array 23ms (cache miss)
1473 silly packumentCache full:https://registry.npmjs.org/is-typed-array set size:undefined disposed:false
1474 silly fetch manifest safe-array-concat@^1.1.3
1475 silly packumentCache full:https://registry.npmjs.org/safe-array-concat cache-miss
1476 http fetch GET 200 https://registry.npmjs.org/is-weakref 28ms (cache miss)
1477 silly packumentCache full:https://registry.npmjs.org/is-weakref set size:undefined disposed:false
1478 silly fetch manifest safe-push-apply@^1.0.0
1479 silly packumentCache full:https://registry.npmjs.org/safe-push-apply cache-miss
1480 http fetch GET 200 https://registry.npmjs.org/object-inspect 27ms (cache miss)
1481 silly packumentCache full:https://registry.npmjs.org/object-inspect set size:undefined disposed:false
1482 silly fetch manifest safe-regex-test@^1.1.0
1483 silly packumentCache full:https://registry.npmjs.org/safe-regex-test cache-miss
1484 http cache https://registry.npmjs.org/safe-regex-test 1ms (cache hit)
1485 silly packumentCache full:https://registry.npmjs.org/safe-regex-test set size:17412 disposed:false
1486 silly fetch manifest set-proto@^1.0.0
1487 silly packumentCache full:https://registry.npmjs.org/set-proto cache-miss
1488 http fetch GET 200 https://registry.npmjs.org/object.assign 29ms (cache miss)
1489 silly packumentCache full:https://registry.npmjs.org/object.assign set size:undefined disposed:false
1490 silly fetch manifest stop-iteration-iterator@^1.1.0
1491 silly packumentCache full:https://registry.npmjs.org/stop-iteration-iterator cache-miss
1492 http fetch GET 200 https://registry.npmjs.org/regexp.prototype.flags 31ms (cache miss)
1493 silly packumentCache full:https://registry.npmjs.org/regexp.prototype.flags set size:undefined disposed:false
1494 silly fetch manifest string.prototype.trim@^1.2.10
1495 silly packumentCache full:https://registry.npmjs.org/string.prototype.trim cache-miss
1496 http fetch GET 200 https://registry.npmjs.org/safe-push-apply 24ms (cache miss)
1497 silly packumentCache full:https://registry.npmjs.org/safe-push-apply set size:undefined disposed:false
1498 silly fetch manifest string.prototype.trimstart@^1.0.8
1499 silly packumentCache full:https://registry.npmjs.org/string.prototype.trimstart cache-miss
1500 http fetch GET 200 https://registry.npmjs.org/safe-array-concat 32ms (cache miss)
1501 silly packumentCache full:https://registry.npmjs.org/safe-array-concat set size:undefined disposed:false
1502 silly fetch manifest typed-array-buffer@^1.0.3
1503 silly packumentCache full:https://registry.npmjs.org/typed-array-buffer cache-miss
1504 http fetch GET 200 https://registry.npmjs.org/set-proto 23ms (cache miss)
1505 silly packumentCache full:https://registry.npmjs.org/set-proto set size:undefined disposed:false
1506 silly fetch manifest typed-array-byte-length@^1.0.3
1507 silly packumentCache full:https://registry.npmjs.org/typed-array-byte-length cache-miss
1508 http fetch GET 200 https://registry.npmjs.org/stop-iteration-iterator 24ms (cache miss)
1509 silly packumentCache full:https://registry.npmjs.org/stop-iteration-iterator set size:undefined disposed:false
1510 silly fetch manifest typed-array-byte-offset@^1.0.4
1511 silly packumentCache full:https://registry.npmjs.org/typed-array-byte-offset cache-miss
1512 http fetch GET 200 https://registry.npmjs.org/own-keys 53ms (cache miss)
1513 silly packumentCache full:https://registry.npmjs.org/own-keys set size:undefined disposed:false
1514 silly fetch manifest typed-array-length@^1.0.7
1515 silly packumentCache full:https://registry.npmjs.org/typed-array-length cache-miss
1516 http fetch GET 200 https://registry.npmjs.org/typed-array-buffer 26ms (cache miss)
1517 silly packumentCache full:https://registry.npmjs.org/typed-array-buffer set size:undefined disposed:false
1518 silly fetch manifest unbox-primitive@^1.1.0
1519 silly packumentCache full:https://registry.npmjs.org/unbox-primitive cache-miss
1520 http fetch GET 200 https://registry.npmjs.org/typed-array-byte-length 22ms (cache miss)
1521 silly packumentCache full:https://registry.npmjs.org/typed-array-byte-length set size:undefined disposed:false
1522 silly fetch manifest which-typed-array@^1.1.19
1523 silly packumentCache full:https://registry.npmjs.org/which-typed-array cache-miss
1524 http fetch GET 200 https://registry.npmjs.org/string.prototype.trimstart 28ms (cache miss)
1525 silly packumentCache full:https://registry.npmjs.org/string.prototype.trimstart set size:undefined disposed:false
1526 silly fetch manifest has-tostringtag@^1.0.2
1527 silly packumentCache full:https://registry.npmjs.org/has-tostringtag cache-miss
1528 http fetch GET 200 https://registry.npmjs.org/typed-array-byte-offset 28ms (cache miss)
1529 silly packumentCache full:https://registry.npmjs.org/typed-array-byte-offset set size:undefined disposed:false
1530 http fetch GET 200 https://registry.npmjs.org/typed-array-length 30ms (cache miss)
1531 silly packumentCache full:https://registry.npmjs.org/typed-array-length set size:undefined disposed:false
1532 http fetch GET 200 https://registry.npmjs.org/unbox-primitive 28ms (cache miss)
1533 silly packumentCache full:https://registry.npmjs.org/unbox-primitive set size:undefined disposed:false
1534 http fetch GET 200 https://registry.npmjs.org/has-tostringtag 27ms (cache miss)
1535 silly packumentCache full:https://registry.npmjs.org/has-tostringtag set size:undefined disposed:false
1536 http fetch GET 200 https://registry.npmjs.org/which-typed-array 28ms (cache miss)
1537 silly packumentCache full:https://registry.npmjs.org/which-typed-array set size:undefined disposed:false
1538 http fetch GET 200 https://registry.npmjs.org/is-set 187ms (cache miss)
1539 silly packumentCache full:https://registry.npmjs.org/is-set set size:undefined disposed:false
1540 http fetch GET 200 https://registry.npmjs.org/string.prototype.trim 532ms (cache miss)
1541 silly packumentCache full:https://registry.npmjs.org/string.prototype.trim set size:undefined disposed:false
1542 silly placeDep ROOT es-errors@1.3.0 OK for: array.prototype.findlastindex@1.2.6 want: ^1.3.0
1543 silly placeDep ROOT es-shim-unscopables@1.1.0 OK for: array.prototype.findlastindex@1.2.6 want: ^1.1.0
1544 silly placeDep ROOT call-bind-apply-helpers@1.0.2 OK for: call-bind@1.0.8 want: ^1.0.0
1545 silly placeDep ROOT es-define-property@1.0.1 OK for: call-bind@1.0.8 want: ^1.0.0
1546 silly placeDep ROOT set-function-length@1.2.2 OK for: call-bind@1.0.8 want: ^1.2.2
1547 silly fetch manifest define-data-property@^1.1.4
1548 silly packumentCache full:https://registry.npmjs.org/define-data-property cache-miss
1549 silly fetch manifest gopd@^1.0.1
1550 silly packumentCache full:https://registry.npmjs.org/gopd cache-miss
1551 http cache https://registry.npmjs.org/gopd 2ms (cache hit)
1552 silly packumentCache full:https://registry.npmjs.org/gopd set size:11458 disposed:false
1553 http cache https://registry.npmjs.org/define-data-property 2ms (cache hit)
1554 silly packumentCache full:https://registry.npmjs.org/define-data-property set size:28048 disposed:false
1555 silly placeDep ROOT function-bind@1.1.2 OK for: call-bind-apply-helpers@1.0.2 want: ^1.1.2
1556 silly placeDep ROOT define-data-property@1.1.4 OK for: define-properties@1.2.1 want: ^1.0.1
1557 silly placeDep ROOT has-property-descriptors@1.0.2 OK for: define-properties@1.2.1 want: ^1.0.0
1558 silly placeDep ROOT object-keys@1.1.1 OK for: define-properties@1.2.1 want: ^1.1.1
1559 silly placeDep ROOT gopd@1.2.0 OK for: define-data-property@1.1.4 want: ^1.0.1
1560 silly placeDep ROOT array-buffer-byte-length@1.0.2 OK for: es-abstract@1.24.1 want: ^1.0.2
1561 silly placeDep ROOT arraybuffer.prototype.slice@1.0.4 OK for: es-abstract@1.24.1 want: ^1.0.4
1562 silly placeDep ROOT available-typed-arrays@1.0.7 OK for: es-abstract@1.24.1 want: ^1.0.7
1563 silly placeDep ROOT data-view-buffer@1.0.2 OK for: es-abstract@1.24.1 want: ^1.0.2
1564 silly placeDep ROOT data-view-byte-length@1.0.2 OK for: es-abstract@1.24.1 want: ^1.0.2
1565 silly placeDep ROOT data-view-byte-offset@1.0.1 OK for: es-abstract@1.24.1 want: ^1.0.1
1566 silly placeDep ROOT es-set-tostringtag@2.1.0 OK for: es-abstract@1.24.1 want: ^2.1.0
1567 silly placeDep ROOT es-to-primitive@1.3.0 OK for: es-abstract@1.24.1 want: ^1.3.0
1568 silly placeDep ROOT function.prototype.name@1.1.8 OK for: es-abstract@1.24.1 want: ^1.1.8
1569 silly placeDep ROOT get-proto@1.0.1 OK for: es-abstract@1.24.1 want: ^1.0.1
1570 silly placeDep ROOT get-symbol-description@1.1.0 OK for: es-abstract@1.24.1 want: ^1.1.0
1571 silly placeDep ROOT globalthis@1.0.4 OK for: es-abstract@1.24.1 want: ^1.0.4
1572 silly placeDep ROOT has-proto@1.2.0 OK for: es-abstract@1.24.1 want: ^1.2.0
1573 silly placeDep ROOT has-symbols@1.1.0 OK for: es-abstract@1.24.1 want: ^1.1.0
1574 silly placeDep ROOT internal-slot@1.1.0 OK for: es-abstract@1.24.1 want: ^1.1.0
1575 silly placeDep ROOT is-array-buffer@3.0.5 OK for: es-abstract@1.24.1 want: ^3.0.5
1576 silly placeDep ROOT is-callable@1.2.7 OK for: es-abstract@1.24.1 want: ^1.2.7
1577 silly placeDep ROOT is-data-view@1.0.2 OK for: es-abstract@1.24.1 want: ^1.0.2
1578 silly placeDep ROOT is-negative-zero@2.0.3 OK for: es-abstract@1.24.1 want: ^2.0.3
1579 silly placeDep ROOT is-regex@1.2.1 OK for: es-abstract@1.24.1 want: ^1.2.1
1580 silly placeDep ROOT is-set@2.0.3 OK for: es-abstract@1.24.1 want: ^2.0.3
1581 silly placeDep ROOT is-shared-array-buffer@1.0.4 OK for: es-abstract@1.24.1 want: ^1.0.4
1582 silly placeDep ROOT is-typed-array@1.1.15 OK for: es-abstract@1.24.1 want: ^1.1.15
1583 silly placeDep ROOT is-weakref@1.1.1 OK for: es-abstract@1.24.1 want: ^1.1.1
1584 silly placeDep ROOT object-inspect@1.13.4 OK for: es-abstract@1.24.1 want: ^1.13.4
1585 silly placeDep ROOT object.assign@4.1.7 OK for: es-abstract@1.24.1 want: ^4.1.7
1586 silly placeDep ROOT own-keys@1.0.1 OK for: es-abstract@1.24.1 want: ^1.0.1
1587 silly placeDep ROOT regexp.prototype.flags@1.5.4 OK for: es-abstract@1.24.1 want: ^1.5.4
1588 silly placeDep ROOT safe-array-concat@1.1.3 OK for: es-abstract@1.24.1 want: ^1.1.3
1589 silly placeDep ROOT safe-push-apply@1.0.0 OK for: es-abstract@1.24.1 want: ^1.0.0
1590 silly placeDep ROOT safe-regex-test@1.1.0 OK for: es-abstract@1.24.1 want: ^1.1.0
1591 silly placeDep ROOT set-proto@1.0.0 OK for: es-abstract@1.24.1 want: ^1.0.0
1592 silly placeDep ROOT stop-iteration-iterator@1.1.0 OK for: es-abstract@1.24.1 want: ^1.1.0
1593 silly placeDep ROOT string.prototype.trim@1.2.10 OK for: es-abstract@1.24.1 want: ^1.2.10
1594 silly placeDep ROOT string.prototype.trimstart@1.0.8 OK for: es-abstract@1.24.1 want: ^1.0.8
1595 silly placeDep ROOT typed-array-buffer@1.0.3 OK for: es-abstract@1.24.1 want: ^1.0.3
1596 silly placeDep ROOT typed-array-byte-length@1.0.3 OK for: es-abstract@1.24.1 want: ^1.0.3
1597 silly placeDep ROOT typed-array-byte-offset@1.0.4 OK for: es-abstract@1.24.1 want: ^1.0.4
1598 silly placeDep ROOT typed-array-length@1.0.7 OK for: es-abstract@1.24.1 want: ^1.0.7
1599 silly placeDep ROOT unbox-primitive@1.1.0 OK for: es-abstract@1.24.1 want: ^1.1.0
1600 silly placeDep ROOT which-typed-array@1.1.20 OK for: es-abstract@1.24.1 want: ^1.1.19
1601 silly fetch manifest is-array-buffer@^3.0.4
1602 silly packumentCache full:https://registry.npmjs.org/is-array-buffer cache-miss
1603 silly fetch manifest possible-typed-array-names@^1.0.0
1604 silly packumentCache full:https://registry.npmjs.org/possible-typed-array-names cache-miss
1605 silly fetch manifest is-data-view@^1.0.1
1606 silly packumentCache full:https://registry.npmjs.org/is-data-view cache-miss
1607 silly fetch manifest is-date-object@^1.0.5
1608 silly packumentCache full:https://registry.npmjs.org/is-date-object cache-miss
1609 silly fetch manifest is-symbol@^1.0.4
1610 silly packumentCache full:https://registry.npmjs.org/is-symbol cache-miss
1611 silly fetch manifest functions-have-names@^1.2.3
1612 silly packumentCache full:https://registry.npmjs.org/functions-have-names cache-miss
1613 silly fetch manifest dunder-proto@^1.0.1
1614 silly packumentCache full:https://registry.npmjs.org/dunder-proto cache-miss
1615 http cache https://registry.npmjs.org/is-data-view 2ms (cache hit)
1616 silly packumentCache full:https://registry.npmjs.org/is-data-view set size:13756 disposed:false
1617 silly fetch manifest dunder-proto@^1.0.0
1618 silly packumentCache full:https://registry.npmjs.org/dunder-proto cache-miss
1619 http cache https://registry.npmjs.org/is-array-buffer 4ms (cache hit)
1620 silly packumentCache full:https://registry.npmjs.org/is-array-buffer set size:33562 disposed:false
1621 silly fetch manifest side-channel@^1.1.0
1622 silly packumentCache full:https://registry.npmjs.org/side-channel cache-miss
1623 http fetch GET 200 https://registry.npmjs.org/dunder-proto 24ms (cache miss)
1624 silly packumentCache full:https://registry.npmjs.org/dunder-proto set size:undefined disposed:false
1625 silly fetch manifest is-typed-array@^1.1.13
1626 silly packumentCache full:https://registry.npmjs.org/is-typed-array cache-miss
1627 http fetch GET 200 https://registry.npmjs.org/dunder-proto 23ms (cache miss)
1628 silly packumentCache full:https://registry.npmjs.org/dunder-proto set size:undefined disposed:false
1629 silly fetch manifest which-typed-array@^1.1.16
1630 silly packumentCache full:https://registry.npmjs.org/which-typed-array cache-miss
1631 http fetch GET 200 https://registry.npmjs.org/is-symbol 27ms (cache miss)
1632 silly packumentCache full:https://registry.npmjs.org/is-symbol set size:undefined disposed:false
1633 silly fetch manifest set-function-name@^2.0.2
1634 silly packumentCache full:https://registry.npmjs.org/set-function-name cache-miss
1635 http cache https://registry.npmjs.org/is-typed-array 4ms (cache hit)
1636 silly packumentCache full:https://registry.npmjs.org/is-typed-array set size:79965 disposed:false
1637 silly fetch manifest isarray@^2.0.5
1638 silly packumentCache full:https://registry.npmjs.org/isarray cache-miss
1639 http cache https://registry.npmjs.org/which-typed-array 4ms (cache hit)
1640 silly packumentCache full:https://registry.npmjs.org/which-typed-array set size:93605 disposed:false
1641 silly fetch manifest isarray@^2.0.5
1642 silly packumentCache full:https://registry.npmjs.org/isarray cache-miss
1643 http fetch GET 200 https://registry.npmjs.org/functions-have-names 31ms (cache miss)
1644 silly packumentCache full:https://registry.npmjs.org/functions-have-names set size:undefined disposed:false
1645 silly fetch manifest for-each@^0.3.3
1646 silly packumentCache full:https://registry.npmjs.org/for-each cache-miss
1647 http fetch GET 200 https://registry.npmjs.org/possible-typed-array-names 33ms (cache miss)
1648 silly packumentCache full:https://registry.npmjs.org/possible-typed-array-names set size:undefined disposed:false
1649 silly fetch manifest for-each@^0.3.3
1650 silly packumentCache full:https://registry.npmjs.org/for-each cache-miss
1651 http fetch GET 200 https://registry.npmjs.org/is-date-object 33ms (cache miss)
1652 silly packumentCache full:https://registry.npmjs.org/is-date-object set size:undefined disposed:false
1653 silly fetch manifest reflect.getprototypeof@^1.0.9
1654 silly packumentCache full:https://registry.npmjs.org/reflect.getprototypeof cache-miss
1655 http fetch GET 200 https://registry.npmjs.org/side-channel 31ms (cache miss)
1656 silly packumentCache full:https://registry.npmjs.org/side-channel set size:undefined disposed:false
1657 silly fetch manifest for-each@^0.3.3
1658 silly packumentCache full:https://registry.npmjs.org/for-each cache-miss
1659 http fetch GET 200 https://registry.npmjs.org/for-each 23ms (cache miss)
1660 silly packumentCache full:https://registry.npmjs.org/for-each set size:undefined disposed:false
1661 silly fetch manifest reflect.getprototypeof@^1.0.6
1662 silly packumentCache full:https://registry.npmjs.org/reflect.getprototypeof cache-miss
1663 http fetch GET 200 https://registry.npmjs.org/set-function-name 29ms (cache miss)
1664 silly packumentCache full:https://registry.npmjs.org/set-function-name set size:undefined disposed:false
1665 silly fetch manifest has-bigints@^1.0.2
1666 silly packumentCache full:https://registry.npmjs.org/has-bigints cache-miss
1667 http fetch GET 200 https://registry.npmjs.org/reflect.getprototypeof 26ms (cache miss)
1668 silly packumentCache full:https://registry.npmjs.org/reflect.getprototypeof set size:undefined disposed:false
1669 silly fetch manifest which-boxed-primitive@^1.1.1
1670 silly packumentCache full:https://registry.npmjs.org/which-boxed-primitive cache-miss
1671 http fetch GET 200 https://registry.npmjs.org/for-each 29ms (cache miss)
1672 silly packumentCache full:https://registry.npmjs.org/for-each set size:undefined disposed:false
1673 silly fetch manifest for-each@^0.3.5
1674 silly packumentCache full:https://registry.npmjs.org/for-each cache-miss
1675 http cache https://registry.npmjs.org/for-each 1ms (cache hit)
1676 silly packumentCache full:https://registry.npmjs.org/for-each set size:14327 disposed:false
1677 http fetch GET 200 https://registry.npmjs.org/for-each 34ms (cache miss)
1678 silly packumentCache full:https://registry.npmjs.org/for-each set size:undefined disposed:false
1679 silly packumentCache full:https://registry.npmjs.org/for-each dispose
1680 http fetch GET 200 https://registry.npmjs.org/which-boxed-primitive 28ms (cache miss)
1681 silly packumentCache full:https://registry.npmjs.org/which-boxed-primitive set size:undefined disposed:false
1682 http fetch GET 200 https://registry.npmjs.org/reflect.getprototypeof 32ms (cache miss)
1683 silly packumentCache full:https://registry.npmjs.org/reflect.getprototypeof set size:undefined disposed:false
1684 http fetch GET 200 https://registry.npmjs.org/has-bigints 33ms (cache miss)
1685 silly packumentCache full:https://registry.npmjs.org/has-bigints set size:undefined disposed:false
1686 http fetch GET 200 https://registry.npmjs.org/isarray 188ms (cache miss)
1687 silly packumentCache full:https://registry.npmjs.org/isarray set size:undefined disposed:false
1688 http fetch GET 200 https://registry.npmjs.org/isarray 187ms (cache miss)
1689 silly packumentCache full:https://registry.npmjs.org/isarray set size:undefined disposed:false
1690 silly placeDep ROOT possible-typed-array-names@1.1.0 OK for: available-typed-arrays@1.0.7 want: ^1.0.0
1691 silly placeDep ROOT has-tostringtag@1.0.2 OK for: es-set-tostringtag@2.1.0 want: ^1.0.2
1692 silly placeDep ROOT is-date-object@1.1.0 OK for: es-to-primitive@1.3.0 want: ^1.0.5
1693 silly placeDep ROOT is-symbol@1.1.1 OK for: es-to-primitive@1.3.0 want: ^1.0.4
1694 silly placeDep node_modules/eslint-module-utils debug@3.2.7 OK for: eslint-module-utils@2.12.1 want: ^3.2.7
1695 silly placeDep ROOT aria-query@5.3.2 OK for: eslint-plugin-jsx-a11y@6.10.2 want: ^5.3.2
1696 silly placeDep ROOT ast-types-flow@0.0.8 OK for: eslint-plugin-jsx-a11y@6.10.2 want: ^0.0.8
1697 silly placeDep ROOT axe-core@4.11.1 OK for: eslint-plugin-jsx-a11y@6.10.2 want: ^4.10.0
1698 silly placeDep ROOT axobject-query@4.1.0 OK for: eslint-plugin-jsx-a11y@6.10.2 want: ^4.1.0
1699 silly placeDep ROOT damerau-levenshtein@1.0.8 OK for: eslint-plugin-jsx-a11y@6.10.2 want: ^1.0.8
1700 silly placeDep ROOT emoji-regex@9.2.2 OK for: eslint-plugin-jsx-a11y@6.10.2 want: ^9.2.2
1701 silly placeDep ROOT jsx-ast-utils@3.3.5 OK for: eslint-plugin-jsx-a11y@6.10.2 want: ^3.3.5
1702 silly placeDep ROOT language-tags@1.0.9 OK for: eslint-plugin-jsx-a11y@6.10.2 want: ^1.0.9
1703 silly placeDep ROOT string.prototype.includes@2.0.1 OK for: eslint-plugin-jsx-a11y@6.10.2 want: ^2.0.1
1704 silly fetch manifest language-subtag-registry@^0.3.20
1705 silly packumentCache full:https://registry.npmjs.org/language-subtag-registry cache-miss
1706 http fetch GET 200 https://registry.npmjs.org/language-subtag-registry 24ms (cache miss)
1707 silly packumentCache full:https://registry.npmjs.org/language-subtag-registry set size:undefined disposed:false
1708 silly placeDep ROOT array.prototype.findlast@1.2.5 OK for: eslint-plugin-react@7.37.5 want: ^1.2.5
1709 silly placeDep ROOT array.prototype.tosorted@1.1.4 OK for: eslint-plugin-react@7.37.5 want: ^1.1.4
1710 silly placeDep ROOT es-iterator-helpers@1.2.2 OK for: eslint-plugin-react@7.37.5 want: ^1.2.1
1711 silly placeDep ROOT estraverse@5.3.0 OK for: eslint-plugin-react@7.37.5 want: ^5.3.0
1712 silly placeDep ROOT object.entries@1.1.9 OK for: eslint-plugin-react@7.37.5 want: ^1.1.9
1713 silly placeDep ROOT prop-types@15.8.1 OK for: eslint-plugin-react@7.37.5 want: ^15.8.1
1714 silly placeDep node_modules/eslint-plugin-react resolve@2.0.0-next.6 OK for: eslint-plugin-react@7.37.5 want: ^2.0.0-next.5
1715 silly placeDep ROOT string.prototype.matchall@4.0.12 OK for: eslint-plugin-react@7.37.5 want: ^4.0.12
1716 silly placeDep ROOT string.prototype.repeat@1.0.0 OK for: eslint-plugin-react@7.37.5 want: ^1.0.0
1717 silly fetch manifest iterator.prototype@^1.1.5
1718 silly packumentCache full:https://registry.npmjs.org/iterator.prototype cache-miss
1719 silly fetch manifest loose-envify@^1.4.0
1720 silly packumentCache full:https://registry.npmjs.org/loose-envify cache-miss
1721 silly fetch manifest object-assign@^4.1.1
1722 silly packumentCache full:https://registry.npmjs.org/object-assign cache-miss
1723 silly fetch manifest react-is@^16.13.1
1724 silly packumentCache full:https://registry.npmjs.org/react-is cache-miss
1725 silly fetch manifest node-exports-info@^1.6.0
1726 silly packumentCache full:https://registry.npmjs.org/node-exports-info cache-miss
1727 http fetch GET 200 https://registry.npmjs.org/iterator.prototype 24ms (cache miss)
1728 silly packumentCache full:https://registry.npmjs.org/iterator.prototype set size:undefined disposed:false
1729 http fetch GET 200 https://registry.npmjs.org/node-exports-info 25ms (cache miss)
1730 silly packumentCache full:https://registry.npmjs.org/node-exports-info set size:undefined disposed:false
1731 http fetch GET 200 https://registry.npmjs.org/object-assign 25ms (cache miss)
1732 silly packumentCache full:https://registry.npmjs.org/object-assign set size:undefined disposed:false
1733 http fetch GET 200 https://registry.npmjs.org/loose-envify 31ms (cache miss)
1734 silly packumentCache full:https://registry.npmjs.org/loose-envify set size:undefined disposed:false
1735 http fetch GET 200 https://registry.npmjs.org/react-is 127ms (cache miss)
1736 silly packumentCache full:https://registry.npmjs.org/react-is set size:undefined disposed:false
1737 silly placeDep ROOT iterator.prototype@1.1.5 OK for: es-iterator-helpers@1.2.2 want: ^1.1.5
1738 silly placeDep ROOT @babel/core@7.29.0 OK for: eslint-plugin-react-hooks@7.0.1 want: ^7.24.4
1739 silly placeDep ROOT @babel/parser@7.29.0 OK for: eslint-plugin-react-hooks@7.0.1 want: ^7.24.4
1740 silly placeDep ROOT hermes-parser@0.25.1 OK for: eslint-plugin-react-hooks@7.0.1 want: ^0.25.1
1741 silly placeDep ROOT zod@4.3.6 OK for: eslint-plugin-react-hooks@7.0.1 want: ^3.25.0 || ^4.0.0
1742 silly placeDep ROOT zod-validation-error@4.0.2 OK for: eslint-plugin-react-hooks@7.0.1 want: ^3.5.0 || ^4.0.0
1743 silly fetch manifest json5@^2.2.3
1744 silly packumentCache full:https://registry.npmjs.org/json5 cache-miss
1745 silly fetch manifest gensync@^1.0.0-beta.2
1746 silly packumentCache full:https://registry.npmjs.org/gensync cache-miss
1747 silly fetch manifest @babel/types@^7.29.0
1748 silly packumentCache full:https://registry.npmjs.org/@babel%2ftypes cache-miss
1749 silly fetch manifest @babel/parser@^7.29.0
1750 silly packumentCache full:https://registry.npmjs.org/@babel%2fparser cache-miss
1751 silly fetch manifest @babel/helpers@^7.28.6
1752 silly packumentCache full:https://registry.npmjs.org/@babel%2fhelpers cache-miss
1753 silly fetch manifest @babel/template@^7.28.6
1754 silly packumentCache full:https://registry.npmjs.org/@babel%2ftemplate cache-miss
1755 silly fetch manifest @babel/traverse@^7.29.0
1756 silly packumentCache full:https://registry.npmjs.org/@babel%2ftraverse cache-miss
1757 http cache https://registry.npmjs.org/json5 6ms (cache hit)
1758 silly packumentCache full:https://registry.npmjs.org/json5 set size:86136 disposed:false
1759 silly fetch manifest @babel/generator@^7.29.0
1760 silly packumentCache full:https://registry.npmjs.org/@babel%2fgenerator cache-miss
1761 http cache https://registry.npmjs.org/@babel%2fparser 7ms (cache hit)
1762 silly packumentCache full:https://registry.npmjs.org/@babel%2fparser set size:714217 disposed:false
1763 silly fetch manifest @babel/code-frame@^7.29.0
1764 silly packumentCache full:https://registry.npmjs.org/@babel%2fcode-frame cache-miss
1765 http fetch GET 200 https://registry.npmjs.org/gensync 42ms (cache miss)
1766 silly packumentCache full:https://registry.npmjs.org/gensync set size:undefined disposed:false
1767 silly fetch manifest convert-source-map@^2.0.0
1768 silly packumentCache full:https://registry.npmjs.org/convert-source-map cache-miss
1769 http fetch GET 200 https://registry.npmjs.org/@babel%2ftypes 43ms (cache miss)
1770 silly packumentCache full:https://registry.npmjs.org/@babel%2ftypes set size:undefined disposed:false
1771 silly fetch manifest @babel/helper-module-transforms@^7.28.6
1772 silly packumentCache full:https://registry.npmjs.org/@babel%2fhelper-module-transforms cache-miss
1773 http fetch GET 200 https://registry.npmjs.org/@babel%2fhelpers 43ms (cache miss)
1774 silly packumentCache full:https://registry.npmjs.org/@babel%2fhelpers set size:undefined disposed:false
1775 silly fetch manifest @babel/helper-compilation-targets@^7.28.6
1776 silly packumentCache full:https://registry.npmjs.org/@babel%2fhelper-compilation-targets cache-miss
1777 http fetch GET 200 https://registry.npmjs.org/@babel%2ftraverse 46ms (cache miss)
1778 silly packumentCache full:https://registry.npmjs.org/@babel%2ftraverse set size:undefined disposed:false
1779 silly fetch manifest hermes-estree@0.25.1
1780 silly packumentCache full:https://registry.npmjs.org/hermes-estree cache-miss
1781 http fetch GET 200 https://registry.npmjs.org/@babel%2ftemplate 48ms (cache miss)
1782 silly packumentCache full:https://registry.npmjs.org/@babel%2ftemplate set size:undefined disposed:false
1783 http fetch GET 200 https://registry.npmjs.org/@babel%2fcode-frame 41ms (cache miss)
1784 silly packumentCache full:https://registry.npmjs.org/@babel%2fcode-frame set size:undefined disposed:false
1785 http fetch GET 200 https://registry.npmjs.org/@babel%2fgenerator 46ms (cache miss)
1786 silly packumentCache full:https://registry.npmjs.org/@babel%2fgenerator set size:undefined disposed:false
1787 http fetch GET 200 https://registry.npmjs.org/convert-source-map 30ms (cache miss)
1788 silly packumentCache full:https://registry.npmjs.org/convert-source-map set size:undefined disposed:false
1789 http fetch GET 200 https://registry.npmjs.org/hermes-estree 29ms (cache miss)
1790 silly packumentCache full:https://registry.npmjs.org/hermes-estree set size:undefined disposed:false
1791 http fetch GET 200 https://registry.npmjs.org/@babel%2fhelper-compilation-targets 47ms (cache miss)
1792 silly packumentCache full:https://registry.npmjs.org/@babel%2fhelper-compilation-targets set size:undefined disposed:false
1793 http fetch GET 200 https://registry.npmjs.org/@babel%2fhelper-module-transforms 60ms (cache miss)
1794 silly packumentCache full:https://registry.npmjs.org/@babel%2fhelper-module-transforms set size:undefined disposed:false
1795 silly fetch manifest @babel/core@^7.0.0
1796 silly packumentCache full:https://registry.npmjs.org/@babel%2fcore cache-miss
1797 http cache https://registry.npmjs.org/@babel%2fcore 2ms (cache hit)
1798 silly packumentCache full:https://registry.npmjs.org/@babel%2fcore set size:756140 disposed:false
1799 silly placeDep ROOT @babel/code-frame@7.29.0 OK for: @babel/core@7.29.0 want: ^7.29.0
1800 silly placeDep ROOT @babel/generator@7.29.1 OK for: @babel/core@7.29.0 want: ^7.29.0
1801 silly placeDep ROOT @babel/helper-compilation-targets@7.28.6 OK for: @babel/core@7.29.0 want: ^7.28.6
1802 silly placeDep ROOT @babel/helper-module-transforms@7.28.6 OK for: @babel/core@7.29.0 want: ^7.28.6
1803 silly placeDep ROOT @babel/helpers@7.28.6 OK for: @babel/core@7.29.0 want: ^7.28.6
1804 silly placeDep ROOT @babel/template@7.28.6 OK for: @babel/core@7.29.0 want: ^7.28.6
1805 silly placeDep ROOT @babel/traverse@7.29.0 OK for: @babel/core@7.29.0 want: ^7.29.0
1806 silly placeDep ROOT @babel/types@7.29.0 OK for: @babel/core@7.29.0 want: ^7.29.0
1807 silly placeDep ROOT convert-source-map@2.0.0 OK for: @babel/core@7.29.0 want: ^2.0.0
1808 silly placeDep ROOT gensync@1.0.0-beta.2 OK for: @babel/core@7.29.0 want: ^1.0.0-beta.2
1809 silly placeDep ROOT json5@2.2.3 OK for: @babel/core@7.29.0 want: ^2.2.3
1810 silly fetch manifest js-tokens@^4.0.0
1811 silly packumentCache full:https://registry.npmjs.org/js-tokens cache-miss
1812 silly fetch manifest @babel/helper-validator-identifier@^7.28.5
1813 silly packumentCache full:https://registry.npmjs.org/@babel%2fhelper-validator-identifier cache-miss
1814 silly fetch manifest jsesc@^3.0.2
1815 silly packumentCache full:https://registry.npmjs.org/jsesc cache-miss
1816 silly fetch manifest lru-cache@^5.1.1
1817 silly packumentCache full:https://registry.npmjs.org/lru-cache cache-miss
1818 silly fetch manifest browserslist@^4.24.0
1819 silly packumentCache full:https://registry.npmjs.org/browserslist cache-miss
1820 silly fetch manifest @babel/compat-data@^7.28.6
1821 silly packumentCache full:https://registry.npmjs.org/@babel%2fcompat-data cache-miss
1822 silly fetch manifest @babel/helper-validator-option@^7.27.1
1823 silly packumentCache full:https://registry.npmjs.org/@babel%2fhelper-validator-option cache-miss
1824 http fetch GET 200 https://registry.npmjs.org/js-tokens 26ms (cache miss)
1825 silly packumentCache full:https://registry.npmjs.org/js-tokens set size:undefined disposed:false
1826 silly fetch manifest @babel/traverse@^7.28.6
1827 silly packumentCache full:https://registry.npmjs.org/@babel%2ftraverse cache-miss
1828 http cache https://registry.npmjs.org/@babel%2ftraverse 2ms (cache hit)
1829 silly packumentCache full:https://registry.npmjs.org/@babel%2ftraverse set size:546499 disposed:false
1830 silly fetch manifest @babel/helper-module-imports@^7.28.6
1831 silly packumentCache full:https://registry.npmjs.org/@babel%2fhelper-module-imports cache-miss
1832 http fetch GET 200 https://registry.npmjs.org/jsesc 32ms (cache miss)
1833 silly packumentCache full:https://registry.npmjs.org/jsesc set size:undefined disposed:false
1834 silly fetch manifest @babel/helper-validator-identifier@^7.28.5
1835 silly packumentCache full:https://registry.npmjs.org/@babel%2fhelper-validator-identifier cache-miss
1836 http fetch GET 200 https://registry.npmjs.org/browserslist 33ms (cache miss)
1837 silly packumentCache full:https://registry.npmjs.org/browserslist set size:undefined disposed:false
1838 silly fetch manifest @babel/types@^7.28.6
1839 silly packumentCache full:https://registry.npmjs.org/@babel%2ftypes cache-miss
1840 http cache https://registry.npmjs.org/@babel%2ftypes 2ms (cache hit)
1841 silly packumentCache full:https://registry.npmjs.org/@babel%2ftypes set size:485839 disposed:false
1842 silly fetch manifest @babel/helper-globals@^7.28.0
1843 silly packumentCache full:https://registry.npmjs.org/@babel%2fhelper-globals cache-miss
1844 http fetch GET 200 https://registry.npmjs.org/@babel%2fhelper-validator-identifier 39ms (cache miss)
1845 silly packumentCache full:https://registry.npmjs.org/@babel%2fhelper-validator-identifier set size:undefined disposed:false
1846 silly fetch manifest @babel/helper-string-parser@^7.27.1
1847 silly packumentCache full:https://registry.npmjs.org/@babel%2fhelper-string-parser cache-miss
1848 http fetch GET 200 https://registry.npmjs.org/@babel%2fcompat-data 40ms (cache miss)
1849 silly packumentCache full:https://registry.npmjs.org/@babel%2fcompat-data set size:undefined disposed:false
1850 http fetch GET 200 https://registry.npmjs.org/@babel%2fhelper-validator-option 42ms (cache miss)
1851 silly packumentCache full:https://registry.npmjs.org/@babel%2fhelper-validator-option set size:undefined disposed:false
1852 http fetch GET 200 https://registry.npmjs.org/lru-cache 48ms (cache miss)
1853 silly packumentCache full:https://registry.npmjs.org/lru-cache set size:undefined disposed:false
1854 http fetch GET 200 https://registry.npmjs.org/@babel%2fhelper-validator-identifier 30ms (cache miss)
1855 silly packumentCache full:https://registry.npmjs.org/@babel%2fhelper-validator-identifier set size:undefined disposed:false
1856 http fetch GET 200 https://registry.npmjs.org/@babel%2fhelper-module-imports 43ms (cache miss)
1857 silly packumentCache full:https://registry.npmjs.org/@babel%2fhelper-module-imports set size:undefined disposed:false
1858 http fetch GET 200 https://registry.npmjs.org/@babel%2fhelper-string-parser 41ms (cache miss)
1859 silly packumentCache full:https://registry.npmjs.org/@babel%2fhelper-string-parser set size:undefined disposed:false
1860 http fetch GET 200 https://registry.npmjs.org/@babel%2fhelper-globals 44ms (cache miss)
1861 silly packumentCache full:https://registry.npmjs.org/@babel%2fhelper-globals set size:undefined disposed:false
1862 silly placeDep ROOT @babel/helper-validator-identifier@7.28.5 OK for: @babel/code-frame@7.29.0 want: ^7.28.5
1863 silly placeDep ROOT js-tokens@4.0.0 OK for: @babel/code-frame@7.29.0 want: ^4.0.0
1864 silly placeDep ROOT picocolors@1.1.1 OK for: @babel/code-frame@7.29.0 want: ^1.1.1
1865 silly placeDep ROOT jsesc@3.1.0 OK for: @babel/generator@7.29.1 want: ^3.0.2
1866 silly placeDep ROOT @babel/compat-data@7.29.0 OK for: @babel/helper-compilation-targets@7.28.6 want: ^7.28.6
1867 silly placeDep ROOT @babel/helper-validator-option@7.27.1 OK for: @babel/helper-compilation-targets@7.28.6 want: ^7.27.1
1868 silly placeDep ROOT browserslist@4.28.1 OK for: @babel/helper-compilation-targets@7.28.6 want: ^4.24.0
1869 silly placeDep ROOT lru-cache@5.1.1 OK for: @babel/helper-compilation-targets@7.28.6 want: ^5.1.1
1870 silly fetch manifest baseline-browser-mapping@^2.9.0
1871 silly packumentCache full:https://registry.npmjs.org/baseline-browser-mapping cache-miss
1872 silly fetch manifest caniuse-lite@^1.0.30001759
1873 silly packumentCache full:https://registry.npmjs.org/caniuse-lite cache-miss
1874 silly fetch manifest electron-to-chromium@^1.5.263
1875 silly packumentCache full:https://registry.npmjs.org/electron-to-chromium cache-miss
1876 silly fetch manifest node-releases@^2.0.27
1877 silly packumentCache full:https://registry.npmjs.org/node-releases cache-miss
1878 silly fetch manifest update-browserslist-db@^1.2.0
1879 silly packumentCache full:https://registry.npmjs.org/update-browserslist-db cache-miss
1880 silly fetch manifest yallist@^3.0.2
1881 silly packumentCache full:https://registry.npmjs.org/yallist cache-miss
1882 http cache https://registry.npmjs.org/baseline-browser-mapping 3ms (cache hit)
1883 silly packumentCache full:https://registry.npmjs.org/baseline-browser-mapping set size:393828 disposed:false
1884 http cache https://registry.npmjs.org/caniuse-lite 7ms (cache hit)
1885 silly packumentCache full:https://registry.npmjs.org/caniuse-lite set size:2256678 disposed:false
1886 http fetch GET 200 https://registry.npmjs.org/update-browserslist-db 25ms (cache miss)
1887 silly packumentCache full:https://registry.npmjs.org/update-browserslist-db set size:undefined disposed:false
1888 http fetch GET 200 https://registry.npmjs.org/yallist 31ms (cache miss)
1889 silly packumentCache full:https://registry.npmjs.org/yallist set size:undefined disposed:false
1890 http fetch GET 200 https://registry.npmjs.org/node-releases 47ms (cache miss)
1891 silly packumentCache full:https://registry.npmjs.org/node-releases set size:undefined disposed:false
1892 http fetch GET 200 https://registry.npmjs.org/electron-to-chromium 74ms (cache miss)
1893 silly packumentCache full:https://registry.npmjs.org/electron-to-chromium set size:undefined disposed:false
1894 silly placeDep ROOT @babel/helper-module-imports@7.28.6 OK for: @babel/helper-module-transforms@7.28.6 want: ^7.28.6
1895 silly placeDep ROOT @babel/helper-globals@7.28.0 OK for: @babel/traverse@7.29.0 want: ^7.28.0
1896 silly placeDep ROOT @babel/helper-string-parser@7.27.1 OK for: @babel/types@7.29.0 want: ^7.27.1
1897 silly fetch manifest browserslist@>= 4.21.0
1898 silly packumentCache full:https://registry.npmjs.org/browserslist cache-miss
1899 http cache https://registry.npmjs.org/browserslist 3ms (cache hit)
1900 silly packumentCache full:https://registry.npmjs.org/browserslist set size:502989 disposed:false
1901 silly placeDep ROOT baseline-browser-mapping@2.10.0 OK for: browserslist@4.28.1 want: ^2.9.0
1902 silly placeDep ROOT caniuse-lite@1.0.30001772 OK for: browserslist@4.28.1 want: ^1.0.30001759
1903 silly placeDep ROOT electron-to-chromium@1.5.302 OK for: browserslist@4.28.1 want: ^1.5.263
1904 silly placeDep ROOT node-releases@2.0.27 OK for: browserslist@4.28.1 want: ^2.0.27
1905 silly placeDep ROOT update-browserslist-db@1.2.3 OK for: browserslist@4.28.1 want: ^1.2.0
1906 silly fetch manifest escalade@^3.2.0
1907 silly packumentCache full:https://registry.npmjs.org/escalade cache-miss
1908 http fetch GET 200 https://registry.npmjs.org/escalade 22ms (cache miss)
1909 silly packumentCache full:https://registry.npmjs.org/escalade set size:undefined disposed:false
1910 silly placeDep ROOT esrecurse@4.3.0 OK for: eslint-scope@8.4.0 want: ^4.3.0
1911 silly placeDep ROOT acorn@8.16.0 OK for: espree@10.4.0 want: ^8.15.0
1912 silly placeDep ROOT acorn-jsx@5.3.2 OK for: espree@10.4.0 want: ^5.3.2
1913 silly placeDep ROOT @nodelib/fs.stat@2.0.5 OK for: fast-glob@3.3.1 want: ^2.0.2
1914 silly placeDep ROOT @nodelib/fs.walk@1.2.8 OK for: fast-glob@3.3.1 want: ^1.2.3
1915 silly placeDep node_modules/fast-glob glob-parent@5.1.2 OK for: fast-glob@3.3.1 want: ^5.1.2
1916 silly placeDep ROOT merge2@1.4.1 OK for: fast-glob@3.3.1 want: ^1.3.0
1917 silly placeDep ROOT micromatch@4.0.8 OK for: fast-glob@3.3.1 want: ^4.0.4
1918 silly fetch manifest fastq@^1.6.0
1919 silly packumentCache full:https://registry.npmjs.org/fastq cache-miss
1920 silly fetch manifest @nodelib/fs.scandir@2.1.5
1921 silly packumentCache full:https://registry.npmjs.org/@nodelib%2ffs.scandir cache-miss
1922 silly fetch manifest braces@^3.0.3
1923 silly packumentCache full:https://registry.npmjs.org/braces cache-miss
1924 silly fetch manifest picomatch@^2.3.1
1925 silly packumentCache full:https://registry.npmjs.org/picomatch cache-miss
1926 http cache https://registry.npmjs.org/picomatch 2ms (cache hit)
1927 silly packumentCache full:https://registry.npmjs.org/picomatch set size:118818 disposed:false
1928 http fetch GET 200 https://registry.npmjs.org/braces 27ms (cache miss)
1929 silly packumentCache full:https://registry.npmjs.org/braces set size:undefined disposed:false
1930 http fetch GET 200 https://registry.npmjs.org/fastq 28ms (cache miss)
1931 silly packumentCache full:https://registry.npmjs.org/fastq set size:undefined disposed:false
1932 http fetch GET 200 https://registry.npmjs.org/@nodelib%2ffs.scandir 42ms (cache miss)
1933 silly packumentCache full:https://registry.npmjs.org/@nodelib%2ffs.scandir set size:undefined disposed:false
1934 silly placeDep ROOT @nodelib/fs.scandir@2.1.5 OK for: @nodelib/fs.walk@1.2.8 want: 2.1.5
1935 silly placeDep ROOT fastq@1.20.1 OK for: @nodelib/fs.walk@1.2.8 want: ^1.6.0
1936 silly fetch manifest run-parallel@^1.1.9
1937 silly packumentCache full:https://registry.npmjs.org/run-parallel cache-miss
1938 silly fetch manifest reusify@^1.0.4
1939 silly packumentCache full:https://registry.npmjs.org/reusify cache-miss
1940 http fetch GET 200 https://registry.npmjs.org/run-parallel 33ms (cache miss)
1941 silly packumentCache full:https://registry.npmjs.org/run-parallel set size:undefined disposed:false
1942 http fetch GET 200 https://registry.npmjs.org/reusify 37ms (cache miss)
1943 silly packumentCache full:https://registry.npmjs.org/reusify set size:undefined disposed:false
1944 silly placeDep ROOT run-parallel@1.2.0 OK for: @nodelib/fs.scandir@2.1.5 want: ^1.1.9
1945 silly fetch manifest queue-microtask@^1.2.2
1946 silly packumentCache full:https://registry.npmjs.org/queue-microtask cache-miss
1947 http fetch GET 200 https://registry.npmjs.org/queue-microtask 30ms (cache miss)
1948 silly packumentCache full:https://registry.npmjs.org/queue-microtask set size:undefined disposed:false
1949 silly placeDep ROOT reusify@1.1.0 OK for: fastq@1.20.1 want: ^1.0.4
1950 silly placeDep ROOT flat-cache@4.0.1 OK for: file-entry-cache@8.0.0 want: ^4.0.0
1951 silly fetch manifest keyv@^4.5.4
1952 silly packumentCache full:https://registry.npmjs.org/keyv cache-miss
1953 silly fetch manifest flatted@^3.2.9
1954 silly packumentCache full:https://registry.npmjs.org/flatted cache-miss
1955 http fetch GET 200 https://registry.npmjs.org/keyv 24ms (cache miss)
1956 silly packumentCache full:https://registry.npmjs.org/keyv set size:undefined disposed:false
1957 http fetch GET 200 https://registry.npmjs.org/flatted 26ms (cache miss)
1958 silly packumentCache full:https://registry.npmjs.org/flatted set size:undefined disposed:false
1959 silly placeDep ROOT locate-path@6.0.0 OK for: find-up@5.0.0 want: ^6.0.0
1960 silly placeDep ROOT path-exists@4.0.0 OK for: find-up@5.0.0 want: ^4.0.0
1961 silly fetch manifest p-locate@^5.0.0
1962 silly packumentCache full:https://registry.npmjs.org/p-locate cache-miss
1963 http fetch GET 200 https://registry.npmjs.org/p-locate 40ms (cache miss)
1964 silly packumentCache full:https://registry.npmjs.org/p-locate set size:undefined disposed:false
1965 silly placeDep ROOT flatted@3.3.3 OK for: flat-cache@4.0.1 want: ^3.2.9
1966 silly placeDep ROOT keyv@4.5.4 OK for: flat-cache@4.0.1 want: ^4.5.4
1967 silly fetch manifest json-buffer@3.0.1
1968 silly packumentCache full:https://registry.npmjs.org/json-buffer cache-miss
1969 http fetch GET 200 https://registry.npmjs.org/json-buffer 27ms (cache miss)
1970 silly packumentCache full:https://registry.npmjs.org/json-buffer set size:undefined disposed:false
1971 silly placeDep ROOT functions-have-names@1.2.3 OK for: function.prototype.name@1.1.8 want: ^1.2.3
1972 silly placeDep ROOT dunder-proto@1.0.1 OK for: get-proto@1.0.1 want: ^1.0.1
1973 silly placeDep ROOT resolve-pkg-maps@1.0.0 OK for: get-tsconfig@4.13.6 want: ^1.0.0
1974 silly placeDep ROOT hermes-estree@0.25.1 OK for: hermes-parser@0.25.1 want: 0.25.1
1975 silly placeDep ROOT parent-module@1.0.1 OK for: import-fresh@3.3.1 want: ^1.0.0
1976 silly placeDep ROOT resolve-from@4.0.0 OK for: import-fresh@3.3.1 want: ^4.0.0
1977 silly fetch manifest callsites@^3.0.0
1978 silly packumentCache full:https://registry.npmjs.org/callsites cache-miss
1979 http fetch GET 200 https://registry.npmjs.org/callsites 22ms (cache miss)
1980 silly packumentCache full:https://registry.npmjs.org/callsites set size:undefined disposed:false
1981 silly placeDep ROOT side-channel@1.1.0 OK for: internal-slot@1.1.0 want: ^1.1.0
1982 silly fetch manifest side-channel-list@^1.0.0
1983 silly packumentCache full:https://registry.npmjs.org/side-channel-list cache-miss
1984 silly fetch manifest side-channel-map@^1.0.1
1985 silly packumentCache full:https://registry.npmjs.org/side-channel-map cache-miss
1986 silly fetch manifest side-channel-weakmap@^1.0.2
1987 silly packumentCache full:https://registry.npmjs.org/side-channel-weakmap cache-miss
1988 http fetch GET 200 https://registry.npmjs.org/side-channel-map 24ms (cache miss)
1989 silly packumentCache full:https://registry.npmjs.org/side-channel-map set size:undefined disposed:false
1990 http fetch GET 200 https://registry.npmjs.org/side-channel-weakmap 25ms (cache miss)
1991 silly packumentCache full:https://registry.npmjs.org/side-channel-weakmap set size:undefined disposed:false
1992 http fetch GET 200 https://registry.npmjs.org/side-channel-list 30ms (cache miss)
1993 silly packumentCache full:https://registry.npmjs.org/side-channel-list set size:undefined disposed:false
1994 silly placeDep node_modules/is-bun-module semver@7.7.4 OK for: is-bun-module@2.0.0 want: ^7.7.1
1995 silly placeDep ROOT is-extglob@2.1.1 OK for: is-glob@4.0.3 want: ^2.1.1
1996 silly placeDep ROOT set-function-name@2.0.2 OK for: iterator.prototype@1.1.5 want: ^2.0.2
1997 silly placeDep ROOT argparse@2.0.1 OK for: js-yaml@4.1.1 want: ^2.0.1
1998 silly placeDep ROOT json-buffer@3.0.1 OK for: keyv@4.5.4 want: 3.0.1
1999 silly placeDep ROOT language-subtag-registry@0.3.23 OK for: language-tags@1.0.9 want: ^0.3.20
2000 silly placeDep ROOT prelude-ls@1.2.1 OK for: levn@0.4.1 want: ^1.2.1
2001 silly placeDep ROOT type-check@0.4.0 OK for: levn@0.4.1 want: ~0.4.0
2002 silly placeDep ROOT detect-libc@2.1.2 OK for: lightningcss@1.31.1 want: ^2.0.3
2003 silly placeDep ROOT lightningcss-android-arm64@1.31.1 OK for: lightningcss@1.31.1 want: 1.31.1
2004 silly placeDep ROOT lightningcss-darwin-arm64@1.31.1 OK for: lightningcss@1.31.1 want: 1.31.1
2005 silly placeDep ROOT lightningcss-darwin-x64@1.31.1 OK for: lightningcss@1.31.1 want: 1.31.1
2006 silly placeDep ROOT lightningcss-freebsd-x64@1.31.1 OK for: lightningcss@1.31.1 want: 1.31.1
2007 silly placeDep ROOT lightningcss-linux-arm-gnueabihf@1.31.1 OK for: lightningcss@1.31.1 want: 1.31.1
2008 silly placeDep ROOT lightningcss-linux-arm64-gnu@1.31.1 OK for: lightningcss@1.31.1 want: 1.31.1
2009 silly placeDep ROOT lightningcss-linux-arm64-musl@1.31.1 OK for: lightningcss@1.31.1 want: 1.31.1
2010 silly placeDep ROOT lightningcss-linux-x64-gnu@1.31.1 OK for: lightningcss@1.31.1 want: 1.31.1
2011 silly placeDep ROOT lightningcss-linux-x64-musl@1.31.1 OK for: lightningcss@1.31.1 want: 1.31.1
2012 silly placeDep ROOT lightningcss-win32-arm64-msvc@1.31.1 OK for: lightningcss@1.31.1 want: 1.31.1
2013 silly placeDep ROOT lightningcss-win32-x64-msvc@1.31.1 OK for: lightningcss@1.31.1 want: 1.31.1
2014 silly placeDep ROOT p-locate@5.0.0 OK for: locate-path@6.0.0 want: ^5.0.0
2015 silly fetch manifest p-limit@^3.0.2
2016 silly packumentCache full:https://registry.npmjs.org/p-limit cache-miss
2017 http fetch GET 200 https://registry.npmjs.org/p-limit 25ms (cache miss)
2018 silly packumentCache full:https://registry.npmjs.org/p-limit set size:undefined disposed:false
2019 silly placeDep ROOT yallist@3.1.1 OK for: lru-cache@5.1.1 want: ^3.0.2
2020 silly placeDep ROOT braces@3.0.3 OK for: micromatch@4.0.8 want: ^3.0.3
2021 silly placeDep ROOT picomatch@2.3.1 OK for: micromatch@4.0.8 want: ^2.3.1
2022 silly fetch manifest fill-range@^7.1.1
2023 silly packumentCache full:https://registry.npmjs.org/fill-range cache-miss
2024 http fetch GET 200 https://registry.npmjs.org/fill-range 29ms (cache miss)
2025 silly packumentCache full:https://registry.npmjs.org/fill-range set size:undefined disposed:false
2026 silly placeDep ROOT fill-range@7.1.1 OK for: braces@3.0.3 want: ^7.1.1
2027 silly fetch manifest to-regex-range@^5.0.1
2028 silly packumentCache full:https://registry.npmjs.org/to-regex-range cache-miss
2029 http fetch GET 200 https://registry.npmjs.org/to-regex-range 28ms (cache miss)
2030 silly packumentCache full:https://registry.npmjs.org/to-regex-range set size:undefined disposed:false
2031 silly placeDep ROOT to-regex-range@5.0.1 OK for: fill-range@7.1.1 want: ^5.0.1
2032 silly fetch manifest is-number@^7.0.0
2033 silly packumentCache full:https://registry.npmjs.org/is-number cache-miss
2034 http fetch GET 200 https://registry.npmjs.org/is-number 24ms (cache miss)
2035 silly packumentCache full:https://registry.npmjs.org/is-number set size:undefined disposed:false
2036 silly placeDep ROOT brace-expansion@1.1.12 OK for: minimatch@3.1.3 want: ^1.1.7
2037 silly fetch manifest concat-map@0.0.1
2038 silly packumentCache full:https://registry.npmjs.org/concat-map cache-miss
2039 silly fetch manifest balanced-match@^1.0.0
2040 silly packumentCache full:https://registry.npmjs.org/balanced-match cache-miss
2041 http fetch GET 200 https://registry.npmjs.org/balanced-match 25ms (cache miss)
2042 silly packumentCache full:https://registry.npmjs.org/balanced-match set size:undefined disposed:false
2043 http fetch GET 200 https://registry.npmjs.org/concat-map 25ms (cache miss)
2044 silly packumentCache full:https://registry.npmjs.org/concat-map set size:undefined disposed:false
2045 silly placeDep ROOT balanced-match@1.0.2 OK for: brace-expansion@1.1.12 want: ^1.0.0
2046 silly placeDep ROOT concat-map@0.0.1 OK for: brace-expansion@1.1.12 want: 0.0.1
2047 silly fetch manifest react@^18.2.0 || 19.0.0-rc-de68d2f4-20241204 || ^19.0.0
2048 silly packumentCache full:https://registry.npmjs.org/react cache-miss
2049 http cache https://registry.npmjs.org/react 8ms (cache hit)
2050 silly packumentCache full:https://registry.npmjs.org/react set size:6508025 disposed:false
2051 silly placeDep ROOT @next/env@16.1.6 OK for: next@16.1.6 want: 16.1.6
2052 silly placeDep ROOT @next/swc-darwin-arm64@16.1.6 OK for: next@16.1.6 want: 16.1.6
2053 silly placeDep ROOT @next/swc-darwin-x64@16.1.6 OK for: next@16.1.6 want: 16.1.6
2054 silly placeDep ROOT @next/swc-linux-arm64-gnu@16.1.6 OK for: next@16.1.6 want: 16.1.6
2055 silly placeDep ROOT @next/swc-linux-arm64-musl@16.1.6 OK for: next@16.1.6 want: 16.1.6
2056 silly placeDep ROOT @next/swc-linux-x64-gnu@16.1.6 OK for: next@16.1.6 want: 16.1.6
2057 silly placeDep ROOT @next/swc-linux-x64-musl@16.1.6 OK for: next@16.1.6 want: 16.1.6
2058 silly placeDep ROOT @next/swc-win32-arm64-msvc@16.1.6 OK for: next@16.1.6 want: 16.1.6
2059 silly placeDep ROOT @next/swc-win32-x64-msvc@16.1.6 OK for: next@16.1.6 want: 16.1.6
2060 silly placeDep ROOT @swc/helpers@0.5.15 OK for: next@16.1.6 want: 0.5.15
2061 silly placeDep node_modules/next postcss@8.4.31 OK for: next@16.1.6 want: 8.4.31
2062 silly placeDep ROOT sharp@0.34.5 OK for: next@16.1.6 want: ^0.34.4
2063 silly placeDep ROOT styled-jsx@5.1.6 OK for: next@16.1.6 want: 5.1.6
2064 silly fetch manifest tslib@^2.8.0
2065 silly packumentCache full:https://registry.npmjs.org/tslib cache-miss
2066 silly fetch manifest nanoid@^3.3.6
2067 silly packumentCache full:https://registry.npmjs.org/nanoid cache-miss
2068 silly fetch manifest semver@^7.7.3
2069 silly packumentCache full:https://registry.npmjs.org/semver cache-hit
2070 silly fetch manifest @img/colour@^1.0.0
2071 silly packumentCache full:https://registry.npmjs.org/@img%2fcolour cache-miss
2072 silly fetch manifest @img/sharp-wasm32@0.34.5
2073 silly packumentCache full:https://registry.npmjs.org/@img%2fsharp-wasm32 cache-miss
2074 silly fetch manifest @img/sharp-linux-arm@0.34.5
2075 silly packumentCache full:https://registry.npmjs.org/@img%2fsharp-linux-arm cache-miss
2076 silly fetch manifest @img/sharp-linux-x64@0.34.5
2077 silly packumentCache full:https://registry.npmjs.org/@img%2fsharp-linux-x64 cache-miss
2078 silly fetch manifest @img/sharp-win32-x64@0.34.5
2079 silly packumentCache full:https://registry.npmjs.org/@img%2fsharp-win32-x64 cache-miss
2080 http cache https://registry.npmjs.org/nanoid 3ms (cache hit)
2081 silly packumentCache full:https://registry.npmjs.org/nanoid set size:298419 disposed:false
2082 silly fetch manifest @img/sharp-darwin-x64@0.34.5
2083 silly packumentCache full:https://registry.npmjs.org/@img%2fsharp-darwin-x64 cache-miss
2084 http fetch GET 200 https://registry.npmjs.org/tslib 29ms (cache miss)
2085 silly packumentCache full:https://registry.npmjs.org/tslib set size:undefined disposed:false
2086 silly fetch manifest @img/sharp-win32-ia32@0.34.5
2087 silly packumentCache full:https://registry.npmjs.org/@img%2fsharp-win32-ia32 cache-miss
2088 http fetch GET 200 https://registry.npmjs.org/@img%2fsharp-linux-x64 37ms (cache miss)
2089 silly packumentCache full:https://registry.npmjs.org/@img%2fsharp-linux-x64 set size:undefined disposed:false
2090 silly fetch manifest @img/sharp-linux-arm64@0.34.5
2091 silly packumentCache full:https://registry.npmjs.org/@img%2fsharp-linux-arm64 cache-miss
2092 http fetch GET 200 https://registry.npmjs.org/@img%2fcolour 38ms (cache miss)
2093 silly packumentCache full:https://registry.npmjs.org/@img%2fcolour set size:undefined disposed:false
2094 silly fetch manifest @img/sharp-linux-ppc64@0.34.5
2095 silly packumentCache full:https://registry.npmjs.org/@img%2fsharp-linux-ppc64 cache-miss
2096 http fetch GET 200 https://registry.npmjs.org/@img%2fsharp-win32-x64 40ms (cache miss)
2097 silly packumentCache full:https://registry.npmjs.org/@img%2fsharp-win32-x64 set size:undefined disposed:false
2098 silly fetch manifest @img/sharp-linux-s390x@0.34.5
2099 silly packumentCache full:https://registry.npmjs.org/@img%2fsharp-linux-s390x cache-miss
2100 http fetch GET 200 https://registry.npmjs.org/@img%2fsharp-linux-arm 41ms (cache miss)
2101 silly packumentCache full:https://registry.npmjs.org/@img%2fsharp-linux-arm set size:undefined disposed:false
2102 silly fetch manifest @img/sharp-win32-arm64@0.34.5
2103 silly packumentCache full:https://registry.npmjs.org/@img%2fsharp-win32-arm64 cache-miss
2104 http fetch GET 200 https://registry.npmjs.org/@img%2fsharp-wasm32 42ms (cache miss)
2105 silly packumentCache full:https://registry.npmjs.org/@img%2fsharp-wasm32 set size:undefined disposed:false
2106 silly fetch manifest @img/sharp-darwin-arm64@0.34.5
2107 silly packumentCache full:https://registry.npmjs.org/@img%2fsharp-darwin-arm64 cache-miss
2108 http fetch GET 200 https://registry.npmjs.org/@img%2fsharp-darwin-x64 38ms (cache miss)
2109 silly packumentCache full:https://registry.npmjs.org/@img%2fsharp-darwin-x64 set size:undefined disposed:false
2110 silly fetch manifest @img/sharp-linux-riscv64@0.34.5
2111 silly packumentCache full:https://registry.npmjs.org/@img%2fsharp-linux-riscv64 cache-miss
2112 http fetch GET 200 https://registry.npmjs.org/@img%2fsharp-win32-ia32 35ms (cache miss)
2113 silly packumentCache full:https://registry.npmjs.org/@img%2fsharp-win32-ia32 set size:undefined disposed:false
2114 silly fetch manifest @img/sharp-linuxmusl-x64@0.34.5
2115 silly packumentCache full:https://registry.npmjs.org/@img%2fsharp-linuxmusl-x64 cache-miss
2116 http fetch GET 200 https://registry.npmjs.org/@img%2fsharp-linux-arm64 34ms (cache miss)
2117 silly packumentCache full:https://registry.npmjs.org/@img%2fsharp-linux-arm64 set size:undefined disposed:false
2118 silly fetch manifest @img/sharp-linuxmusl-arm64@0.34.5
2119 silly packumentCache full:https://registry.npmjs.org/@img%2fsharp-linuxmusl-arm64 cache-miss
2120 http fetch GET 200 https://registry.npmjs.org/@img%2fsharp-linux-s390x 33ms (cache miss)
2121 silly packumentCache full:https://registry.npmjs.org/@img%2fsharp-linux-s390x set size:undefined disposed:false
2122 silly fetch manifest @img/sharp-libvips-linux-arm@1.2.4
2123 silly packumentCache full:https://registry.npmjs.org/@img%2fsharp-libvips-linux-arm cache-miss
2124 http fetch GET 200 https://registry.npmjs.org/@img%2fsharp-linux-riscv64 33ms (cache miss)
2125 silly packumentCache full:https://registry.npmjs.org/@img%2fsharp-linux-riscv64 set size:undefined disposed:false
2126 silly fetch manifest @img/sharp-libvips-linux-x64@1.2.4
2127 silly packumentCache full:https://registry.npmjs.org/@img%2fsharp-libvips-linux-x64 cache-miss
2128 http fetch GET 200 https://registry.npmjs.org/@img%2fsharp-darwin-arm64 35ms (cache miss)
2129 silly packumentCache full:https://registry.npmjs.org/@img%2fsharp-darwin-arm64 set size:undefined disposed:false
2130 silly fetch manifest @img/sharp-libvips-darwin-x64@1.2.4
2131 silly packumentCache full:https://registry.npmjs.org/@img%2fsharp-libvips-darwin-x64 cache-miss
2132 http fetch GET 200 https://registry.npmjs.org/@img%2fsharp-win32-arm64 56ms (cache miss)
2133 silly packumentCache full:https://registry.npmjs.org/@img%2fsharp-win32-arm64 set size:undefined disposed:false
2134 silly fetch manifest @img/sharp-libvips-linux-arm64@1.2.4
2135 silly packumentCache full:https://registry.npmjs.org/@img%2fsharp-libvips-linux-arm64 cache-miss
2136 http fetch GET 200 https://registry.npmjs.org/@img%2fsharp-linuxmusl-x64 35ms (cache miss)
2137 silly packumentCache full:https://registry.npmjs.org/@img%2fsharp-linuxmusl-x64 set size:undefined disposed:false
2138 silly fetch manifest @img/sharp-libvips-linux-ppc64@1.2.4
2139 silly packumentCache full:https://registry.npmjs.org/@img%2fsharp-libvips-linux-ppc64 cache-miss
2140 http fetch GET 200 https://registry.npmjs.org/@img%2fsharp-linuxmusl-arm64 40ms (cache miss)
2141 silly packumentCache full:https://registry.npmjs.org/@img%2fsharp-linuxmusl-arm64 set size:undefined disposed:false
2142 silly fetch manifest @img/sharp-libvips-linux-s390x@1.2.4
2143 silly packumentCache full:https://registry.npmjs.org/@img%2fsharp-libvips-linux-s390x cache-miss
2144 http fetch GET 200 https://registry.npmjs.org/@img%2fsharp-libvips-darwin-x64 36ms (cache miss)
2145 silly packumentCache full:https://registry.npmjs.org/@img%2fsharp-libvips-darwin-x64 set size:undefined disposed:false
2146 silly fetch manifest @img/sharp-libvips-darwin-arm64@1.2.4
2147 silly packumentCache full:https://registry.npmjs.org/@img%2fsharp-libvips-darwin-arm64 cache-miss
2148 http fetch GET 200 https://registry.npmjs.org/@img%2fsharp-libvips-linux-arm64 34ms (cache miss)
2149 silly packumentCache full:https://registry.npmjs.org/@img%2fsharp-libvips-linux-arm64 set size:undefined disposed:false
2150 silly fetch manifest @img/sharp-libvips-linux-riscv64@1.2.4
2151 silly packumentCache full:https://registry.npmjs.org/@img%2fsharp-libvips-linux-riscv64 cache-miss
2152 http fetch GET 200 https://registry.npmjs.org/@img%2fsharp-libvips-linux-x64 57ms (cache miss)
2153 silly packumentCache full:https://registry.npmjs.org/@img%2fsharp-libvips-linux-x64 set size:undefined disposed:false
2154 silly fetch manifest @img/sharp-libvips-linuxmusl-x64@1.2.4
2155 silly packumentCache full:https://registry.npmjs.org/@img%2fsharp-libvips-linuxmusl-x64 cache-miss
2156 http fetch GET 200 https://registry.npmjs.org/@img%2fsharp-libvips-linux-arm 65ms (cache miss)
2157 silly packumentCache full:https://registry.npmjs.org/@img%2fsharp-libvips-linux-arm set size:undefined disposed:false
2158 silly fetch manifest @img/sharp-libvips-linuxmusl-arm64@1.2.4
2159 silly packumentCache full:https://registry.npmjs.org/@img%2fsharp-libvips-linuxmusl-arm64 cache-miss
2160 http fetch GET 200 https://registry.npmjs.org/@img%2fsharp-libvips-darwin-arm64 36ms (cache miss)
2161 silly packumentCache full:https://registry.npmjs.org/@img%2fsharp-libvips-darwin-arm64 set size:undefined disposed:false
2162 silly fetch manifest client-only@0.0.1
2163 silly packumentCache full:https://registry.npmjs.org/client-only cache-miss
2164 http fetch GET 200 https://registry.npmjs.org/@img%2fsharp-libvips-linux-s390x 41ms (cache miss)
2165 silly packumentCache full:https://registry.npmjs.org/@img%2fsharp-libvips-linux-s390x set size:undefined disposed:false
2166 http fetch GET 200 https://registry.npmjs.org/@img%2fsharp-libvips-linuxmusl-x64 33ms (cache miss)
2167 silly packumentCache full:https://registry.npmjs.org/@img%2fsharp-libvips-linuxmusl-x64 set size:undefined disposed:false
2168 http fetch GET 200 https://registry.npmjs.org/@img%2fsharp-libvips-linuxmusl-arm64 32ms (cache miss)
2169 silly packumentCache full:https://registry.npmjs.org/@img%2fsharp-libvips-linuxmusl-arm64 set size:undefined disposed:false
2170 http fetch GET 200 https://registry.npmjs.org/client-only 22ms (cache miss)
2171 silly packumentCache full:https://registry.npmjs.org/client-only set size:undefined disposed:false
2172 http fetch GET 200 https://registry.npmjs.org/@img%2fsharp-libvips-linux-ppc64 201ms (cache miss)
2173 silly packumentCache full:https://registry.npmjs.org/@img%2fsharp-libvips-linux-ppc64 set size:undefined disposed:false
2174 http fetch GET 200 https://registry.npmjs.org/@img%2fsharp-libvips-linux-riscv64 211ms (cache miss)
2175 silly packumentCache full:https://registry.npmjs.org/@img%2fsharp-libvips-linux-riscv64 set size:undefined disposed:false
2176 http fetch GET 200 https://registry.npmjs.org/@img%2fsharp-linux-ppc64 595ms (cache miss)
2177 silly packumentCache full:https://registry.npmjs.org/@img%2fsharp-linux-ppc64 set size:undefined disposed:false
2178 silly placeDep ROOT tslib@2.8.1 OK for: @swc/helpers@0.5.15 want: ^2.8.0
2179 silly placeDep ROOT deep-is@0.1.4 OK for: optionator@0.9.4 want: ^0.1.3
2180 silly placeDep ROOT fast-levenshtein@2.0.6 OK for: optionator@0.9.4 want: ^2.0.6
2181 silly placeDep ROOT word-wrap@1.2.5 OK for: optionator@0.9.4 want: ^1.2.5
2182 silly placeDep ROOT p-limit@3.1.0 OK for: p-locate@5.0.0 want: ^3.0.2
2183 silly fetch manifest yocto-queue@^0.1.0
2184 silly packumentCache full:https://registry.npmjs.org/yocto-queue cache-miss
2185 http fetch GET 200 https://registry.npmjs.org/yocto-queue 33ms (cache miss)
2186 silly packumentCache full:https://registry.npmjs.org/yocto-queue set size:undefined disposed:false
2187 silly placeDep ROOT yocto-queue@0.1.0 OK for: p-limit@3.1.0 want: ^0.1.0
2188 silly placeDep ROOT callsites@3.1.0 OK for: parent-module@1.0.1 want: ^3.0.0
2189 silly placeDep ROOT nanoid@3.3.11 OK for: postcss@8.5.6 want: ^3.3.11
2190 silly placeDep ROOT loose-envify@1.4.0 OK for: prop-types@15.8.1 want: ^1.4.0
2191 silly placeDep ROOT object-assign@4.1.1 OK for: prop-types@15.8.1 want: ^4.1.1
2192 silly placeDep ROOT react-is@16.13.1 OK for: prop-types@15.8.1 want: ^16.13.1
2193 silly placeDep ROOT scheduler@0.27.0 OK for: react-dom@19.2.3 want: ^0.27.0
2194 silly placeDep ROOT path-parse@1.0.7 OK for: resolve@1.22.11 want: ^1.0.7
2195 silly placeDep ROOT supports-preserve-symlinks-flag@1.0.0 OK for: resolve@1.22.11 want: ^1.0.0
2196 silly placeDep ROOT queue-microtask@1.2.3 OK for: run-parallel@1.2.0 want: ^1.2.2
2197 silly placeDep ROOT isarray@2.0.5 OK for: safe-array-concat@1.1.3 want: ^2.0.5
2198 silly placeDep ROOT @img/colour@1.0.0 OK for: sharp@0.34.5 want: ^1.0.0
2199 silly placeDep ROOT @img/sharp-darwin-arm64@0.34.5 OK for: sharp@0.34.5 want: 0.34.5
2200 silly placeDep ROOT @img/sharp-darwin-x64@0.34.5 OK for: sharp@0.34.5 want: 0.34.5
2201 silly placeDep ROOT @img/sharp-libvips-darwin-arm64@1.2.4 OK for: sharp@0.34.5 want: 1.2.4
2202 silly placeDep ROOT @img/sharp-libvips-darwin-x64@1.2.4 OK for: sharp@0.34.5 want: 1.2.4
2203 silly placeDep ROOT @img/sharp-libvips-linux-arm@1.2.4 OK for: sharp@0.34.5 want: 1.2.4
2204 silly placeDep ROOT @img/sharp-libvips-linux-arm64@1.2.4 OK for: sharp@0.34.5 want: 1.2.4
2205 silly placeDep ROOT @img/sharp-libvips-linux-ppc64@1.2.4 OK for: sharp@0.34.5 want: 1.2.4
2206 silly placeDep ROOT @img/sharp-libvips-linux-riscv64@1.2.4 OK for: sharp@0.34.5 want: 1.2.4
2207 silly placeDep ROOT @img/sharp-libvips-linux-s390x@1.2.4 OK for: sharp@0.34.5 want: 1.2.4
2208 silly placeDep ROOT @img/sharp-libvips-linux-x64@1.2.4 OK for: sharp@0.34.5 want: 1.2.4
2209 silly placeDep ROOT @img/sharp-libvips-linuxmusl-arm64@1.2.4 OK for: sharp@0.34.5 want: 1.2.4
2210 silly placeDep ROOT @img/sharp-libvips-linuxmusl-x64@1.2.4 OK for: sharp@0.34.5 want: 1.2.4
2211 silly placeDep ROOT @img/sharp-linux-arm@0.34.5 OK for: sharp@0.34.5 want: 0.34.5
2212 silly placeDep ROOT @img/sharp-linux-arm64@0.34.5 OK for: sharp@0.34.5 want: 0.34.5
2213 silly placeDep ROOT @img/sharp-linux-ppc64@0.34.5 OK for: sharp@0.34.5 want: 0.34.5
2214 silly placeDep ROOT @img/sharp-linux-riscv64@0.34.5 OK for: sharp@0.34.5 want: 0.34.5
2215 silly placeDep ROOT @img/sharp-linux-s390x@0.34.5 OK for: sharp@0.34.5 want: 0.34.5
2216 silly placeDep ROOT @img/sharp-linux-x64@0.34.5 OK for: sharp@0.34.5 want: 0.34.5
2217 silly placeDep ROOT @img/sharp-linuxmusl-arm64@0.34.5 OK for: sharp@0.34.5 want: 0.34.5
2218 silly placeDep ROOT @img/sharp-linuxmusl-x64@0.34.5 OK for: sharp@0.34.5 want: 0.34.5
2219 silly placeDep ROOT @img/sharp-wasm32@0.34.5 OK for: sharp@0.34.5 want: 0.34.5
2220 silly placeDep ROOT @img/sharp-win32-arm64@0.34.5 OK for: sharp@0.34.5 want: 0.34.5
2221 silly placeDep ROOT @img/sharp-win32-ia32@0.34.5 OK for: sharp@0.34.5 want: 0.34.5
2222 silly placeDep ROOT @img/sharp-win32-x64@0.34.5 OK for: sharp@0.34.5 want: 0.34.5
2223 silly placeDep node_modules/sharp semver@7.7.4 OK for: sharp@0.34.5 want: ^7.7.3
2224 silly fetch manifest @emnapi/runtime@^1.7.0
2225 silly packumentCache full:https://registry.npmjs.org/@emnapi%2fruntime cache-miss
2226 http fetch GET 200 https://registry.npmjs.org/@emnapi%2fruntime 41ms (cache miss)
2227 silly packumentCache full:https://registry.npmjs.org/@emnapi%2fruntime set size:undefined disposed:false
2228 silly placeDep ROOT @emnapi/runtime@1.8.1 OK for: @img/sharp-wasm32@0.34.5 want: ^1.7.0
2229 silly placeDep ROOT shebang-regex@3.0.0 OK for: shebang-command@2.0.0 want: ^3.0.0
2230 silly placeDep ROOT side-channel-list@1.0.0 OK for: side-channel@1.1.0 want: ^1.0.0
2231 silly placeDep ROOT side-channel-map@1.0.1 OK for: side-channel@1.1.0 want: ^1.0.1
2232 silly placeDep ROOT side-channel-weakmap@1.0.2 OK for: side-channel@1.1.0 want: ^1.0.2
2233 silly placeDep ROOT client-only@0.0.1 OK for: styled-jsx@5.1.6 want: 0.0.1
2234 silly placeDep ROOT has-flag@4.0.0 OK for: supports-color@7.2.0 want: ^4.0.0
2235 silly placeDep node_modules/tinyglobby fdir@6.5.0 OK for: tinyglobby@0.2.15 want: ^6.5.0
2236 silly placeDep node_modules/tinyglobby picomatch@4.0.3 OK for: fdir@6.5.0 want: ^3 || ^4
2237 silly placeDep ROOT is-number@7.0.0 OK for: to-regex-range@5.0.1 want: ^7.0.0
2238 silly placeDep ROOT @types/json5@0.0.29 OK for: tsconfig-paths@3.15.0 want: ^0.0.29
2239 silly placeDep node_modules/tsconfig-paths json5@1.0.2 OK for: tsconfig-paths@3.15.0 want: ^1.0.2
2240 silly placeDep ROOT minimist@1.2.8 OK for: tsconfig-paths@3.15.0 want: ^1.2.6
2241 silly placeDep ROOT strip-bom@3.0.0 OK for: tsconfig-paths@3.15.0 want: ^3.0.0
2242 silly fetch manifest minimist@^1.2.0
2243 silly packumentCache full:https://registry.npmjs.org/minimist cache-miss
2244 http cache https://registry.npmjs.org/minimist 2ms (cache hit)
2245 silly packumentCache full:https://registry.npmjs.org/minimist set size:77082 disposed:false
2246 silly placeDep ROOT for-each@0.3.5 OK for: typed-array-byte-length@1.0.3 want: ^0.3.3
2247 silly placeDep ROOT reflect.getprototypeof@1.0.10 OK for: typed-array-byte-offset@1.0.4 want: ^1.0.9
2248 silly fetch manifest which-builtin-type@^1.2.1
2249 silly packumentCache full:https://registry.npmjs.org/which-builtin-type cache-miss
2250 http fetch GET 200 https://registry.npmjs.org/which-builtin-type 25ms (cache miss)
2251 silly packumentCache full:https://registry.npmjs.org/which-builtin-type set size:undefined disposed:false
2252 silly placeDep ROOT which-builtin-type@1.2.1 OK for: reflect.getprototypeof@1.0.10 want: ^1.2.1
2253 silly fetch manifest is-async-function@^2.0.0
2254 silly packumentCache full:https://registry.npmjs.org/is-async-function cache-miss
2255 silly fetch manifest is-finalizationregistry@^1.1.0
2256 silly packumentCache full:https://registry.npmjs.org/is-finalizationregistry cache-miss
2257 silly fetch manifest is-generator-function@^1.0.10
2258 silly packumentCache full:https://registry.npmjs.org/is-generator-function cache-miss
2259 silly fetch manifest which-boxed-primitive@^1.1.0
2260 silly packumentCache full:https://registry.npmjs.org/which-boxed-primitive cache-miss
2261 silly fetch manifest which-collection@^1.0.2
2262 silly packumentCache full:https://registry.npmjs.org/which-collection cache-miss
2263 http cache https://registry.npmjs.org/which-boxed-primitive 2ms (cache hit)
2264 silly packumentCache full:https://registry.npmjs.org/which-boxed-primitive set size:19407 disposed:false
2265 http fetch GET 200 https://registry.npmjs.org/is-async-function 26ms (cache miss)
2266 silly packumentCache full:https://registry.npmjs.org/is-async-function set size:undefined disposed:false
2267 http fetch GET 200 https://registry.npmjs.org/which-collection 28ms (cache miss)
2268 silly packumentCache full:https://registry.npmjs.org/which-collection set size:undefined disposed:false
2269 http fetch GET 200 https://registry.npmjs.org/is-generator-function 29ms (cache miss)
2270 silly packumentCache full:https://registry.npmjs.org/is-generator-function set size:undefined disposed:false
2271 http fetch GET 200 https://registry.npmjs.org/is-finalizationregistry 29ms (cache miss)
2272 silly packumentCache full:https://registry.npmjs.org/is-finalizationregistry set size:undefined disposed:false
2273 silly fetch manifest eslint@^8.57.0 || ^9.0.0 || ^10.0.0
2274 silly packumentCache full:https://registry.npmjs.org/eslint cache-miss
2275 http cache https://registry.npmjs.org/eslint 2ms (cache hit)
2276 silly packumentCache full:https://registry.npmjs.org/eslint set size:1942719 disposed:false
2277 silly fetch manifest typescript@>=4.8.4 <6.0.0
2278 silly packumentCache full:https://registry.npmjs.org/typescript cache-miss
2279 http cache https://registry.npmjs.org/typescript 14ms (cache hit)
2280 silly packumentCache full:https://registry.npmjs.org/typescript set size:15276399 disposed:false
2281 silly placeDep ROOT @typescript-eslint/eslint-plugin@8.56.0 OK for: typescript-eslint@8.56.0 want: 8.56.0
2282 silly placeDep ROOT @typescript-eslint/parser@8.56.0 OK for: @typescript-eslint/eslint-plugin@8.56.0 want: ^8.56.0
2283 silly placeDep ROOT @typescript-eslint/typescript-estree@8.56.0 OK for: typescript-eslint@8.56.0 want: 8.56.0
2284 silly placeDep ROOT @typescript-eslint/utils@8.56.0 OK for: typescript-eslint@8.56.0 want: 8.56.0
2285 silly fetch manifest ignore@^7.0.5
2286 silly packumentCache full:https://registry.npmjs.org/ignore cache-miss
2287 silly fetch manifest ts-api-utils@^2.4.0
2288 silly packumentCache full:https://registry.npmjs.org/ts-api-utils cache-miss
2289 silly fetch manifest @typescript-eslint/type-utils@8.56.0
2290 silly packumentCache full:https://registry.npmjs.org/@typescript-eslint%2ftype-utils cache-miss
2291 silly fetch manifest @typescript-eslint/visitor-keys@8.56.0
2292 silly packumentCache full:https://registry.npmjs.org/@typescript-eslint%2fvisitor-keys cache-miss
2293 silly fetch manifest @typescript-eslint/scope-manager@8.56.0
2294 silly packumentCache full:https://registry.npmjs.org/@typescript-eslint%2fscope-manager cache-miss
2295 silly fetch manifest @typescript-eslint/types@8.56.0
2296 silly packumentCache full:https://registry.npmjs.org/@typescript-eslint%2ftypes cache-miss
2297 silly fetch manifest @typescript-eslint/visitor-keys@8.56.0
2298 silly packumentCache full:https://registry.npmjs.org/@typescript-eslint%2fvisitor-keys cache-miss
2299 http cache https://registry.npmjs.org/ignore 7ms (cache hit)
2300 silly packumentCache full:https://registry.npmjs.org/ignore set size:237380 disposed:false
2301 silly fetch manifest @typescript-eslint/scope-manager@8.56.0
2302 silly packumentCache full:https://registry.npmjs.org/@typescript-eslint%2fscope-manager cache-miss
2303 http fetch GET 200 https://registry.npmjs.org/ts-api-utils 25ms (cache miss)
2304 silly packumentCache full:https://registry.npmjs.org/ts-api-utils set size:undefined disposed:false
2305 silly fetch manifest minimatch@^9.0.5
2306 silly packumentCache full:https://registry.npmjs.org/minimatch cache-miss
2307 http cache https://registry.npmjs.org/minimatch 2ms (cache hit)
2308 silly packumentCache full:https://registry.npmjs.org/minimatch set size:313826 disposed:false
2309 silly fetch manifest @typescript-eslint/types@8.56.0
2310 silly packumentCache full:https://registry.npmjs.org/@typescript-eslint%2ftypes cache-miss
2311 http fetch GET 200 https://registry.npmjs.org/@typescript-eslint%2ftype-utils 228ms (cache miss)
2312 silly packumentCache full:https://registry.npmjs.org/@typescript-eslint%2ftype-utils set size:undefined disposed:false
2313 silly fetch manifest @typescript-eslint/visitor-keys@8.56.0
2314 silly packumentCache full:https://registry.npmjs.org/@typescript-eslint%2fvisitor-keys cache-miss
2315 http fetch GET 200 https://registry.npmjs.org/@typescript-eslint%2fvisitor-keys 360ms (cache miss)
2316 silly packumentCache full:https://registry.npmjs.org/@typescript-eslint%2fvisitor-keys set size:undefined disposed:false
2317 silly fetch manifest @typescript-eslint/tsconfig-utils@8.56.0
2318 silly packumentCache full:https://registry.npmjs.org/@typescript-eslint%2ftsconfig-utils cache-miss
2319 http fetch GET 200 https://registry.npmjs.org/@typescript-eslint%2ftypes 387ms (cache miss)
2320 silly packumentCache full:https://registry.npmjs.org/@typescript-eslint%2ftypes set size:undefined disposed:false
2321 silly fetch manifest @typescript-eslint/project-service@8.56.0
2322 silly packumentCache full:https://registry.npmjs.org/@typescript-eslint%2fproject-service cache-miss
2323 http fetch GET 200 https://registry.npmjs.org/@typescript-eslint%2fvisitor-keys 449ms (cache miss)
2324 silly packumentCache full:https://registry.npmjs.org/@typescript-eslint%2fvisitor-keys set size:undefined disposed:false
2325 silly fetch manifest @typescript-eslint/scope-manager@8.56.0
2326 silly packumentCache full:https://registry.npmjs.org/@typescript-eslint%2fscope-manager cache-miss
2327 http fetch GET 200 https://registry.npmjs.org/@typescript-eslint%2ftypes 487ms (cache miss)
2328 silly packumentCache full:https://registry.npmjs.org/@typescript-eslint%2ftypes set size:undefined disposed:false
2329 http fetch GET 200 https://registry.npmjs.org/@typescript-eslint%2fscope-manager 521ms (cache miss)
2330 silly packumentCache full:https://registry.npmjs.org/@typescript-eslint%2fscope-manager set size:undefined disposed:false
2331 http fetch GET 200 https://registry.npmjs.org/@typescript-eslint%2ftsconfig-utils 179ms (cache miss)
2332 silly packumentCache full:https://registry.npmjs.org/@typescript-eslint%2ftsconfig-utils set size:undefined disposed:false
2333 http fetch GET 200 https://registry.npmjs.org/@typescript-eslint%2fscope-manager 560ms (cache miss)
2334 silly packumentCache full:https://registry.npmjs.org/@typescript-eslint%2fscope-manager set size:undefined disposed:false
2335 http fetch GET 200 https://registry.npmjs.org/@typescript-eslint%2fproject-service 153ms (cache miss)
2336 silly packumentCache full:https://registry.npmjs.org/@typescript-eslint%2fproject-service set size:undefined disposed:false
2337 http fetch GET 200 https://registry.npmjs.org/@typescript-eslint%2fvisitor-keys 377ms (cache miss)
2338 silly packumentCache full:https://registry.npmjs.org/@typescript-eslint%2fvisitor-keys set size:undefined disposed:false
2339 http fetch GET 200 https://registry.npmjs.org/@typescript-eslint%2fscope-manager 200ms (cache miss)
2340 silly packumentCache full:https://registry.npmjs.org/@typescript-eslint%2fscope-manager set size:undefined disposed:false
2341 silly placeDep ROOT @typescript-eslint/scope-manager@8.56.0 OK for: @typescript-eslint/eslint-plugin@8.56.0 want: 8.56.0
2342 silly placeDep ROOT @typescript-eslint/type-utils@8.56.0 OK for: @typescript-eslint/eslint-plugin@8.56.0 want: 8.56.0
2343 silly placeDep ROOT @typescript-eslint/visitor-keys@8.56.0 OK for: @typescript-eslint/eslint-plugin@8.56.0 want: 8.56.0
2344 silly placeDep node_modules/@typescript-eslint/eslint-plugin ignore@7.0.5 OK for: @typescript-eslint/eslint-plugin@8.56.0 want: ^7.0.5
2345 silly placeDep ROOT ts-api-utils@2.4.0 OK for: @typescript-eslint/eslint-plugin@8.56.0 want: ^2.4.0
2346 silly fetch manifest eslint-visitor-keys@^5.0.0
2347 silly packumentCache full:https://registry.npmjs.org/eslint-visitor-keys cache-hit
2348 silly placeDep ROOT @typescript-eslint/types@8.56.0 OK for: @typescript-eslint/parser@8.56.0 want: 8.56.0
2349 silly placeDep ROOT @typescript-eslint/project-service@8.56.0 OK for: @typescript-eslint/typescript-estree@8.56.0 want: 8.56.0
2350 silly placeDep ROOT @typescript-eslint/tsconfig-utils@8.56.0 OK for: @typescript-eslint/typescript-estree@8.56.0 want: 8.56.0
2351 silly placeDep node_modules/@typescript-eslint/typescript-estree minimatch@9.0.6 OK for: @typescript-eslint/typescript-estree@8.56.0 want: ^9.0.5
2352 silly placeDep node_modules/@typescript-eslint/typescript-estree semver@7.7.4 OK for: @typescript-eslint/typescript-estree@8.56.0 want: ^7.7.3
2353 silly fetch manifest @typescript-eslint/tsconfig-utils@^8.56.0
2354 silly packumentCache full:https://registry.npmjs.org/@typescript-eslint%2ftsconfig-utils cache-miss
2355 silly fetch manifest brace-expansion@^5.0.2
2356 silly packumentCache full:https://registry.npmjs.org/brace-expansion cache-miss
2357 http cache https://registry.npmjs.org/brace-expansion 11ms (cache hit)
2358 silly packumentCache full:https://registry.npmjs.org/brace-expansion set size:51042 disposed:false
2359 http cache https://registry.npmjs.org/@typescript-eslint%2ftsconfig-utils 13ms (cache hit)
2360 silly packumentCache full:https://registry.npmjs.org/@typescript-eslint%2ftsconfig-utils set size:900219 disposed:false
2361 silly placeDep node_modules/@typescript-eslint/visitor-keys eslint-visitor-keys@5.0.1 OK for: @typescript-eslint/visitor-keys@8.56.0 want: ^5.0.0
2362 silly placeDep ROOT has-bigints@1.1.0 OK for: unbox-primitive@1.1.0 want: ^1.0.2
2363 silly placeDep ROOT which-boxed-primitive@1.1.1 OK for: unbox-primitive@1.1.0 want: ^1.1.1
2364 silly fetch manifest is-bigint@^1.1.0
2365 silly packumentCache full:https://registry.npmjs.org/is-bigint cache-miss
2366 silly fetch manifest is-boolean-object@^1.2.1
2367 silly packumentCache full:https://registry.npmjs.org/is-boolean-object cache-miss
2368 silly fetch manifest is-number-object@^1.1.1
2369 silly packumentCache full:https://registry.npmjs.org/is-number-object cache-miss
2370 http fetch GET 200 https://registry.npmjs.org/is-number-object 23ms (cache miss)
2371 silly packumentCache full:https://registry.npmjs.org/is-number-object set size:undefined disposed:false
2372 http fetch GET 200 https://registry.npmjs.org/is-bigint 29ms (cache miss)
2373 silly packumentCache full:https://registry.npmjs.org/is-bigint set size:undefined disposed:false
2374 http fetch GET 200 https://registry.npmjs.org/is-boolean-object 37ms (cache miss)
2375 silly packumentCache full:https://registry.npmjs.org/is-boolean-object set size:undefined disposed:false
2376 silly placeDep ROOT @unrs/resolver-binding-android-arm-eabi@1.11.1 OK for: unrs-resolver@1.11.1 want: 1.11.1
2377 silly placeDep ROOT @unrs/resolver-binding-android-arm64@1.11.1 OK for: unrs-resolver@1.11.1 want: 1.11.1
2378 silly placeDep ROOT @unrs/resolver-binding-darwin-arm64@1.11.1 OK for: unrs-resolver@1.11.1 want: 1.11.1
2379 silly placeDep ROOT @unrs/resolver-binding-darwin-x64@1.11.1 OK for: unrs-resolver@1.11.1 want: 1.11.1
2380 silly placeDep ROOT @unrs/resolver-binding-freebsd-x64@1.11.1 OK for: unrs-resolver@1.11.1 want: 1.11.1
2381 silly placeDep ROOT @unrs/resolver-binding-linux-arm-gnueabihf@1.11.1 OK for: unrs-resolver@1.11.1 want: 1.11.1
2382 silly placeDep ROOT @unrs/resolver-binding-linux-arm-musleabihf@1.11.1 OK for: unrs-resolver@1.11.1 want: 1.11.1
2383 silly placeDep ROOT @unrs/resolver-binding-linux-arm64-gnu@1.11.1 OK for: unrs-resolver@1.11.1 want: 1.11.1
2384 silly placeDep ROOT @unrs/resolver-binding-linux-arm64-musl@1.11.1 OK for: unrs-resolver@1.11.1 want: 1.11.1
2385 silly placeDep ROOT @unrs/resolver-binding-linux-ppc64-gnu@1.11.1 OK for: unrs-resolver@1.11.1 want: 1.11.1
2386 silly placeDep ROOT @unrs/resolver-binding-linux-riscv64-gnu@1.11.1 OK for: unrs-resolver@1.11.1 want: 1.11.1
2387 silly placeDep ROOT @unrs/resolver-binding-linux-riscv64-musl@1.11.1 OK for: unrs-resolver@1.11.1 want: 1.11.1
2388 silly placeDep ROOT @unrs/resolver-binding-linux-s390x-gnu@1.11.1 OK for: unrs-resolver@1.11.1 want: 1.11.1
2389 silly placeDep ROOT @unrs/resolver-binding-linux-x64-gnu@1.11.1 OK for: unrs-resolver@1.11.1 want: 1.11.1
2390 silly placeDep ROOT @unrs/resolver-binding-linux-x64-musl@1.11.1 OK for: unrs-resolver@1.11.1 want: 1.11.1
2391 silly placeDep ROOT @unrs/resolver-binding-wasm32-wasi@1.11.1 OK for: unrs-resolver@1.11.1 want: 1.11.1
2392 silly placeDep ROOT @unrs/resolver-binding-win32-arm64-msvc@1.11.1 OK for: unrs-resolver@1.11.1 want: 1.11.1
2393 silly placeDep ROOT @unrs/resolver-binding-win32-ia32-msvc@1.11.1 OK for: unrs-resolver@1.11.1 want: 1.11.1
2394 silly placeDep ROOT @unrs/resolver-binding-win32-x64-msvc@1.11.1 OK for: unrs-resolver@1.11.1 want: 1.11.1
2395 silly placeDep ROOT napi-postinstall@0.3.4 OK for: unrs-resolver@1.11.1 want: ^0.3.0
2396 silly fetch manifest @napi-rs/wasm-runtime@^0.2.11
2397 silly packumentCache full:https://registry.npmjs.org/@napi-rs%2fwasm-runtime cache-miss
2398 http fetch GET 200 https://registry.npmjs.org/@napi-rs%2fwasm-runtime 46ms (cache miss)
2399 silly packumentCache full:https://registry.npmjs.org/@napi-rs%2fwasm-runtime set size:undefined disposed:false
2400 silly placeDep ROOT @napi-rs/wasm-runtime@0.2.12 OK for: @unrs/resolver-binding-wasm32-wasi@1.11.1 want: ^0.2.11
2401 silly fetch manifest @emnapi/core@^1.4.3
2402 silly packumentCache full:https://registry.npmjs.org/@emnapi%2fcore cache-miss
2403 silly fetch manifest @tybys/wasm-util@^0.10.0
2404 silly packumentCache full:https://registry.npmjs.org/@tybys%2fwasm-util cache-miss
2405 http fetch GET 200 https://registry.npmjs.org/@tybys%2fwasm-util 43ms (cache miss)
2406 silly packumentCache full:https://registry.npmjs.org/@tybys%2fwasm-util set size:undefined disposed:false
2407 http fetch GET 200 https://registry.npmjs.org/@emnapi%2fcore 199ms (cache miss)
2408 silly packumentCache full:https://registry.npmjs.org/@emnapi%2fcore set size:undefined disposed:false
2409 silly placeDep ROOT @emnapi/core@1.8.1 OK for: @napi-rs/wasm-runtime@0.2.12 want: ^1.4.3
2410 silly placeDep ROOT @tybys/wasm-util@0.10.1 OK for: @napi-rs/wasm-runtime@0.2.12 want: ^0.10.0
2411 silly fetch manifest @emnapi/wasi-threads@1.1.0
2412 silly packumentCache full:https://registry.npmjs.org/@emnapi%2fwasi-threads cache-miss
2413 http fetch GET 200 https://registry.npmjs.org/@emnapi%2fwasi-threads 201ms (cache miss)
2414 silly packumentCache full:https://registry.npmjs.org/@emnapi%2fwasi-threads set size:undefined disposed:false
2415 silly placeDep ROOT @emnapi/wasi-threads@1.1.0 OK for: @emnapi/core@1.8.1 want: 1.1.0
2416 silly placeDep ROOT escalade@3.2.0 OK for: update-browserslist-db@1.2.3 want: ^3.2.0
2417 silly placeDep ROOT punycode@2.3.1 OK for: uri-js@4.4.1 want: ^2.1.0
2418 silly placeDep ROOT isexe@2.0.0 OK for: which@2.0.2 want: ^2.0.0
2419 silly placeDep ROOT is-bigint@1.1.0 OK for: which-boxed-primitive@1.1.1 want: ^1.1.0
2420 silly placeDep ROOT is-boolean-object@1.2.2 OK for: which-boxed-primitive@1.1.1 want: ^1.2.1
2421 silly placeDep ROOT is-number-object@1.1.1 OK for: which-boxed-primitive@1.1.1 want: ^1.1.1
2422 silly placeDep ROOT is-async-function@2.1.1 OK for: which-builtin-type@1.2.1 want: ^2.0.0
2423 silly placeDep ROOT is-finalizationregistry@1.1.1 OK for: which-builtin-type@1.2.1 want: ^1.1.0
2424 silly placeDep ROOT is-generator-function@1.1.2 OK for: which-builtin-type@1.2.1 want: ^1.0.10
2425 silly placeDep ROOT which-collection@1.0.2 OK for: which-builtin-type@1.2.1 want: ^1.0.2
2426 silly fetch manifest async-function@^1.0.0
2427 silly packumentCache full:https://registry.npmjs.org/async-function cache-miss
2428 silly fetch manifest generator-function@^2.0.0
2429 silly packumentCache full:https://registry.npmjs.org/generator-function cache-miss
2430 silly fetch manifest is-map@^2.0.3
2431 silly packumentCache full:https://registry.npmjs.org/is-map cache-miss
2432 silly fetch manifest is-weakmap@^2.0.2
2433 silly packumentCache full:https://registry.npmjs.org/is-weakmap cache-miss
2434 silly fetch manifest is-weakset@^2.0.3
2435 silly packumentCache full:https://registry.npmjs.org/is-weakset cache-miss
2436 http fetch GET 200 https://registry.npmjs.org/async-function 24ms (cache miss)
2437 silly packumentCache full:https://registry.npmjs.org/async-function set size:undefined disposed:false
2438 http fetch GET 200 https://registry.npmjs.org/is-weakmap 25ms (cache miss)
2439 silly packumentCache full:https://registry.npmjs.org/is-weakmap set size:undefined disposed:false
2440 http fetch GET 200 https://registry.npmjs.org/is-weakset 25ms (cache miss)
2441 silly packumentCache full:https://registry.npmjs.org/is-weakset set size:undefined disposed:false
2442 http fetch GET 200 https://registry.npmjs.org/is-map 27ms (cache miss)
2443 silly packumentCache full:https://registry.npmjs.org/is-map set size:undefined disposed:false
2444 http fetch GET 200 https://registry.npmjs.org/generator-function 37ms (cache miss)
2445 silly packumentCache full:https://registry.npmjs.org/generator-function set size:undefined disposed:false
2446 silly placeDep ROOT async-function@1.0.0 OK for: is-async-function@2.1.1 want: ^1.0.0
2447 silly placeDep ROOT generator-function@2.0.1 OK for: is-generator-function@1.1.2 want: ^2.0.0
2448 silly placeDep ROOT is-map@2.0.3 OK for: which-collection@1.0.2 want: ^2.0.3
2449 silly placeDep ROOT is-weakmap@2.0.2 OK for: which-collection@1.0.2 want: ^2.0.2
2450 silly placeDep ROOT is-weakset@2.0.4 OK for: which-collection@1.0.2 want: ^2.0.3
2451 silly placeDep node_modules/@typescript-eslint/typescript-estree brace-expansion@5.0.2 OK for: minimatch@9.0.6 want: ^5.0.2
2452 silly fetch manifest balanced-match@^4.0.2
2453 silly packumentCache full:https://registry.npmjs.org/balanced-match cache-miss
2454 http cache https://registry.npmjs.org/balanced-match 1ms (cache hit)
2455 silly packumentCache full:https://registry.npmjs.org/balanced-match set size:36751 disposed:false
2456 silly placeDep node_modules/@typescript-eslint/typescript-estree balanced-match@4.0.3 OK for: brace-expansion@5.0.2 want: ^4.0.2
2457 silly placeDep ROOT node-exports-info@1.6.0 OK for: resolve@2.0.0-next.6 want: ^1.6.0
2458 silly reify moves {}
2459 verbose stack Error: EPERM: operation not permitted, mkdir '/Users/chanhojung/ETF_One/frontend/node_modules'
2459 verbose stack     at async mkdir (node:internal/fs/promises:856:10)
2459 verbose stack     at async /Users/chanhojung/.nvm/versions/node/v24.13.0/lib/node_modules/npm/node_modules/@npmcli/arborist/lib/arborist/reify.js:576:20
2459 verbose stack     at async Promise.allSettled (index 0)
2459 verbose stack     at async [reifyPackages] (/Users/chanhojung/.nvm/versions/node/v24.13.0/lib/node_modules/npm/node_modules/@npmcli/arborist/lib/arborist/reify.js:313:11)
2459 verbose stack     at async Arborist.reify (/Users/chanhojung/.nvm/versions/node/v24.13.0/lib/node_modules/npm/node_modules/@npmcli/arborist/lib/arborist/reify.js:125:5)
2459 verbose stack     at async Install.exec (/Users/chanhojung/.nvm/versions/node/v24.13.0/lib/node_modules/npm/lib/commands/install.js:150:5)
2459 verbose stack     at async Npm.exec (/Users/chanhojung/.nvm/versions/node/v24.13.0/lib/node_modules/npm/lib/npm.js:208:9)
2459 verbose stack     at async module.exports (/Users/chanhojung/.nvm/versions/node/v24.13.0/lib/node_modules/npm/lib/cli/entry.js:67:5)
2460 error code EPERM
2461 error syscall mkdir
2462 error path /Users/chanhojung/ETF_One/frontend/node_modules
2463 error errno -1
2464 error Error: EPERM: operation not permitted, mkdir '/Users/chanhojung/ETF_One/frontend/node_modules'
2464 error     at async mkdir (node:internal/fs/promises:856:10)
2464 error     at async /Users/chanhojung/.nvm/versions/node/v24.13.0/lib/node_modules/npm/node_modules/@npmcli/arborist/lib/arborist/reify.js:576:20
2464 error     at async Promise.allSettled (index 0)
2464 error     at async [reifyPackages] (/Users/chanhojung/.nvm/versions/node/v24.13.0/lib/node_modules/npm/node_modules/@npmcli/arborist/lib/arborist/reify.js:313:11)
2464 error     at async Arborist.reify (/Users/chanhojung/.nvm/versions/node/v24.13.0/lib/node_modules/npm/node_modules/@npmcli/arborist/lib/arborist/reify.js:125:5)
2464 error     at async Install.exec (/Users/chanhojung/.nvm/versions/node/v24.13.0/lib/node_modules/npm/lib/commands/install.js:150:5)
2464 error     at async Npm.exec (/Users/chanhojung/.nvm/versions/node/v24.13.0/lib/node_modules/npm/lib/npm.js:208:9)
2464 error     at async module.exports (/Users/chanhojung/.nvm/versions/node/v24.13.0/lib/node_modules/npm/lib/cli/entry.js:67:5) {
2464 error   errno: -1,
2464 error   code: 'EPERM',
2464 error   syscall: 'mkdir',
2464 error   path: '/Users/chanhojung/ETF_One/frontend/node_modules'
2464 error }
2465 error
2465 error The operation was rejected by your operating system.
2465 error It is likely you do not have the permissions to access this file as the current user
2465 error
2465 error If you believe this might be a permissions issue, please double-check the
2465 error permissions of the file and its containing directories, or try running
2465 error the command again as root/Administrator.
2466 silly unfinished npm timer reify 1771755539771
2467 silly unfinished npm timer reify:createSparse 1771755549485
2468 verbose cwd /Users/chanhojung/ETF_One/frontend
2469 verbose os Darwin 25.3.0
2470 verbose node v24.13.0
2471 verbose npm  v11.6.2
2472 notice
2472 notice New [33mminor[39m version of npm available! [33m11.6.2[39m -> [34m11.10.1[39m
2472 notice Changelog: [34mhttps://github.com/npm/cli/releases/tag/v11.10.1[39m
2472 notice To update run: [4mnpm install -g npm@11.10.1[24m
2472 notice  { force: true, Symbol(proc-log.meta): true }
2473 verbose exit -1
2474 verbose code -1
2475 error A complete log of this run can be found in: /Users/chanhojung/ETF_One/frontend/.npm-cache/_logs/2026-02-22T10_18_59_475Z-debug-0.log
